"abad","1","Bahasa Bali","Bali"
"abadi","2","Bahasa Bali","Bali"
"abang","3","Bahasa Bali","Bali"
"acak","4","Bahasa Bali","Bali"
"acara","5","Bahasa Bali","Bali"
"acaranya","5","Bahasa Bali","Bali"
"ada","5","Bahasa Bali","Bali"
"adu","5","Bahasa Bali","Bali"
"agak","5","Bahasa Bali","Bali"
"agar","5","Bahasa Bali","Bali"
"air","5","Bahasa Bali","Bali"
"ajaran","5","Bahasa Bali","Bali"
"akal","5","Bahasa Bali","Bali"
"akan","5","Bahasa Bali","Bali"
"akar","5","Bahasa Bali","Bali"
"akhir","5","Bahasa Bali","Bali"
"akhirat","5","Bahasa Bali","Bali"
"akhirnya","5","Bahasa Bali","Bali"
"akibat","5","Bahasa Bali","Bali"
"aktif","5","Bahasa Bali","Bali"
"akun","5","Bahasa Bali","Bali"
"akur","5","Bahasa Bali","Bali"
"alam","5","Bahasa Bali","Bali"
"alamat","5","Bahasa Bali","Bali"
"aman","5","Bahasa Bali","Bali"
"amanah","5","Bahasa Bali","Bali"
"anak","5","Bahasa Bali","Bali"
"anak-anak","5","Bahasa Bali","Bali"
"anggota","5","Bahasa Bali","Bali"
"angsa","5","Bahasa Bali","Bali"
"anjing","5","Bahasa Bali","Bali"
"anting","5","Bahasa Bali","Bali"
"antri","5","Bahasa Bali","Bali"
"anugerah","5","Bahasa Bali","Bali"
"apa","5","Bahasa Bali","Bali"
"api","5","Bahasa Bali","Bali"
"asin","5","Bahasa Bali","Bali"
"asing","5","Bahasa Bali","Bali"
"asli","5","Bahasa Bali","Bali"
"aslinya","5","Bahasa Bali","Bali"
"asri","5","Bahasa Bali","Bali"
"asyik","5","Bahasa Bali","Bali"
"atap","5","Bahasa Bali","Bali"
"atas","5","Bahasa Bali","Bali"
"atlet","5","Bahasa Bali","Bali"
"awet","5","Bahasa Bali","Bali"
"ayah","5","Bahasa Bali","Bali"
"ayahnya","5","Bahasa Bali","Bali"
"ayam","5","Bahasa Bali","Bali"
"ayo","5","Bahasa Bali","Bali"
"babak","5","Bahasa Bali","Bali"
"babi","5","Bahasa Bali","Bali"
"bacaan","5","Bahasa Bali","Bali"
"bada","5","Bahasa Bali","Bali"
"badakÂ ","5","Bahasa Bali","Bali"
"bagian","5","Bahasa Bali","Bali"
"bagus","5","Bahasa Bali","Bali"
"bahagia","5","Bahasa Bali","Bali"
"bahan","5","Bahasa Bali","Bali"
"bahasa","5","Bahasa Bali","Bali"
"bahkan","5","Bahasa Bali","Bali"
"baik","5","Bahasa Bali","Bali"
"baiknya","5","Bahasa Bali","Bali"
"bait","5","Bahasa Bali","Bali"
"baja","5","Bahasa Bali","Bali"
"baju","5","Bahasa Bali","Bali"
"bakal","5","Bahasa Bali","Bali"
"bakar","5","Bahasa Bali","Bali"
"bakat","5","Bahasa Bali","Bali"
"bakti","5","Bahasa Bali","Bali"
"balai","5","Bahasa Bali","Bali"
"balas","5","Bahasa Bali","Bali"
"balasan","5","Bahasa Bali","Bali"
"balik","5","Bahasa Bali","Bali"
"bambu","5","Bahasa Bali","Bali"
"banding","5","Bahasa Bali","Bali"
"banget","5","Bahasa Bali","Bali"
"bangga","5","Bahasa Bali","Bali"
"bangganya","5","Bahasa Bali","Bali"
"bangkai","5","Bahasa Bali","Bali"
"bangkit","5","Bahasa Bali","Bali"
"bangsa","5","Bahasa Bali","Bali"
"bangunan","5","Bahasa Bali","Bali"
"banjir","5","Bahasa Bali","Bali"
"bank","5","Bahasa Bali","Bali"
"banteng","5","Bahasa Bali","Bali"
"banting","5","Bahasa Bali","Bali"
"bantingan","5","Bahasa Bali","Bali"
"bantu","5","Bahasa Bali","Bali"
"bantuan","5","Bahasa Bali","Bali"
"banyak","5","Bahasa Bali","Bali"
"bapak","5","Bahasa Bali","Bali"
"barang","5","Bahasa Bali","Bali"
"barangkali","5","Bahasa Bali","Bali"
"basi","5","Bahasa Bali","Bali"
"batuk","5","Bahasa Bali","Bali"
"bau","5","Bahasa Bali","Bali"
"bawah","5","Bahasa Bali","Bali"
"Bawang Merah","5","Bahasa Bali","Bali"
"Bawang Putih","5","Bahasa Bali","Bali"
"bayi","5","Bahasa Bali","Bali"
"beban","5","Bahasa Bali","Bali"
"bebas","5","Bahasa Bali","Bali"
"bekerja","5","Bahasa Bali","Bali"
"belajar","5","Bahasa Bali","Bali"
"belalang","5","Bahasa Bali","Bali"
"belanja","5","Bahasa Bali","Bali"
"belasan","5","Bahasa Bali","Bali"
"beli","5","Bahasa Bali","Bali"
"belum","5","Bahasa Bali","Bali"
"bencana","5","Bahasa Bali","Bali"
"benda","5","Bahasa Bali","Bali"
"bendera","5","Bahasa Bali","Bali"
"benih","5","Bahasa Bali","Bali"
"bentuk","5","Bahasa Bali","Bali"
"beradu","5","Bahasa Bali","Bali"
"beragam","5","Bahasa Bali","Bali"
"berair","5","Bahasa Bali","Bali"
"beraksi","5","Bahasa Bali","Bali"
"berang-berang","5","Bahasa Bali","Bali"
"berani","5","Bahasa Bali","Bali"
"berantakan","5","Bahasa Bali","Bali"
"berapa","5","Bahasa Bali","Bali"
"berapi","5","Bahasa Bali","Bali"
"berarti","5","Bahasa Bali","Bali"
"beras","5","Bahasa Bali","Bali"
"berat","5","Bahasa Bali","Bali"
"berayun","5","Bahasa Bali","Bali"
"berbagai","5","Bahasa Bali","Bali"
"berbagi","5","Bahasa Bali","Bali"
"berbahaya","5","Bahasa Bali","Bali"
"berbakti","5","Bahasa Bali","Bali"
"berbantah","5","Bahasa Bali","Bali"
"berbantahan","5","Bahasa Bali","Bali"
"berbarengan","5","Bahasa Bali","Bali"
"berbekal","5","Bahasa Bali","Bali"
"berbisnis","5","Bahasa Bali","Bali"
"berburu","5","Bahasa Bali","Bali"
"bercakap","5","Bahasa Bali","Bali"
"berceceran","5","Bahasa Bali","Bali"
"bercengkrama","5","Bahasa Bali","Bali"
"bercerai","5","Bahasa Bali","Bali"
"bercermin","5","Bahasa Bali","Bali"
"bercocok tanam","5","Bahasa Bali","Bali"
"berdasar","5","Bahasa Bali","Bali"
"berdecak","5","Bahasa Bali","Bali"
"berdekatan","5","Bahasa Bali","Bali"
"berdering","5","Bahasa Bali","Bali"
"berdikari","5","Bahasa Bali","Bali"
"berdiri","5","Bahasa Bali","Bali"
"berdua","5","Bahasa Bali","Bali"
"berduaan","5","Bahasa Bali","Bali"
"beres","5","Bahasa Bali","Bali"
"berfikir","5","Bahasa Bali","Bali"
"berganti","5","Bahasa Bali","Bali"
"bergelar","5","Bahasa Bali","Bali"
"bergerak","5","Bahasa Bali","Bali"
"berharap","5","Bahasa Bali","Bali"
"berhenti","5","Bahasa Bali","Bali"
"beri","5","Bahasa Bali","Bali"
"beringas","5","Bahasa Bali","Bali"
"berisi","5","Bahasa Bali","Bali"
"berjuang","5","Bahasa Bali","Bali"
"berjumpa","5","Bahasa Bali","Bali"
"berlari","5","Bahasa Bali","Bali"
"bermain","5","Bahasa Bali","Bali"
"beruang","5","Bahasa Bali","Bali"
"biawak","5","Bahasa Bali","Bali"
"Binatang","5","Bahasa Bali","Bali"
"Biru","5","Bahasa Bali","Bali"
"Buah-buahan","5","Bahasa Bali","Bali"
"buaya","5","Bahasa Bali","Bali"
"Buku","5","Bahasa Bali","Bali"
"bunda","5","Bahasa Bali","Bali"
"bunga","5","Bahasa Bali","Bali"
"bungkam","5","Bahasa Bali","Bali"
"bungkuk","5","Bahasa Bali","Bali"
"bungkus","5","Bahasa Bali","Bali"
"bungkusnya","5","Bahasa Bali","Bali"
"bunglon","5","Bahasa Bali","Bali"
"bungsu","5","Bahasa Bali","Bali"
"bunyi","5","Bahasa Bali","Bali"
"buram","5","Bahasa Bali","Bali"
"buruh","5","Bahasa Bali","Bali"
"burung","5","Bahasa Bali","Bali"
"buta","5","Bahasa Bali","Bali"
"cabai","5","Bahasa Bali","Bali"
"cabang","5","Bahasa Bali","Bali"
"cacat","5","Bahasa Bali","Bali"
"cacing","5","Bahasa Bali","Bali"
"cadangan","5","Bahasa Bali","Bali"
"cahaya","5","Bahasa Bali","Bali"
"cakap","5","Bahasa Bali","Bali"
"cakupan","5","Bahasa Bali","Bali"
"calon","5","Bahasa Bali","Bali"
"campur","5","Bahasa Bali","Bali"
"campuran","5","Bahasa Bali","Bali"
"capung","5","Bahasa Bali","Bali"
"cara","5","Bahasa Bali","Bali"
"cari","5","Bahasa Bali","Bali"
"cecak","5","Bahasa Bali","Bali"
"cemberut","5","Bahasa Bali","Bali"
"cerdas","5","Bahasa Bali","Bali"
"cicit","5","Bahasa Bali","Bali"
"cincin","5","Bahasa Bali","Bali"
"cinta","5","Bahasa Bali","Bali"
"Coklat","5","Bahasa Bali","Bali"
"cucu","5","Bahasa Bali","Bali"
"dalam","5","Bahasa Bali","Bali"
"dapat","5","Bahasa Bali","Bali"
"dapur","5","Bahasa Bali","Bali"
"debug","5","Bahasa Bali","Bali"
"delta","5","Bahasa Bali","Bali"
"dermawan","5","Bahasa Bali","Bali"
"desain","5","Bahasa Bali","Bali"
"detail","5","Bahasa Bali","Bali"
"doktor","5","Bahasa Bali","Bali"
"doktrin","5","Bahasa Bali","Bali"
"dokumen","5","Bahasa Bali","Bali"
"domba","5","Bahasa Bali","Bali"
"dosa","5","Bahasa Bali","Bali"
"duanya","5","Bahasa Bali","Bali"
"dubur","5","Bahasa Bali","Bali"
"duda","5","Bahasa Bali","Bali"
"duduk","5","Bahasa Bali","Bali"
"duitnya","5","Bahasa Bali","Bali"
"dukung","5","Bahasa Bali","Bali"
"dulunya","5","Bahasa Bali","Bali"
"dunia","5","Bahasa Bali","Bali"
"edarkan","5","Bahasa Bali","Bali"
"ekor","5","Bahasa Bali","Bali"
"Emas","5","Bahasa Bali","Bali"
"embun","5","Bahasa Bali","Bali"
"empat","5","Bahasa Bali","Bali"
"empedu","5","Bahasa Bali","Bali"
"empuk","5","Bahasa Bali","Bali"
"enak","5","Bahasa Bali","Bali"
"erat","5","Bahasa Bali","Bali"
"fasih","5","Bahasa Bali","Bali"
"februari","5","Bahasa Bali","Bali"
"foto","5","Bahasa Bali","Bali"
"fotonya","5","Bahasa Bali","Bali"
"gajah","5","Bahasa Bali","Bali"
"ganda","5","Bahasa Bali","Bali"
"ganteng","5","Bahasa Bali","Bali"
"garis","5","Bahasa Bali","Bali"
"gelang","5","Bahasa Bali","Bali"
"gerhana","5","Bahasa Bali","Bali"
"geser","5","Bahasa Bali","Bali"
"gesit","5","Bahasa Bali","Bali"
"gigi","5","Bahasa Bali","Bali"
"gila","5","Bahasa Bali","Bali"
"Gitar","5","Bahasa Bali","Bali"
"golok","5","Bahasa Bali","Bali"
"gorila","5","Bahasa Bali","Bali"
"gratisan","5","Bahasa Bali","Bali"
"gudang","5","Bahasa Bali","Bali"
"gula","5","Bahasa Bali","Bali"
"gulat","5","Bahasa Bali","Bali"
"gunanya","5","Bahasa Bali","Bali"
"guncang","5","Bahasa Bali","Bali"
"gunung","5","Bahasa Bali","Bali"
"gurih","5","Bahasa Bali","Bali"
"guru","5","Bahasa Bali","Bali"
"habis","5","Bahasa Bali","Bali"
"habis-habisan","5","Bahasa Bali","Bali"
"habiskan","5","Bahasa Bali","Bali"
"hadapi","5","Bahasa Bali","Bali"
"hadir","5","Bahasa Bali","Bali"
"hajat","5","Bahasa Bali","Bali"
"haji","5","Bahasa Bali","Bali"
"hak","5","Bahasa Bali","Bali"
"hakim","5","Bahasa Bali","Bali"
"hal","5","Bahasa Bali","Bali"
"halangi","5","Bahasa Bali","Bali"
"hambatan","5","Bahasa Bali","Bali"
"hangat","5","Bahasa Bali","Bali"
"hanyut","5","Bahasa Bali","Bali"
"harga","5","Bahasa Bali","Bali"
"harimau","5","Bahasa Bali","Bali"
"harimau/macan","5","Bahasa Bali","Bali"
"harinya","5","Bahasa Bali","Bali"
"harum","5","Bahasa Bali","Bali"
"harus","5","Bahasa Bali","Bali"
"hasilnya","5","Bahasa Bali","Bali"
"hati","5","Bahasa Bali","Bali"
"hati-hati","5","Bahasa Bali","Bali"
"hendak","5","Bahasa Bali","Bali"
"hendaknya","5","Bahasa Bali","Bali"
"herbivora","5","Bahasa Bali","Bali"
"heroik","5","Bahasa Bali","Bali"
"Hewan Peliharaan","5","Bahasa Bali","Bali"
"hiburan","5","Bahasa Bali","Bali"
"hidup","5","Bahasa Bali","Bali"
"hidupnya","5","Bahasa Bali","Bali"
"Hijau","5","Bahasa Bali","Bali"
"hikmah","5","Bahasa Bali","Bali"
"hitam","5","Bahasa Bali","Bali"
"hitung","5","Bahasa Bali","Bali"
"hiu","5","Bahasa Bali","Bali"
"honor","5","Bahasa Bali","Bali"
"hormat","5","Bahasa Bali","Bali"
"hotel","5","Bahasa Bali","Bali"
"ikan","5","Bahasa Bali","Bali"
"ingin","5","Bahasa Bali","Bali"
"intinya","5","Bahasa Bali","Bali"
"istana","5","Bahasa Bali","Bali"
"isteri","5","Bahasa Bali","Bali"
"istirahat","5","Bahasa Bali","Bali"
"istri","5","Bahasa Bali","Bali"
"izin","5","Bahasa Bali","Bali"
"jadi","5","Bahasa Bali","Bali"
"jadwal","5","Bahasa Bali","Bali"
"jagat","5","Bahasa Bali","Bali"
"jago","5","Bahasa Bali","Bali"
"Jahe","5","Bahasa Bali","Bali"
"jahil","5","Bahasa Bali","Bali"
"jahit","5","Bahasa Bali","Bali"
"jajahan","5","Bahasa Bali","Bali"
"jajaran","5","Bahasa Bali","Bali"
"Jakarta","5","Bahasa Bali","Bali"
"jalan","5","Bahasa Bali","Bali"
"jalani","5","Bahasa Bali","Bali"
"jalankan","5","Bahasa Bali","Bali"
"jamur","5","Bahasa Bali","Bali"
"janda","5","Bahasa Bali","Bali"
"jangan","5","Bahasa Bali","Bali"
"jangankan","5","Bahasa Bali","Bali"
"jantan","5","Bahasa Bali","Bali"
"jari","5","Bahasa Bali","Bali"
"jaringan","5","Bahasa Bali","Bali"
"jatuh","5","Bahasa Bali","Bali"
"jawabnya","5","Bahasa Bali","Bali"
"jelantah","5","Bahasa Bali","Bali"
"jelek","5","Bahasa Bali","Bali"
"Jenis Kain","5","Bahasa Bali","Bali"
"jenis kelamin","5","Bahasa Bali","Bali"
"jera","5","Bahasa Bali","Bali"
"jerapah","5","Bahasa Bali","Bali"
"Jeruk","5","Bahasa Bali","Bali"
"Jeruk Nipis","5","Bahasa Bali","Bali"
"Jeruk Purut","5","Bahasa Bali","Bali"
"jewer","5","Bahasa Bali","Bali"
"kagum","5","Bahasa Bali","Bali"
"kail","5","Bahasa Bali","Bali"
"karena","5","Bahasa Bali","Bali"
"kebanyakan","5","Bahasa Bali","Bali"
"kebijakan","5","Bahasa Bali","Bali"
"kecintaan","5","Bahasa Bali","Bali"
"kediaman","5","Bahasa Bali","Bali"
"kedipan","5","Bahasa Bali","Bali"
"kedudukan","5","Bahasa Bali","Bali"
"kehilangan","5","Bahasa Bali","Bali"
"kehilangan/kalah","5","Bahasa Bali","Bali"
"kehormatan","5","Bahasa Bali","Bali"
"kehutanan","5","Bahasa Bali","Bali"
"kejam","5","Bahasa Bali","Bali"
"kejar","5","Bahasa Bali","Bali"
"kekacauan","5","Bahasa Bali","Bali"
"kekar","5","Bahasa Bali","Bali"
"kekayaan","5","Bahasa Bali","Bali"
"kekhawatiran","5","Bahasa Bali","Bali"
"kelak","5","Bahasa Bali","Bali"
"kelas","5","Bahasa Bali","Bali"
"keledai","5","Bahasa Bali","Bali"
"kelelawar","5","Bahasa Bali","Bali"
"kelihatan","5","Bahasa Bali","Bali"
"kelihatannya","5","Bahasa Bali","Bali"
"keliling","5","Bahasa Bali","Bali"
"kelima","5","Bahasa Bali","Bali"
"kelinci","5","Bahasa Bali","Bali"
"keliru","5","Bahasa Bali","Bali"
"kelompok","5","Bahasa Bali","Bali"
"keluar","5","Bahasa Bali","Bali"
"kelurahan","5","Bahasa Bali","Bali"
"keluyuran","5","Bahasa Bali","Bali"
"kemampuan","5","Bahasa Bali","Bali"
"kemandirian","5","Bahasa Bali","Bali"
"kemarau","5","Bahasa Bali","Bali"
"kematian","5","Bahasa Bali","Bali"
"kembali","5","Bahasa Bali","Bali"
"kemekaran","5","Bahasa Bali","Bali"
"Kemiri","5","Bahasa Bali","Bali"
"kendaraan","5","Bahasa Bali","Bali"
"kendati","5","Bahasa Bali","Bali"
"kental","5","Bahasa Bali","Bali"
"kentut","5","Bahasa Bali","Bali"
"kepadanya","5","Bahasa Bali","Bali"
"kepal","5","Bahasa Bali","Bali"
"kepala","5","Bahasa Bali","Bali"
"kepiting","5","Bahasa Bali","Bali"
"kera/monyet","5","Bahasa Bali","Bali"
"kerudung","5","Bahasa Bali","Bali"
"kerusakan","5","Bahasa Bali","Bali"
"kerusakannya","5","Bahasa Bali","Bali"
"kesadaran","5","Bahasa Bali","Bali"
"kesal","5","Bahasa Bali","Bali"
"kesalahan","5","Bahasa Bali","Bali"
"kesejahteraan","5","Bahasa Bali","Bali"
"keselamatan","5","Bahasa Bali","Bali"
"Ketumbar","5","Bahasa Bali","Bali"
"kewajiban","5","Bahasa Bali","Bali"
"kewalahan","5","Bahasa Bali","Bali"
"keyakinan","5","Bahasa Bali","Bali"
"kiamat","5","Bahasa Bali","Bali"
"kidal","5","Bahasa Bali","Bali"
"kilometer","5","Bahasa Bali","Bali"
"kiosnya","5","Bahasa Bali","Bali"
"kira","5","Bahasa Bali","Bali"
"kiranya","5","Bahasa Bali","Bali"
"kiri","5","Bahasa Bali","Bali"
"kirim","5","Bahasa Bali","Bali"
"kita","5","Bahasa Bali","Bali"
"kodok","5","Bahasa Bali","Bali"
"kok","5","Bahasa Bali","Bali"
"kolom","5","Bahasa Bali","Bali"
"koma","5","Bahasa Bali","Bali"
"Kopi","5","Bahasa Bali","Bali"
"korosi","5","Bahasa Bali","Bali"
"krisis","5","Bahasa Bali","Bali"
"kristen","5","Bahasa Bali","Bali"
"kritik","5","Bahasa Bali","Bali"
"kritis","5","Bahasa Bali","Bali"
"kuasa","5","Bahasa Bali","Bali"
"kuatir","5","Bahasa Bali","Bali"
"kucing","5","Bahasa Bali","Bali"
"kuda","5","Bahasa Bali","Bali"
"kudeta","5","Bahasa Bali","Bali"
"kue","5","Bahasa Bali","Bali"
"kukuh","5","Bahasa Bali","Bali"
"kulum","5","Bahasa Bali","Bali"
"kumpul","5","Bahasa Bali","Bali"
"kumur","5","Bahasa Bali","Bali"
"kunang-kunang","5","Bahasa Bali","Bali"
"kunci","5","Bahasa Bali","Bali"
"kuning","5","Bahasa Bali","Bali"
"Kunyit","5","Bahasa Bali","Bali"
"kura-kura","5","Bahasa Bali","Bali"
"kurang","5","Bahasa Bali","Bali"
"kurus","5","Bahasa Bali","Bali"
"kusut","5","Bahasa Bali","Bali"
"laba-laba","5","Bahasa Bali","Bali"
"lagu","5","Bahasa Bali","Bali"
"lagunya","5","Bahasa Bali","Bali"
"lahan","5","Bahasa Bali","Bali"
"lahannya","5","Bahasa Bali","Bali"
"lahir","5","Bahasa Bali","Bali"
"lain","5","Bahasa Bali","Bali"
"lainnya","5","Bahasa Bali","Bali"
"laksamana","5","Bahasa Bali","Bali"
"laku","5","Bahasa Bali","Bali"
"lakukan","5","Bahasa Bali","Bali"
"lalu","5","Bahasa Bali","Bali"
"lalu lintas","5","Bahasa Bali","Bali"
"lama","5","Bahasa Bali","Bali"
"lancip","5","Bahasa Bali","Bali"
"langganan","5","Bahasa Bali","Bali"
"langit","5","Bahasa Bali","Bali"
"langka","5","Bahasa Bali","Bali"
"langkah","5","Bahasa Bali","Bali"
"langkahi","5","Bahasa Bali","Bali"
"lanjut","5","Bahasa Bali","Bali"
"lanjutnya","5","Bahasa Bali","Bali"
"lari","5","Bahasa Bali","Bali"
"laron","5","Bahasa Bali","Bali"
"latar","5","Bahasa Bali","Bali"
"layak","5","Bahasa Bali","Bali"
"lebah","5","Bahasa Bali","Bali"
"lebar","5","Bahasa Bali","Bali"
"lega","5","Bahasa Bali","Bali"
"leher","5","Bahasa Bali","Bali"
"lelah","5","Bahasa Bali","Bali"
"lelaki","5","Bahasa Bali","Bali"
"leluasa","5","Bahasa Bali","Bali"
"leluhur","5","Bahasa Bali","Bali"
"lemari","5","Bahasa Bali","Bali"
"lembab","5","Bahasa Bali","Bali"
"lempar","5","Bahasa Bali","Bali"
"lengah","5","Bahasa Bali","Bali"
"lengang","5","Bahasa Bali","Bali"
"lengkap","5","Bahasa Bali","Bali"
"lengkapnya","5","Bahasa Bali","Bali"
"lengkong","5","Bahasa Bali","Bali"
"lengkuas","5","Bahasa Bali","Bali"
"lengkung","5","Bahasa Bali","Bali"
"lepas","5","Bahasa Bali","Bali"
"letkol","5","Bahasa Bali","Bali"
"letnan","5","Bahasa Bali","Bali"
"licik","5","Bahasa Bali","Bali"
"lidah","5","Bahasa Bali","Bali"
"lihat","5","Bahasa Bali","Bali"
"lingkaran","5","Bahasa Bali","Bali"
"lipat","5","Bahasa Bali","Bali"
"lokasi","5","Bahasa Bali","Bali"
"lomba","5","Bahasa Bali","Bali"
"loncat","5","Bahasa Bali","Bali"
"longgar","5","Bahasa Bali","Bali"
"luar","5","Bahasa Bali","Bali"
"luar biasa","5","Bahasa Bali","Bali"
"lubang","5","Bahasa Bali","Bali"
"lucu","5","Bahasa Bali","Bali"
"luka","5","Bahasa Bali","Bali"
"luka berat","5","Bahasa Bali","Bali"
"lulus","5","Bahasa Bali","Bali"
"lulusan","5","Bahasa Bali","Bali"
"lumayan","5","Bahasa Bali","Bali"
"lumba-lumba","5","Bahasa Bali","Bali"
"lumut","5","Bahasa Bali","Bali"
"lunak","5","Bahasa Bali","Bali"
"lunas","5","Bahasa Bali","Bali"
"luntur","5","Bahasa Bali","Bali"
"lupa","5","Bahasa Bali","Bali"
"lusa","5","Bahasa Bali","Bali"
"lutut","5","Bahasa Bali","Bali"
"maaf","5","Bahasa Bali","Bali"
"mabuk","5","Bahasa Bali","Bali"
"macam","5","Bahasa Bali","Bali"
"madya","5","Bahasa Bali","Bali"
"Magenta","5","Bahasa Bali","Bali"
"maghrib","5","Bahasa Bali","Bali"
"mahal","5","Bahasa Bali","Bali"
"mahasiswa","5","Bahasa Bali","Bali"
"mahir","5","Bahasa Bali","Bali"
"malam","5","Bahasa Bali","Bali"
"malas","5","Bahasa Bali","Bali"
"mancung","5","Bahasa Bali","Bali"
"mandek","5","Bahasa Bali","Bali"
"mandi","5","Bahasa Bali","Bali"
"manfaat","5","Bahasa Bali","Bali"
"manfaatnya","5","Bahasa Bali","Bali"
"manggis","5","Bahasa Bali","Bali"
"manis","5","Bahasa Bali","Bali"
"manja","5","Bahasa Bali","Bali"
"manusia","5","Bahasa Bali","Bali"
"manyun","5","Bahasa Bali","Bali"
"marah","5","Bahasa Bali","Bali"
"martabat","5","Bahasa Bali","Bali"
"masa","5","Bahasa Bali","Bali"
"masing","5","Bahasa Bali","Bali"
"masjid","5","Bahasa Bali","Bali"
"maskawin","5","Bahasa Bali","Bali"
"massa","5","Bahasa Bali","Bali"
"masuk","5","Bahasa Bali","Bali"
"masyarakat","5","Bahasa Bali","Bali"
"mata","5","Bahasa Bali","Bali"
"matahari","5","Bahasa Bali","Bali"
"matanya","5","Bahasa Bali","Bali"
"Mawar","5","Bahasa Bali","Bali"
"maya","5","Bahasa Bali","Bali"
"media","5","Bahasa Bali","Bali"
"medis","5","Bahasa Bali","Bali"
"mei","5","Bahasa Bali","Bali"
"meja","5","Bahasa Bali","Bali"
"mekanik","5","Bahasa Bali","Bali"
"mekaniknya","5","Bahasa Bali","Bali"
"mekar","5","Bahasa Bali","Bali"
"melacur","5","Bahasa Bali","Bali"
"melakukan","5","Bahasa Bali","Bali"
"melanda","5","Bahasa Bali","Bali"
"melanggar","5","Bahasa Bali","Bali"
"melanjutkan","5","Bahasa Bali","Bali"
"melantik","5","Bahasa Bali","Bali"
"melarikan","5","Bahasa Bali","Bali"
"melayani","5","Bahasa Bali","Bali"
"melecehkan","5","Bahasa Bali","Bali"
"melekat","5","Bahasa Bali","Bali"
"meleleh","5","Bahasa Bali","Bali"
"melengkung","5","Bahasa Bali","Bali"
"melengkungkan","5","Bahasa Bali","Bali"
"melepaskan","5","Bahasa Bali","Bali"
"meletakkan","5","Bahasa Bali","Bali"
"meletus","5","Bahasa Bali","Bali"
"melihat","5","Bahasa Bali","Bali"
"melihat-lihat","5","Bahasa Bali","Bali"
"melindungi","5","Bahasa Bali","Bali"
"meliputi","5","Bahasa Bali","Bali"
"melotot","5","Bahasa Bali","Bali"
"melunakkan","5","Bahasa Bali","Bali"
"melupakan","5","Bahasa Bali","Bali"
"memadai","5","Bahasa Bali","Bali"
"memagari","5","Bahasa Bali","Bali"
"memahami","5","Bahasa Bali","Bali"
"memakai","5","Bahasa Bali","Bali"
"memakainya","5","Bahasa Bali","Bali"
"memalukan","5","Bahasa Bali","Bali"
"memancing","5","Bahasa Bali","Bali"
"memandang","5","Bahasa Bali","Bali"
"memanggang","5","Bahasa Bali","Bali"
"memanggil/menelpon","5","Bahasa Bali","Bali"
"memanjakan","5","Bahasa Bali","Bali"
"memantau","5","Bahasa Bali","Bali"
"memarahi","5","Bahasa Bali","Bali"
"memastikan","5","Bahasa Bali","Bali"
"memasukkan","5","Bahasa Bali","Bali"
"mematuk","5","Bahasa Bali","Bali"
"membaca","5","Bahasa Bali","Bali"
"membacanya","5","Bahasa Bali","Bali"
"membangkang","5","Bahasa Bali","Bali"
"membangun","5","Bahasa Bali","Bali"
"membantah","5","Bahasa Bali","Bali"
"membantu","5","Bahasa Bali","Bali"
"membara","5","Bahasa Bali","Bali"
"membasuh","5","Bahasa Bali","Bali"
"membatas","5","Bahasa Bali","Bali"
"membawa","5","Bahasa Bali","Bali"
"membayar","5","Bahasa Bali","Bali"
"membeku","5","Bahasa Bali","Bali"
"membeli","5","Bahasa Bali","Bali"
"membendung","5","Bahasa Bali","Bali"
"membentak","5","Bahasa Bali","Bali"
"memberantas","5","Bahasa Bali","Bali"
"memberi","5","Bahasa Bali","Bali"
"memberitakan","5","Bahasa Bali","Bali"
"membiarkan","5","Bahasa Bali","Bali"
"membicarakan","5","Bahasa Bali","Bali"
"membidik","5","Bahasa Bali","Bali"
"membuat","5","Bahasa Bali","Bali"
"membuatkan","5","Bahasa Bali","Bali"
"membuka","5","Bahasa Bali","Bali"
"membutuhkan","5","Bahasa Bali","Bali"
"memegang","5","Bahasa Bali","Bali"
"memelintir","5","Bahasa Bali","Bali"
"memendekkan","5","Bahasa Bali","Bali"
"memenuhi","5","Bahasa Bali","Bali"
"memenuhinya","5","Bahasa Bali","Bali"
"memerangi","5","Bahasa Bali","Bali"
"memeras","5","Bahasa Bali","Bali"
"memercik","5","Bahasa Bali","Bali"
"memerlukan","5","Bahasa Bali","Bali"
"memesan","5","Bahasa Bali","Bali"
"memikirkannya","5","Bahasa Bali","Bali"
"memikul","5","Bahasa Bali","Bali"
"memilih","5","Bahasa Bali","Bali"
"memimpin","5","Bahasa Bali","Bali"
"meminta","5","Bahasa Bali","Bali"
"meminum","5","Bahasa Bali","Bali"
"memisahkan","5","Bahasa Bali","Bali"
"memotong","5","Bahasa Bali","Bali"
"mempelajari","5","Bahasa Bali","Bali"
"mempengaruhi","5","Bahasa Bali","Bali"
"memperbolehkannya","5","Bahasa Bali","Bali"
"mempercayai","5","Bahasa Bali","Bali"
"mempercayakan","5","Bahasa Bali","Bali"
"memperingati","5","Bahasa Bali","Bali"
"memperkenalkan","5","Bahasa Bali","Bali"
"memperkuat","5","Bahasa Bali","Bali"
"mempersiapkan","5","Bahasa Bali","Bali"
"mempertanyakan","5","Bahasa Bali","Bali"
"menabuh","5","Bahasa Bali","Bali"
"menagih","5","Bahasa Bali","Bali"
"menahan","5","Bahasa Bali","Bali"
"menambah","5","Bahasa Bali","Bali"
"menampilkan","5","Bahasa Bali","Bali"
"menampung","5","Bahasa Bali","Bali"
"menampungnya","5","Bahasa Bali","Bali"
"menanam","5","Bahasa Bali","Bali"
"menancap","5","Bahasa Bali","Bali"
"menancapkan","5","Bahasa Bali","Bali"
"menciptakan","5","Bahasa Bali","Bali"
"mencoba","5","Bahasa Bali","Bali"
"mendapat","5","Bahasa Bali","Bali"
"mendengar","5","Bahasa Bali","Bali"
"mendukung","5","Bahasa Bali","Bali"
"menemui","5","Bahasa Bali","Bali"
"menemukan","5","Bahasa Bali","Bali"
"menerapkan","5","Bahasa Bali","Bali"
"menerima","5","Bahasa Bali","Bali"
"menerpa","5","Bahasa Bali","Bali"
"menetes","5","Bahasa Bali","Bali"
"mengantongi","5","Bahasa Bali","Bali"
"mengapa","5","Bahasa Bali","Bali"
"mengarak","5","Bahasa Bali","Bali"
"mengatakan","5","Bahasa Bali","Bali"
"mengatasi","5","Bahasa Bali","Bali"
"mengayun","5","Bahasa Bali","Bali"
"mengebutkan","5","Bahasa Bali","Bali"
"mengecek","5","Bahasa Bali","Bali"
"mengecer","5","Bahasa Bali","Bali"
"mengecewakan","5","Bahasa Bali","Bali"
"mengeduk","5","Bahasa Bali","Bali"
"mengejar","5","Bahasa Bali","Bali"
"mengelak","5","Bahasa Bali","Bali"
"mengelas","5","Bahasa Bali","Bali"
"mengelola","5","Bahasa Bali","Bali"
"mengeluh","5","Bahasa Bali","Bali"
"mengembalikan","5","Bahasa Bali","Bali"
"mengembangkan","5","Bahasa Bali","Bali"
"menggunakan","5","Bahasa Bali","Bali"
"mengguncang","5","Bahasa Bali","Bali"
"menghabiskan","5","Bahasa Bali","Bali"
"menghadap","5","Bahasa Bali","Bali"
"menghadapi","5","Bahasa Bali","Bali"
"mengirim","5","Bahasa Bali","Bali"
"mengirimkan","5","Bahasa Bali","Bali"
"mengisi","5","Bahasa Bali","Bali"
"mengizinkan","5","Bahasa Bali","Bali"
"mengurusi","5","Bahasa Bali","Bali"
"mengusir","5","Bahasa Bali","Bali"
"mengusulkan","5","Bahasa Bali","Bali"
"mengutamakan","5","Bahasa Bali","Bali"
"mengutus","5","Bahasa Bali","Bali"
"meniadakan","5","Bahasa Bali","Bali"
"menikah","5","Bahasa Bali","Bali"
"menikahi","5","Bahasa Bali","Bali"
"menikahinya","5","Bahasa Bali","Bali"
"menikmati","5","Bahasa Bali","Bali"
"meniru","5","Bahasa Bali","Bali"
"menistakan","5","Bahasa Bali","Bali"
"menit","5","Bahasa Bali","Bali"
"menitan","5","Bahasa Bali","Bali"
"menjabat","5","Bahasa Bali","Bali"
"menjadi","5","Bahasa Bali","Bali"
"menjaga/menyimpan","5","Bahasa Bali","Bali"
"menjahit","5","Bahasa Bali","Bali"
"menjarangkan","5","Bahasa Bali","Bali"
"menjawab","5","Bahasa Bali","Bali"
"menjelaskan","5","Bahasa Bali","Bali"
"menjerat","5","Bahasa Bali","Bali"
"menjorok","5","Bahasa Bali","Bali"
"menjual","5","Bahasa Bali","Bali"
"menolak","5","Bahasa Bali","Bali"
"menolong","5","Bahasa Bali","Bali"
"menonton","5","Bahasa Bali","Bali"
"mentah","5","Bahasa Bali","Bali"
"menteri","5","Bahasa Bali","Bali"
"menua","5","Bahasa Bali","Bali"
"menuangkan","5","Bahasa Bali","Bali"
"menuduh","5","Bahasa Bali","Bali"
"menuju","5","Bahasa Bali","Bali"
"menukar","5","Bahasa Bali","Bali"
"menular","5","Bahasa Bali","Bali"
"menulis","5","Bahasa Bali","Bali"
"menuliskan","5","Bahasa Bali","Bali"
"menuliskannya","5","Bahasa Bali","Bali"
"menumbuhkan","5","Bahasa Bali","Bali"
"menumpang","5","Bahasa Bali","Bali"
"menumpuk","5","Bahasa Bali","Bali"
"menundukkan","5","Bahasa Bali","Bali"
"menunggu","5","Bahasa Bali","Bali"
"menunjangnya","5","Bahasa Bali","Bali"
"menunjuk","5","Bahasa Bali","Bali"
"menunjukkan","5","Bahasa Bali","Bali"
"menuntaskan","5","Bahasa Bali","Bali"
"menuntut","5","Bahasa Bali","Bali"
"menurun","5","Bahasa Bali","Bali"
"menurunkan","5","Bahasa Bali","Bali"
"menurunnya","5","Bahasa Bali","Bali"
"menurut","5","Bahasa Bali","Bali"
"menusuk","5","Bahasa Bali","Bali"
"menutupi","5","Bahasa Bali","Bali"
"menutupkan","5","Bahasa Bali","Bali"
"menuturkan","5","Bahasa Bali","Bali"
"menyabet","5","Bahasa Bali","Bali"
"menyadap","5","Bahasa Bali","Bali"
"menyadari","5","Bahasa Bali","Bali"
"menyakitkan","5","Bahasa Bali","Bali"
"menyaksikan","5","Bahasa Bali","Bali"
"menyala","5","Bahasa Bali","Bali"
"menyalahi","5","Bahasa Bali","Bali"
"menyalurkan","5","Bahasa Bali","Bali"
"menyamai","5","Bahasa Bali","Bali"
"menyamakan","5","Bahasa Bali","Bali"
"menyamar","5","Bahasa Bali","Bali"
"menyambar","5","Bahasa Bali","Bali"
"menyapu","5","Bahasa Bali","Bali"
"menyaring","5","Bahasa Bali","Bali"
"menyerbu","5","Bahasa Bali","Bali"
"menyeringai","5","Bahasa Bali","Bali"
"menyerupai","5","Bahasa Bali","Bali"
"menyumbat","5","Bahasa Bali","Bali"
"menyurati","5","Bahasa Bali","Bali"
"menyusul","5","Bahasa Bali","Bali"
"menyusun","5","Bahasa Bali","Bali"
"Merah","5","Bahasa Bali","Bali"
"Merah jambu","5","Bahasa Bali","Bali"
"Merah marun","5","Bahasa Bali","Bali"
"merasa","5","Bahasa Bali","Bali"
"merubah","5","Bahasa Bali","Bali"
"Minuman","5","Bahasa Bali","Bali"
"Mobil","5","Bahasa Bali","Bali"
"mungkin","5","Bahasa Bali","Bali"
"negatif","5","Bahasa Bali","Bali"
"negeri","5","Bahasa Bali","Bali"
"nelayan","5","Bahasa Bali","Bali"
"nenek","5","Bahasa Bali","Bali"
"niat","5","Bahasa Bali","Bali"
"orang","5","Bahasa Bali","Bali"
"pacet","5","Bahasa Bali","Bali"
"pada","5","Bahasa Bali","Bali"
"padahal","5","Bahasa Bali","Bali"
"padam","5","Bahasa Bali","Bali"
"padat","5","Bahasa Bali","Bali"
"padi","5","Bahasa Bali","Bali"
"paha","5","Bahasa Bali","Bali"
"paham","5","Bahasa Bali","Bali"
"pahlawan","5","Bahasa Bali","Bali"
"pakai","5","Bahasa Bali","Bali"
"pakaian","5","Bahasa Bali","Bali"
"palsu","5","Bahasa Bali","Bali"
"palu","5","Bahasa Bali","Bali"
"panjang","5","Bahasa Bali","Bali"
"pantai","5","Bahasa Bali","Bali"
"papan","5","Bahasa Bali","Bali"
"parah","5","Bahasa Bali","Bali"
"pedas","5","Bahasa Bali","Bali"
"pedih","5","Bahasa Bali","Bali"
"pejuang","5","Bahasa Bali","Bali"
"pelabuhan","5","Bahasa Bali","Bali"
"pelihara","5","Bahasa Bali","Bali"
"pemain","5","Bahasa Bali","Bali"
"pemilik","5","Bahasa Bali","Bali"
"pemuda","5","Bahasa Bali","Bali"
"penakut","5","Bahasa Bali","Bali"
"pengemudi","5","Bahasa Bali","Bali"
"penyu","5","Bahasa Bali","Bali"
"Perak","5","Bahasa Bali","Bali"
"pergi","5","Bahasa Bali","Bali"
"Perhiasan","5","Bahasa Bali","Bali"
"perunggu","5","Bahasa Bali","Bali"
"perusahaan","5","Bahasa Bali","Bali"
"pesan","5","Bahasa Bali","Bali"
"pesanan","5","Bahasa Bali","Bali"
"pesantren","5","Bahasa Bali","Bali"
"pesing","5","Bahasa Bali","Bali"
"pesisir","5","Bahasa Bali","Bali"
"petai","5","Bahasa Bali","Bali"
"petang","5","Bahasa Bali","Bali"
"petani","5","Bahasa Bali","Bali"
"petaninya","5","Bahasa Bali","Bali"
"pintu","5","Bahasa Bali","Bali"
"pisau","5","Bahasa Bali","Bali"
"pohon","5","Bahasa Bali","Bali"
"prakteknya","5","Bahasa Bali","Bali"
"pria","5","Bahasa Bali","Bali"
"pribadi","5","Bahasa Bali","Bali"
"pribumi","5","Bahasa Bali","Bali"
"produk","5","Bahasa Bali","Bali"
"produksi","5","Bahasa Bali","Bali"
"program","5","Bahasa Bali","Bali"
"pudar","5","Bahasa Bali","Bali"
"pula","5","Bahasa Bali","Bali"
"pulang","5","Bahasa Bali","Bali"
"pusat","5","Bahasa Bali","Bali"
"putar","5","Bahasa Bali","Bali"
"putih","5","Bahasa Bali","Bali"
"rakyat","5","Bahasa Bali","Bali"
"ramadhan","5","Bahasa Bali","Bali"
"rambut","5","Bahasa Bali","Bali"
"rame","5","Bahasa Bali","Bali"
"rampok","5","Bahasa Bali","Bali"
"rapi","5","Bahasa Bali","Bali"
"rasa","5","Bahasa Bali","Bali"
"rata","5","Bahasa Bali","Bali"
"ratu","5","Bahasa Bali","Bali"
"rawa","5","Bahasa Bali","Bali"
"rayap","5","Bahasa Bali","Bali"
"remaja","5","Bahasa Bali","Bali"
"rindu","5","Bahasa Bali","Bali"
"rokok","5","Bahasa Bali","Bali"
"rokoknya","5","Bahasa Bali","Bali"
"rontok","5","Bahasa Bali","Bali"
"rotan","5","Bahasa Bali","Bali"
"ruangan","5","Bahasa Bali","Bali"
"rugi","5","Bahasa Bali","Bali"
"rujukan","5","Bahasa Bali","Bali"
"rukun","5","Bahasa Bali","Bali"
"rumah","5","Bahasa Bali","Bali"
"rumah tangga","5","Bahasa Bali","Bali"
"rumpun","5","Bahasa Bali","Bali"
"rupanya","5","Bahasa Bali","Bali"
"rusa","5","Bahasa Bali","Bali"
"rutinnya","5","Bahasa Bali","Bali"
"saat","5","Bahasa Bali","Bali"
"sakit-sakitan","5","Bahasa Bali","Bali"
"saksikan","5","Bahasa Bali","Bali"
"salah satu","5","Bahasa Bali","Bali"
"salah satunya","5","Bahasa Bali","Bali"
"seberang","5","Bahasa Bali","Bali"
"seberapa","5","Bahasa Bali","Bali"
"sejajar","5","Bahasa Bali","Bali"
"sejalan","5","Bahasa Bali","Bali"
"sejarah","5","Bahasa Bali","Bali"
"sekolah","5","Bahasa Bali","Bali"
"sekolahnya","5","Bahasa Bali","Bali"
"sekongkol","5","Bahasa Bali","Bali"
"sekotamadya","5","Bahasa Bali","Bali"
"seks","5","Bahasa Bali","Bali"
"sekurang-kurangnya","5","Bahasa Bali","Bali"
"sel","5","Bahasa Bali","Bali"
"selain","5","Bahasa Bali","Bali"
"selain itu","5","Bahasa Bali","Bali"
"selaku","5","Bahasa Bali","Bali"
"sempitnya","5","Bahasa Bali","Bali"
"sempurna","5","Bahasa Bali","Bali"
"semut","5","Bahasa Bali","Bali"
"senang","5","Bahasa Bali","Bali"
"senapan","5","Bahasa Bali","Bali"
"senapannya","5","Bahasa Bali","Bali"
"senat","5","Bahasa Bali","Bali"
"senator","5","Bahasa Bali","Bali"
"sendirian","5","Bahasa Bali","Bali"
"sendok","5","Bahasa Bali","Bali"
"seng","5","Bahasa Bali","Bali"
"senggol","5","Bahasa Bali","Bali"
"sengsara","5","Bahasa Bali","Bali"
"Seni","5","Bahasa Bali","Bali"
"sentuh","5","Bahasa Bali","Bali"
"sering","5","Bahasa Bali","Bali"
"sesuai","5","Bahasa Bali","Bali"
"sial","5","Bahasa Bali","Bali"
"siap","5","Bahasa Bali","Bali"
"siapa","5","Bahasa Bali","Bali"
"siapakah","5","Bahasa Bali","Bali"
"siapapun","5","Bahasa Bali","Bali"
"siapkan","5","Bahasa Bali","Bali"
"sifat","5","Bahasa Bali","Bali"
"simpul","5","Bahasa Bali","Bali"
"sindiran","5","Bahasa Bali","Bali"
"singa","5","Bahasa Bali","Bali"
"singkat","5","Bahasa Bali","Bali"
"singkatan","5","Bahasa Bali","Bali"
"singkong","5","Bahasa Bali","Bali"
"suami","5","Bahasa Bali","Bali"
"suamiku","5","Bahasa Bali","Bali"
"suaminya","5","Bahasa Bali","Bali"
"suara","5","Bahasa Bali","Bali"
"suaranya","5","Bahasa Bali","Bali"
"suci","5","Bahasa Bali","Bali"
"sulit","5","Bahasa Bali","Bali"
"sumur","5","Bahasa Bali","Bali"
"sungai","5","Bahasa Bali","Bali"
"supaya","5","Bahasa Bali","Bali"
"susu","5","Bahasa Bali","Bali"
"susunan","5","Bahasa Bali","Bali"
"taat","5","Bahasa Bali","Bali"
"tabiat","5","Bahasa Bali","Bali"
"tablig","5","Bahasa Bali","Bali"
"tabu","5","Bahasa Bali","Bali"
"tadi","5","Bahasa Bali","Bali"
"takut","5","Bahasa Bali","Bali"
"tambahan","5","Bahasa Bali","Bali"
"tambat","5","Bahasa Bali","Bali"
"tampak","5","Bahasa Bali","Bali"
"tampung","5","Bahasa Bali","Bali"
"tamu","5","Bahasa Bali","Bali"
"tanam","5","Bahasa Bali","Bali"
"tegas","5","Bahasa Bali","Bali"
"teguh","5","Bahasa Bali","Bali"
"tema","5","Bahasa Bali","Bali"
"teman","5","Bahasa Bali","Bali"
"tenaga","5","Bahasa Bali","Bali"
"tenang","5","Bahasa Bali","Bali"
"tentu","5","Bahasa Bali","Bali"
"teorinya","5","Bahasa Bali","Bali"
"tepat","5","Bahasa Bali","Bali"
"tepatnya","5","Bahasa Bali","Bali"
"tepung","5","Bahasa Bali","Bali"
"terakhir","5","Bahasa Bali","Bali"
"teralami","5","Bahasa Bali","Bali"
"teramati","5","Bahasa Bali","Bali"
"terang","5","Bahasa Bali","Bali"
"terigu","5","Bahasa Bali","Bali"
"terima","5","Bahasa Bali","Bali"
"terima kasih","5","Bahasa Bali","Bali"
"tewas","5","Bahasa Bali","Bali"
"tiba","5","Bahasa Bali","Bali"
"tikus","5","Bahasa Bali","Bali"
"tinggal","5","Bahasa Bali","Bali"
"tokoh","5","Bahasa Bali","Bali"
"tolak","5","Bahasa Bali","Bali"
"toleransi","5","Bahasa Bali","Bali"
"tolong","5","Bahasa Bali","Bali"
"tuan","5","Bahasa Bali","Bali"
"tumbuh","5","Bahasa Bali","Bali"
"Tumbuhan","5","Bahasa Bali","Bali"
"tumpul","5","Bahasa Bali","Bali"
"tupai","5","Bahasa Bali","Bali"
"udang","5","Bahasa Bali","Bali"
"ular","5","Bahasa Bali","Bali"
"ulat","5","Bahasa Bali","Bali"
"umat","5","Bahasa Bali","Bali"
"umbi","5","Bahasa Bali","Bali"
"umpama","5","Bahasa Bali","Bali"
"upacara","5","Bahasa Bali","Bali"
"urusan","5","Bahasa Bali","Bali"
"usaha","5","Bahasa Bali","Bali"
"usia","5","Bahasa Bali","Bali"
"usul","5","Bahasa Bali","Bali"
"usus","5","Bahasa Bali","Bali"
"utama","5","Bahasa Bali","Bali"
"utang","5","Bahasa Bali","Bali"
"utara","5","Bahasa Bali","Bali"
"Violet","5","Bahasa Bali","Bali"
"wajah","5","Bahasa Bali","Bali"
"wajahnya","5","Bahasa Bali","Bali"
"wajar","5","Bahasa Bali","Bali"
"wajib","5","Bahasa Bali","Bali"
"waktunya","5","Bahasa Bali","Bali"
"wanita","5","Bahasa Bali","Bali"
"warna","5","Bahasa Bali","Bali"