"abad","1","Bahasa Batak Toba","Sumatera Utara"
"abadi","2","Bahasa Batak Toba","Sumatera Utara"
"abang","3","Bahasa Batak Toba","Sumatera Utara"
"acak","4","Bahasa Batak Toba","Sumatera Utara"
"acara","5","Bahasa Batak Toba","Sumatera Utara"
"acaranya","5","Bahasa Batak Toba","Sumatera Utara"
"ada","5","Bahasa Batak Toba","Sumatera Utara"
"adu","5","Bahasa Batak Toba","Sumatera Utara"
"agak","5","Bahasa Batak Toba","Sumatera Utara"
"agar","5","Bahasa Batak Toba","Sumatera Utara"
"air","5","Bahasa Batak Toba","Sumatera Utara"
"ajaran","5","Bahasa Batak Toba","Sumatera Utara"
"akal","5","Bahasa Batak Toba","Sumatera Utara"
"akan","5","Bahasa Batak Toba","Sumatera Utara"
"akar","5","Bahasa Batak Toba","Sumatera Utara"
"akhir","5","Bahasa Batak Toba","Sumatera Utara"
"akhirat","5","Bahasa Batak Toba","Sumatera Utara"
"akhirnya","5","Bahasa Batak Toba","Sumatera Utara"
"akibat","5","Bahasa Batak Toba","Sumatera Utara"
"aktif","5","Bahasa Batak Toba","Sumatera Utara"
"akun","5","Bahasa Batak Toba","Sumatera Utara"
"akur","5","Bahasa Batak Toba","Sumatera Utara"
"alam","5","Bahasa Batak Toba","Sumatera Utara"
"alamat","5","Bahasa Batak Toba","Sumatera Utara"
"aman","5","Bahasa Batak Toba","Sumatera Utara"
"amanah","5","Bahasa Batak Toba","Sumatera Utara"
"anak","5","Bahasa Batak Toba","Sumatera Utara"
"anak-anak","5","Bahasa Batak Toba","Sumatera Utara"
"anggota","5","Bahasa Batak Toba","Sumatera Utara"
"angsa","5","Bahasa Batak Toba","Sumatera Utara"
"anjing","5","Bahasa Batak Toba","Sumatera Utara"
"anting","5","Bahasa Batak Toba","Sumatera Utara"
"antri","5","Bahasa Batak Toba","Sumatera Utara"
"anugerah","5","Bahasa Batak Toba","Sumatera Utara"
"apa","5","Bahasa Batak Toba","Sumatera Utara"
"api","5","Bahasa Batak Toba","Sumatera Utara"
"asin","5","Bahasa Batak Toba","Sumatera Utara"
"asing","5","Bahasa Batak Toba","Sumatera Utara"
"asli","5","Bahasa Batak Toba","Sumatera Utara"
"aslinya","5","Bahasa Batak Toba","Sumatera Utara"
"asri","5","Bahasa Batak Toba","Sumatera Utara"
"asyik","5","Bahasa Batak Toba","Sumatera Utara"
"atap","5","Bahasa Batak Toba","Sumatera Utara"
"atas","5","Bahasa Batak Toba","Sumatera Utara"
"atlet","5","Bahasa Batak Toba","Sumatera Utara"
"awet","5","Bahasa Batak Toba","Sumatera Utara"
"ayah","5","Bahasa Batak Toba","Sumatera Utara"
"ayahnya","5","Bahasa Batak Toba","Sumatera Utara"
"ayam","5","Bahasa Batak Toba","Sumatera Utara"
"ayo","5","Bahasa Batak Toba","Sumatera Utara"
"babak","5","Bahasa Batak Toba","Sumatera Utara"
"babi","5","Bahasa Batak Toba","Sumatera Utara"
"bacaan","5","Bahasa Batak Toba","Sumatera Utara"
"bada","5","Bahasa Batak Toba","Sumatera Utara"
"badakÂ ","5","Bahasa Batak Toba","Sumatera Utara"
"bagian","5","Bahasa Batak Toba","Sumatera Utara"
"bagus","5","Bahasa Batak Toba","Sumatera Utara"
"bahagia","5","Bahasa Batak Toba","Sumatera Utara"
"bahan","5","Bahasa Batak Toba","Sumatera Utara"
"bahasa","5","Bahasa Batak Toba","Sumatera Utara"
"bahkan","5","Bahasa Batak Toba","Sumatera Utara"
"baik","5","Bahasa Batak Toba","Sumatera Utara"
"baiknya","5","Bahasa Batak Toba","Sumatera Utara"
"bait","5","Bahasa Batak Toba","Sumatera Utara"
"baja","5","Bahasa Batak Toba","Sumatera Utara"
"baju","5","Bahasa Batak Toba","Sumatera Utara"
"bakal","5","Bahasa Batak Toba","Sumatera Utara"
"bakar","5","Bahasa Batak Toba","Sumatera Utara"
"bakat","5","Bahasa Batak Toba","Sumatera Utara"
"bakti","5","Bahasa Batak Toba","Sumatera Utara"
"balai","5","Bahasa Batak Toba","Sumatera Utara"
"balas","5","Bahasa Batak Toba","Sumatera Utara"
"balasan","5","Bahasa Batak Toba","Sumatera Utara"
"balik","5","Bahasa Batak Toba","Sumatera Utara"
"bambu","5","Bahasa Batak Toba","Sumatera Utara"
"banding","5","Bahasa Batak Toba","Sumatera Utara"
"banget","5","Bahasa Batak Toba","Sumatera Utara"
"bangga","5","Bahasa Batak Toba","Sumatera Utara"
"bangganya","5","Bahasa Batak Toba","Sumatera Utara"
"bangkai","5","Bahasa Batak Toba","Sumatera Utara"
"bangkit","5","Bahasa Batak Toba","Sumatera Utara"
"bangsa","5","Bahasa Batak Toba","Sumatera Utara"
"bangunan","5","Bahasa Batak Toba","Sumatera Utara"
"banjir","5","Bahasa Batak Toba","Sumatera Utara"
"bank","5","Bahasa Batak Toba","Sumatera Utara"
"banteng","5","Bahasa Batak Toba","Sumatera Utara"
"banting","5","Bahasa Batak Toba","Sumatera Utara"
"bantingan","5","Bahasa Batak Toba","Sumatera Utara"
"bantu","5","Bahasa Batak Toba","Sumatera Utara"
"bantuan","5","Bahasa Batak Toba","Sumatera Utara"
"banyak","5","Bahasa Batak Toba","Sumatera Utara"
"bapak","5","Bahasa Batak Toba","Sumatera Utara"
"barang","5","Bahasa Batak Toba","Sumatera Utara"
"barangkali","5","Bahasa Batak Toba","Sumatera Utara"
"basi","5","Bahasa Batak Toba","Sumatera Utara"
"batuk","5","Bahasa Batak Toba","Sumatera Utara"
"bau","5","Bahasa Batak Toba","Sumatera Utara"
"bawah","5","Bahasa Batak Toba","Sumatera Utara"
"Bawang Merah","5","Bahasa Batak Toba","Sumatera Utara"
"Bawang Putih","5","Bahasa Batak Toba","Sumatera Utara"
"bayi","5","Bahasa Batak Toba","Sumatera Utara"
"beban","5","Bahasa Batak Toba","Sumatera Utara"
"bebas","5","Bahasa Batak Toba","Sumatera Utara"
"bekerja","5","Bahasa Batak Toba","Sumatera Utara"
"belajar","5","Bahasa Batak Toba","Sumatera Utara"
"belalang","5","Bahasa Batak Toba","Sumatera Utara"
"belanja","5","Bahasa Batak Toba","Sumatera Utara"
"belasan","5","Bahasa Batak Toba","Sumatera Utara"
"beli","5","Bahasa Batak Toba","Sumatera Utara"
"belum","5","Bahasa Batak Toba","Sumatera Utara"
"bencana","5","Bahasa Batak Toba","Sumatera Utara"
"benda","5","Bahasa Batak Toba","Sumatera Utara"
"bendera","5","Bahasa Batak Toba","Sumatera Utara"
"benih","5","Bahasa Batak Toba","Sumatera Utara"
"bentuk","5","Bahasa Batak Toba","Sumatera Utara"
"beradu","5","Bahasa Batak Toba","Sumatera Utara"
"beragam","5","Bahasa Batak Toba","Sumatera Utara"
"berair","5","Bahasa Batak Toba","Sumatera Utara"
"beraksi","5","Bahasa Batak Toba","Sumatera Utara"
"berang-berang","5","Bahasa Batak Toba","Sumatera Utara"
"berani","5","Bahasa Batak Toba","Sumatera Utara"
"berantakan","5","Bahasa Batak Toba","Sumatera Utara"
"berapa","5","Bahasa Batak Toba","Sumatera Utara"
"berapi","5","Bahasa Batak Toba","Sumatera Utara"
"berarti","5","Bahasa Batak Toba","Sumatera Utara"
"beras","5","Bahasa Batak Toba","Sumatera Utara"
"berat","5","Bahasa Batak Toba","Sumatera Utara"
"berayun","5","Bahasa Batak Toba","Sumatera Utara"
"berbagai","5","Bahasa Batak Toba","Sumatera Utara"
"berbagi","5","Bahasa Batak Toba","Sumatera Utara"
"berbahaya","5","Bahasa Batak Toba","Sumatera Utara"
"berbakti","5","Bahasa Batak Toba","Sumatera Utara"
"berbantah","5","Bahasa Batak Toba","Sumatera Utara"
"berbantahan","5","Bahasa Batak Toba","Sumatera Utara"
"berbarengan","5","Bahasa Batak Toba","Sumatera Utara"
"berbekal","5","Bahasa Batak Toba","Sumatera Utara"
"berbisnis","5","Bahasa Batak Toba","Sumatera Utara"
"berburu","5","Bahasa Batak Toba","Sumatera Utara"
"bercakap","5","Bahasa Batak Toba","Sumatera Utara"
"berceceran","5","Bahasa Batak Toba","Sumatera Utara"
"bercengkrama","5","Bahasa Batak Toba","Sumatera Utara"
"bercerai","5","Bahasa Batak Toba","Sumatera Utara"
"bercermin","5","Bahasa Batak Toba","Sumatera Utara"
"bercocok tanam","5","Bahasa Batak Toba","Sumatera Utara"
"berdasar","5","Bahasa Batak Toba","Sumatera Utara"
"berdecak","5","Bahasa Batak Toba","Sumatera Utara"
"berdekatan","5","Bahasa Batak Toba","Sumatera Utara"
"berdering","5","Bahasa Batak Toba","Sumatera Utara"
"berdikari","5","Bahasa Batak Toba","Sumatera Utara"
"berdiri","5","Bahasa Batak Toba","Sumatera Utara"
"berdua","5","Bahasa Batak Toba","Sumatera Utara"
"berduaan","5","Bahasa Batak Toba","Sumatera Utara"
"beres","5","Bahasa Batak Toba","Sumatera Utara"
"berfikir","5","Bahasa Batak Toba","Sumatera Utara"
"berganti","5","Bahasa Batak Toba","Sumatera Utara"
"bergelar","5","Bahasa Batak Toba","Sumatera Utara"
"bergerak","5","Bahasa Batak Toba","Sumatera Utara"
"berharap","5","Bahasa Batak Toba","Sumatera Utara"
"berhenti","5","Bahasa Batak Toba","Sumatera Utara"
"beri","5","Bahasa Batak Toba","Sumatera Utara"
"beringas","5","Bahasa Batak Toba","Sumatera Utara"
"berisi","5","Bahasa Batak Toba","Sumatera Utara"
"berjuang","5","Bahasa Batak Toba","Sumatera Utara"
"berjumpa","5","Bahasa Batak Toba","Sumatera Utara"
"berlari","5","Bahasa Batak Toba","Sumatera Utara"
"bermain","5","Bahasa Batak Toba","Sumatera Utara"
"beruang","5","Bahasa Batak Toba","Sumatera Utara"
"biawak","5","Bahasa Batak Toba","Sumatera Utara"
"Binatang","5","Bahasa Batak Toba","Sumatera Utara"
"Biru","5","Bahasa Batak Toba","Sumatera Utara"
"Buah-buahan","5","Bahasa Batak Toba","Sumatera Utara"
"buaya","5","Bahasa Batak Toba","Sumatera Utara"
"Buku","5","Bahasa Batak Toba","Sumatera Utara"
"bunda","5","Bahasa Batak Toba","Sumatera Utara"
"bunga","5","Bahasa Batak Toba","Sumatera Utara"
"bungkam","5","Bahasa Batak Toba","Sumatera Utara"
"bungkuk","5","Bahasa Batak Toba","Sumatera Utara"
"bungkus","5","Bahasa Batak Toba","Sumatera Utara"
"bungkusnya","5","Bahasa Batak Toba","Sumatera Utara"
"bunglon","5","Bahasa Batak Toba","Sumatera Utara"
"bungsu","5","Bahasa Batak Toba","Sumatera Utara"
"bunyi","5","Bahasa Batak Toba","Sumatera Utara"
"buram","5","Bahasa Batak Toba","Sumatera Utara"
"buruh","5","Bahasa Batak Toba","Sumatera Utara"
"burung","5","Bahasa Batak Toba","Sumatera Utara"
"buta","5","Bahasa Batak Toba","Sumatera Utara"
"cabai","5","Bahasa Batak Toba","Sumatera Utara"
"cabang","5","Bahasa Batak Toba","Sumatera Utara"
"cacat","5","Bahasa Batak Toba","Sumatera Utara"
"cacing","5","Bahasa Batak Toba","Sumatera Utara"
"cadangan","5","Bahasa Batak Toba","Sumatera Utara"
"cahaya","5","Bahasa Batak Toba","Sumatera Utara"
"cakap","5","Bahasa Batak Toba","Sumatera Utara"
"cakupan","5","Bahasa Batak Toba","Sumatera Utara"
"calon","5","Bahasa Batak Toba","Sumatera Utara"
"campur","5","Bahasa Batak Toba","Sumatera Utara"
"campuran","5","Bahasa Batak Toba","Sumatera Utara"
"capung","5","Bahasa Batak Toba","Sumatera Utara"
"cara","5","Bahasa Batak Toba","Sumatera Utara"
"cari","5","Bahasa Batak Toba","Sumatera Utara"
"cecak","5","Bahasa Batak Toba","Sumatera Utara"
"cemberut","5","Bahasa Batak Toba","Sumatera Utara"
"cerdas","5","Bahasa Batak Toba","Sumatera Utara"
"cicit","5","Bahasa Batak Toba","Sumatera Utara"
"cincin","5","Bahasa Batak Toba","Sumatera Utara"
"cinta","5","Bahasa Batak Toba","Sumatera Utara"
"Coklat","5","Bahasa Batak Toba","Sumatera Utara"
"cucu","5","Bahasa Batak Toba","Sumatera Utara"
"dalam","5","Bahasa Batak Toba","Sumatera Utara"
"dapat","5","Bahasa Batak Toba","Sumatera Utara"
"dapur","5","Bahasa Batak Toba","Sumatera Utara"
"debug","5","Bahasa Batak Toba","Sumatera Utara"
"delta","5","Bahasa Batak Toba","Sumatera Utara"
"dermawan","5","Bahasa Batak Toba","Sumatera Utara"
"desain","5","Bahasa Batak Toba","Sumatera Utara"
"detail","5","Bahasa Batak Toba","Sumatera Utara"
"doktor","5","Bahasa Batak Toba","Sumatera Utara"
"doktrin","5","Bahasa Batak Toba","Sumatera Utara"
"dokumen","5","Bahasa Batak Toba","Sumatera Utara"
"domba","5","Bahasa Batak Toba","Sumatera Utara"
"dosa","5","Bahasa Batak Toba","Sumatera Utara"
"duanya","5","Bahasa Batak Toba","Sumatera Utara"
"dubur","5","Bahasa Batak Toba","Sumatera Utara"
"duda","5","Bahasa Batak Toba","Sumatera Utara"
"duduk","5","Bahasa Batak Toba","Sumatera Utara"
"duitnya","5","Bahasa Batak Toba","Sumatera Utara"
"dukung","5","Bahasa Batak Toba","Sumatera Utara"
"dulunya","5","Bahasa Batak Toba","Sumatera Utara"
"dunia","5","Bahasa Batak Toba","Sumatera Utara"
"edarkan","5","Bahasa Batak Toba","Sumatera Utara"
"ekor","5","Bahasa Batak Toba","Sumatera Utara"
"Emas","5","Bahasa Batak Toba","Sumatera Utara"
"embun","5","Bahasa Batak Toba","Sumatera Utara"
"empat","5","Bahasa Batak Toba","Sumatera Utara"
"empedu","5","Bahasa Batak Toba","Sumatera Utara"
"empuk","5","Bahasa Batak Toba","Sumatera Utara"
"enak","5","Bahasa Batak Toba","Sumatera Utara"
"erat","5","Bahasa Batak Toba","Sumatera Utara"
"fasih","5","Bahasa Batak Toba","Sumatera Utara"
"februari","5","Bahasa Batak Toba","Sumatera Utara"
"foto","5","Bahasa Batak Toba","Sumatera Utara"
"fotonya","5","Bahasa Batak Toba","Sumatera Utara"
"gajah","5","Bahasa Batak Toba","Sumatera Utara"
"ganda","5","Bahasa Batak Toba","Sumatera Utara"
"ganteng","5","Bahasa Batak Toba","Sumatera Utara"
"garis","5","Bahasa Batak Toba","Sumatera Utara"
"gelang","5","Bahasa Batak Toba","Sumatera Utara"
"gerhana","5","Bahasa Batak Toba","Sumatera Utara"
"geser","5","Bahasa Batak Toba","Sumatera Utara"
"gesit","5","Bahasa Batak Toba","Sumatera Utara"
"gigi","5","Bahasa Batak Toba","Sumatera Utara"
"gila","5","Bahasa Batak Toba","Sumatera Utara"
"Gitar","5","Bahasa Batak Toba","Sumatera Utara"
"golok","5","Bahasa Batak Toba","Sumatera Utara"
"gorila","5","Bahasa Batak Toba","Sumatera Utara"
"gratisan","5","Bahasa Batak Toba","Sumatera Utara"
"gudang","5","Bahasa Batak Toba","Sumatera Utara"
"gula","5","Bahasa Batak Toba","Sumatera Utara"
"gulat","5","Bahasa Batak Toba","Sumatera Utara"
"gunanya","5","Bahasa Batak Toba","Sumatera Utara"
"guncang","5","Bahasa Batak Toba","Sumatera Utara"
"gunung","5","Bahasa Batak Toba","Sumatera Utara"
"gurih","5","Bahasa Batak Toba","Sumatera Utara"
"guru","5","Bahasa Batak Toba","Sumatera Utara"
"habis","5","Bahasa Batak Toba","Sumatera Utara"
"habis-habisan","5","Bahasa Batak Toba","Sumatera Utara"
"habiskan","5","Bahasa Batak Toba","Sumatera Utara"
"hadapi","5","Bahasa Batak Toba","Sumatera Utara"
"hadir","5","Bahasa Batak Toba","Sumatera Utara"
"hajat","5","Bahasa Batak Toba","Sumatera Utara"
"haji","5","Bahasa Batak Toba","Sumatera Utara"
"hak","5","Bahasa Batak Toba","Sumatera Utara"
"hakim","5","Bahasa Batak Toba","Sumatera Utara"
"hal","5","Bahasa Batak Toba","Sumatera Utara"
"halangi","5","Bahasa Batak Toba","Sumatera Utara"
"hambatan","5","Bahasa Batak Toba","Sumatera Utara"
"hangat","5","Bahasa Batak Toba","Sumatera Utara"
"hanyut","5","Bahasa Batak Toba","Sumatera Utara"
"harga","5","Bahasa Batak Toba","Sumatera Utara"
"harimau","5","Bahasa Batak Toba","Sumatera Utara"
"harimau/macan","5","Bahasa Batak Toba","Sumatera Utara"
"harinya","5","Bahasa Batak Toba","Sumatera Utara"
"harum","5","Bahasa Batak Toba","Sumatera Utara"
"harus","5","Bahasa Batak Toba","Sumatera Utara"
"hasilnya","5","Bahasa Batak Toba","Sumatera Utara"
"hati","5","Bahasa Batak Toba","Sumatera Utara"
"hati-hati","5","Bahasa Batak Toba","Sumatera Utara"
"hendak","5","Bahasa Batak Toba","Sumatera Utara"
"hendaknya","5","Bahasa Batak Toba","Sumatera Utara"
"herbivora","5","Bahasa Batak Toba","Sumatera Utara"
"heroik","5","Bahasa Batak Toba","Sumatera Utara"
"Hewan Peliharaan","5","Bahasa Batak Toba","Sumatera Utara"
"hiburan","5","Bahasa Batak Toba","Sumatera Utara"
"hidup","5","Bahasa Batak Toba","Sumatera Utara"
"hidupnya","5","Bahasa Batak Toba","Sumatera Utara"
"Hijau","5","Bahasa Batak Toba","Sumatera Utara"
"hikmah","5","Bahasa Batak Toba","Sumatera Utara"
"hitam","5","Bahasa Batak Toba","Sumatera Utara"
"hitung","5","Bahasa Batak Toba","Sumatera Utara"
"hiu","5","Bahasa Batak Toba","Sumatera Utara"
"honor","5","Bahasa Batak Toba","Sumatera Utara"
"hormat","5","Bahasa Batak Toba","Sumatera Utara"
"hotel","5","Bahasa Batak Toba","Sumatera Utara"
"ikan","5","Bahasa Batak Toba","Sumatera Utara"
"ingin","5","Bahasa Batak Toba","Sumatera Utara"
"intinya","5","Bahasa Batak Toba","Sumatera Utara"
"istana","5","Bahasa Batak Toba","Sumatera Utara"
"isteri","5","Bahasa Batak Toba","Sumatera Utara"
"istirahat","5","Bahasa Batak Toba","Sumatera Utara"
"istri","5","Bahasa Batak Toba","Sumatera Utara"
"izin","5","Bahasa Batak Toba","Sumatera Utara"
"jadi","5","Bahasa Batak Toba","Sumatera Utara"
"jadwal","5","Bahasa Batak Toba","Sumatera Utara"
"jagat","5","Bahasa Batak Toba","Sumatera Utara"
"jago","5","Bahasa Batak Toba","Sumatera Utara"
"Jahe","5","Bahasa Batak Toba","Sumatera Utara"
"jahil","5","Bahasa Batak Toba","Sumatera Utara"
"jahit","5","Bahasa Batak Toba","Sumatera Utara"
"jajahan","5","Bahasa Batak Toba","Sumatera Utara"
"jajaran","5","Bahasa Batak Toba","Sumatera Utara"
"Jakarta","5","Bahasa Batak Toba","Sumatera Utara"
"jalan","5","Bahasa Batak Toba","Sumatera Utara"
"jalani","5","Bahasa Batak Toba","Sumatera Utara"
"jalankan","5","Bahasa Batak Toba","Sumatera Utara"
"jamur","5","Bahasa Batak Toba","Sumatera Utara"
"janda","5","Bahasa Batak Toba","Sumatera Utara"
"jangan","5","Bahasa Batak Toba","Sumatera Utara"
"jangankan","5","Bahasa Batak Toba","Sumatera Utara"
"jantan","5","Bahasa Batak Toba","Sumatera Utara"
"jari","5","Bahasa Batak Toba","Sumatera Utara"
"jaringan","5","Bahasa Batak Toba","Sumatera Utara"
"jatuh","5","Bahasa Batak Toba","Sumatera Utara"
"jawabnya","5","Bahasa Batak Toba","Sumatera Utara"
"jelantah","5","Bahasa Batak Toba","Sumatera Utara"
"jelek","5","Bahasa Batak Toba","Sumatera Utara"
"Jenis Kain","5","Bahasa Batak Toba","Sumatera Utara"
"jenis kelamin","5","Bahasa Batak Toba","Sumatera Utara"
"jera","5","Bahasa Batak Toba","Sumatera Utara"
"jerapah","5","Bahasa Batak Toba","Sumatera Utara"
"Jeruk","5","Bahasa Batak Toba","Sumatera Utara"
"Jeruk Nipis","5","Bahasa Batak Toba","Sumatera Utara"
"Jeruk Purut","5","Bahasa Batak Toba","Sumatera Utara"
"jewer","5","Bahasa Batak Toba","Sumatera Utara"
"kagum","5","Bahasa Batak Toba","Sumatera Utara"
"kail","5","Bahasa Batak Toba","Sumatera Utara"
"karena","5","Bahasa Batak Toba","Sumatera Utara"
"kebanyakan","5","Bahasa Batak Toba","Sumatera Utara"
"kebijakan","5","Bahasa Batak Toba","Sumatera Utara"
"kecintaan","5","Bahasa Batak Toba","Sumatera Utara"
"kediaman","5","Bahasa Batak Toba","Sumatera Utara"
"kedipan","5","Bahasa Batak Toba","Sumatera Utara"
"kedudukan","5","Bahasa Batak Toba","Sumatera Utara"
"kehilangan","5","Bahasa Batak Toba","Sumatera Utara"
"kehilangan/kalah","5","Bahasa Batak Toba","Sumatera Utara"
"kehormatan","5","Bahasa Batak Toba","Sumatera Utara"
"kehutanan","5","Bahasa Batak Toba","Sumatera Utara"
"kejam","5","Bahasa Batak Toba","Sumatera Utara"
"kejar","5","Bahasa Batak Toba","Sumatera Utara"
"kekacauan","5","Bahasa Batak Toba","Sumatera Utara"
"kekar","5","Bahasa Batak Toba","Sumatera Utara"
"kekayaan","5","Bahasa Batak Toba","Sumatera Utara"
"kekhawatiran","5","Bahasa Batak Toba","Sumatera Utara"
"kelak","5","Bahasa Batak Toba","Sumatera Utara"
"kelas","5","Bahasa Batak Toba","Sumatera Utara"
"keledai","5","Bahasa Batak Toba","Sumatera Utara"
"kelelawar","5","Bahasa Batak Toba","Sumatera Utara"
"kelihatan","5","Bahasa Batak Toba","Sumatera Utara"
"kelihatannya","5","Bahasa Batak Toba","Sumatera Utara"
"keliling","5","Bahasa Batak Toba","Sumatera Utara"
"kelima","5","Bahasa Batak Toba","Sumatera Utara"
"kelinci","5","Bahasa Batak Toba","Sumatera Utara"
"keliru","5","Bahasa Batak Toba","Sumatera Utara"
"kelompok","5","Bahasa Batak Toba","Sumatera Utara"
"keluar","5","Bahasa Batak Toba","Sumatera Utara"
"kelurahan","5","Bahasa Batak Toba","Sumatera Utara"
"keluyuran","5","Bahasa Batak Toba","Sumatera Utara"
"kemampuan","5","Bahasa Batak Toba","Sumatera Utara"
"kemandirian","5","Bahasa Batak Toba","Sumatera Utara"
"kemarau","5","Bahasa Batak Toba","Sumatera Utara"
"kematian","5","Bahasa Batak Toba","Sumatera Utara"
"kembali","5","Bahasa Batak Toba","Sumatera Utara"
"kemekaran","5","Bahasa Batak Toba","Sumatera Utara"
"Kemiri","5","Bahasa Batak Toba","Sumatera Utara"
"kendaraan","5","Bahasa Batak Toba","Sumatera Utara"
"kendati","5","Bahasa Batak Toba","Sumatera Utara"
"kental","5","Bahasa Batak Toba","Sumatera Utara"
"kentut","5","Bahasa Batak Toba","Sumatera Utara"
"kepadanya","5","Bahasa Batak Toba","Sumatera Utara"
"kepal","5","Bahasa Batak Toba","Sumatera Utara"
"kepala","5","Bahasa Batak Toba","Sumatera Utara"
"kepiting","5","Bahasa Batak Toba","Sumatera Utara"
"kera/monyet","5","Bahasa Batak Toba","Sumatera Utara"
"kerudung","5","Bahasa Batak Toba","Sumatera Utara"
"kerusakan","5","Bahasa Batak Toba","Sumatera Utara"
"kerusakannya","5","Bahasa Batak Toba","Sumatera Utara"
"kesadaran","5","Bahasa Batak Toba","Sumatera Utara"
"kesal","5","Bahasa Batak Toba","Sumatera Utara"
"kesalahan","5","Bahasa Batak Toba","Sumatera Utara"
"kesejahteraan","5","Bahasa Batak Toba","Sumatera Utara"
"keselamatan","5","Bahasa Batak Toba","Sumatera Utara"
"Ketumbar","5","Bahasa Batak Toba","Sumatera Utara"
"kewajiban","5","Bahasa Batak Toba","Sumatera Utara"
"kewalahan","5","Bahasa Batak Toba","Sumatera Utara"
"keyakinan","5","Bahasa Batak Toba","Sumatera Utara"
"kiamat","5","Bahasa Batak Toba","Sumatera Utara"
"kidal","5","Bahasa Batak Toba","Sumatera Utara"
"kilometer","5","Bahasa Batak Toba","Sumatera Utara"
"kiosnya","5","Bahasa Batak Toba","Sumatera Utara"
"kira","5","Bahasa Batak Toba","Sumatera Utara"
"kiranya","5","Bahasa Batak Toba","Sumatera Utara"
"kiri","5","Bahasa Batak Toba","Sumatera Utara"
"kirim","5","Bahasa Batak Toba","Sumatera Utara"
"kita","5","Bahasa Batak Toba","Sumatera Utara"
"kodok","5","Bahasa Batak Toba","Sumatera Utara"
"kok","5","Bahasa Batak Toba","Sumatera Utara"
"kolom","5","Bahasa Batak Toba","Sumatera Utara"
"koma","5","Bahasa Batak Toba","Sumatera Utara"
"Kopi","5","Bahasa Batak Toba","Sumatera Utara"
"korosi","5","Bahasa Batak Toba","Sumatera Utara"
"krisis","5","Bahasa Batak Toba","Sumatera Utara"
"kristen","5","Bahasa Batak Toba","Sumatera Utara"
"kritik","5","Bahasa Batak Toba","Sumatera Utara"
"kritis","5","Bahasa Batak Toba","Sumatera Utara"
"kuasa","5","Bahasa Batak Toba","Sumatera Utara"
"kuatir","5","Bahasa Batak Toba","Sumatera Utara"
"kucing","5","Bahasa Batak Toba","Sumatera Utara"
"kuda","5","Bahasa Batak Toba","Sumatera Utara"
"kudeta","5","Bahasa Batak Toba","Sumatera Utara"
"kue","5","Bahasa Batak Toba","Sumatera Utara"
"kukuh","5","Bahasa Batak Toba","Sumatera Utara"
"kulum","5","Bahasa Batak Toba","Sumatera Utara"
"kumpul","5","Bahasa Batak Toba","Sumatera Utara"
"kumur","5","Bahasa Batak Toba","Sumatera Utara"
"kunang-kunang","5","Bahasa Batak Toba","Sumatera Utara"
"kunci","5","Bahasa Batak Toba","Sumatera Utara"
"kuning","5","Bahasa Batak Toba","Sumatera Utara"
"Kunyit","5","Bahasa Batak Toba","Sumatera Utara"
"kura-kura","5","Bahasa Batak Toba","Sumatera Utara"
"kurang","5","Bahasa Batak Toba","Sumatera Utara"
"kurus","5","Bahasa Batak Toba","Sumatera Utara"
"kusut","5","Bahasa Batak Toba","Sumatera Utara"
"laba-laba","5","Bahasa Batak Toba","Sumatera Utara"
"lagu","5","Bahasa Batak Toba","Sumatera Utara"
"lagunya","5","Bahasa Batak Toba","Sumatera Utara"
"lahan","5","Bahasa Batak Toba","Sumatera Utara"
"lahannya","5","Bahasa Batak Toba","Sumatera Utara"
"lahir","5","Bahasa Batak Toba","Sumatera Utara"
"lain","5","Bahasa Batak Toba","Sumatera Utara"
"lainnya","5","Bahasa Batak Toba","Sumatera Utara"
"laksamana","5","Bahasa Batak Toba","Sumatera Utara"
"laku","5","Bahasa Batak Toba","Sumatera Utara"
"lakukan","5","Bahasa Batak Toba","Sumatera Utara"
"lalu","5","Bahasa Batak Toba","Sumatera Utara"
"lalu lintas","5","Bahasa Batak Toba","Sumatera Utara"
"lama","5","Bahasa Batak Toba","Sumatera Utara"
"lancip","5","Bahasa Batak Toba","Sumatera Utara"
"langganan","5","Bahasa Batak Toba","Sumatera Utara"
"langit","5","Bahasa Batak Toba","Sumatera Utara"
"langka","5","Bahasa Batak Toba","Sumatera Utara"
"langkah","5","Bahasa Batak Toba","Sumatera Utara"
"langkahi","5","Bahasa Batak Toba","Sumatera Utara"
"lanjut","5","Bahasa Batak Toba","Sumatera Utara"
"lanjutnya","5","Bahasa Batak Toba","Sumatera Utara"
"lari","5","Bahasa Batak Toba","Sumatera Utara"
"laron","5","Bahasa Batak Toba","Sumatera Utara"
"latar","5","Bahasa Batak Toba","Sumatera Utara"
"layak","5","Bahasa Batak Toba","Sumatera Utara"
"lebah","5","Bahasa Batak Toba","Sumatera Utara"
"lebar","5","Bahasa Batak Toba","Sumatera Utara"
"lega","5","Bahasa Batak Toba","Sumatera Utara"
"leher","5","Bahasa Batak Toba","Sumatera Utara"
"lelah","5","Bahasa Batak Toba","Sumatera Utara"
"lelaki","5","Bahasa Batak Toba","Sumatera Utara"
"leluasa","5","Bahasa Batak Toba","Sumatera Utara"
"leluhur","5","Bahasa Batak Toba","Sumatera Utara"
"lemari","5","Bahasa Batak Toba","Sumatera Utara"
"lembab","5","Bahasa Batak Toba","Sumatera Utara"
"lempar","5","Bahasa Batak Toba","Sumatera Utara"
"lengah","5","Bahasa Batak Toba","Sumatera Utara"
"lengang","5","Bahasa Batak Toba","Sumatera Utara"
"lengkap","5","Bahasa Batak Toba","Sumatera Utara"
"lengkapnya","5","Bahasa Batak Toba","Sumatera Utara"
"lengkong","5","Bahasa Batak Toba","Sumatera Utara"
"lengkuas","5","Bahasa Batak Toba","Sumatera Utara"
"lengkung","5","Bahasa Batak Toba","Sumatera Utara"
"lepas","5","Bahasa Batak Toba","Sumatera Utara"
"letkol","5","Bahasa Batak Toba","Sumatera Utara"
"letnan","5","Bahasa Batak Toba","Sumatera Utara"
"licik","5","Bahasa Batak Toba","Sumatera Utara"
"lidah","5","Bahasa Batak Toba","Sumatera Utara"
"lihat","5","Bahasa Batak Toba","Sumatera Utara"
"lingkaran","5","Bahasa Batak Toba","Sumatera Utara"
"lipat","5","Bahasa Batak Toba","Sumatera Utara"
"lokasi","5","Bahasa Batak Toba","Sumatera Utara"
"lomba","5","Bahasa Batak Toba","Sumatera Utara"
"loncat","5","Bahasa Batak Toba","Sumatera Utara"
"longgar","5","Bahasa Batak Toba","Sumatera Utara"
"luar","5","Bahasa Batak Toba","Sumatera Utara"
"luar biasa","5","Bahasa Batak Toba","Sumatera Utara"
"lubang","5","Bahasa Batak Toba","Sumatera Utara"
"lucu","5","Bahasa Batak Toba","Sumatera Utara"
"luka","5","Bahasa Batak Toba","Sumatera Utara"
"luka berat","5","Bahasa Batak Toba","Sumatera Utara"
"lulus","5","Bahasa Batak Toba","Sumatera Utara"
"lulusan","5","Bahasa Batak Toba","Sumatera Utara"
"lumayan","5","Bahasa Batak Toba","Sumatera Utara"
"lumba-lumba","5","Bahasa Batak Toba","Sumatera Utara"
"lumut","5","Bahasa Batak Toba","Sumatera Utara"
"lunak","5","Bahasa Batak Toba","Sumatera Utara"
"lunas","5","Bahasa Batak Toba","Sumatera Utara"
"luntur","5","Bahasa Batak Toba","Sumatera Utara"
"lupa","5","Bahasa Batak Toba","Sumatera Utara"
"lusa","5","Bahasa Batak Toba","Sumatera Utara"
"lutut","5","Bahasa Batak Toba","Sumatera Utara"
"maaf","5","Bahasa Batak Toba","Sumatera Utara"
"mabuk","5","Bahasa Batak Toba","Sumatera Utara"
"macam","5","Bahasa Batak Toba","Sumatera Utara"
"madya","5","Bahasa Batak Toba","Sumatera Utara"
"Magenta","5","Bahasa Batak Toba","Sumatera Utara"
"maghrib","5","Bahasa Batak Toba","Sumatera Utara"
"mahal","5","Bahasa Batak Toba","Sumatera Utara"
"mahasiswa","5","Bahasa Batak Toba","Sumatera Utara"
"mahir","5","Bahasa Batak Toba","Sumatera Utara"
"malam","5","Bahasa Batak Toba","Sumatera Utara"
"malas","5","Bahasa Batak Toba","Sumatera Utara"
"mancung","5","Bahasa Batak Toba","Sumatera Utara"
"mandek","5","Bahasa Batak Toba","Sumatera Utara"
"mandi","5","Bahasa Batak Toba","Sumatera Utara"
"manfaat","5","Bahasa Batak Toba","Sumatera Utara"
"manfaatnya","5","Bahasa Batak Toba","Sumatera Utara"
"manggis","5","Bahasa Batak Toba","Sumatera Utara"
"manis","5","Bahasa Batak Toba","Sumatera Utara"
"manja","5","Bahasa Batak Toba","Sumatera Utara"
"manusia","5","Bahasa Batak Toba","Sumatera Utara"
"manyun","5","Bahasa Batak Toba","Sumatera Utara"
"marah","5","Bahasa Batak Toba","Sumatera Utara"
"martabat","5","Bahasa Batak Toba","Sumatera Utara"
"masa","5","Bahasa Batak Toba","Sumatera Utara"
"masing","5","Bahasa Batak Toba","Sumatera Utara"
"masjid","5","Bahasa Batak Toba","Sumatera Utara"
"maskawin","5","Bahasa Batak Toba","Sumatera Utara"
"massa","5","Bahasa Batak Toba","Sumatera Utara"
"masuk","5","Bahasa Batak Toba","Sumatera Utara"
"masyarakat","5","Bahasa Batak Toba","Sumatera Utara"
"mata","5","Bahasa Batak Toba","Sumatera Utara"
"matahari","5","Bahasa Batak Toba","Sumatera Utara"
"matanya","5","Bahasa Batak Toba","Sumatera Utara"
"Mawar","5","Bahasa Batak Toba","Sumatera Utara"
"maya","5","Bahasa Batak Toba","Sumatera Utara"
"media","5","Bahasa Batak Toba","Sumatera Utara"
"medis","5","Bahasa Batak Toba","Sumatera Utara"
"mei","5","Bahasa Batak Toba","Sumatera Utara"
"meja","5","Bahasa Batak Toba","Sumatera Utara"
"mekanik","5","Bahasa Batak Toba","Sumatera Utara"
"mekaniknya","5","Bahasa Batak Toba","Sumatera Utara"
"mekar","5","Bahasa Batak Toba","Sumatera Utara"
"melacur","5","Bahasa Batak Toba","Sumatera Utara"
"melakukan","5","Bahasa Batak Toba","Sumatera Utara"
"melanda","5","Bahasa Batak Toba","Sumatera Utara"
"melanggar","5","Bahasa Batak Toba","Sumatera Utara"
"melanjutkan","5","Bahasa Batak Toba","Sumatera Utara"
"melantik","5","Bahasa Batak Toba","Sumatera Utara"
"melarikan","5","Bahasa Batak Toba","Sumatera Utara"
"melayani","5","Bahasa Batak Toba","Sumatera Utara"
"melecehkan","5","Bahasa Batak Toba","Sumatera Utara"
"melekat","5","Bahasa Batak Toba","Sumatera Utara"
"meleleh","5","Bahasa Batak Toba","Sumatera Utara"
"melengkung","5","Bahasa Batak Toba","Sumatera Utara"
"melengkungkan","5","Bahasa Batak Toba","Sumatera Utara"
"melepaskan","5","Bahasa Batak Toba","Sumatera Utara"
"meletakkan","5","Bahasa Batak Toba","Sumatera Utara"
"meletus","5","Bahasa Batak Toba","Sumatera Utara"
"melihat","5","Bahasa Batak Toba","Sumatera Utara"
"melihat-lihat","5","Bahasa Batak Toba","Sumatera Utara"
"melindungi","5","Bahasa Batak Toba","Sumatera Utara"
"meliputi","5","Bahasa Batak Toba","Sumatera Utara"
"melotot","5","Bahasa Batak Toba","Sumatera Utara"
"melunakkan","5","Bahasa Batak Toba","Sumatera Utara"
"melupakan","5","Bahasa Batak Toba","Sumatera Utara"
"memadai","5","Bahasa Batak Toba","Sumatera Utara"
"memagari","5","Bahasa Batak Toba","Sumatera Utara"
"memahami","5","Bahasa Batak Toba","Sumatera Utara"
"memakai","5","Bahasa Batak Toba","Sumatera Utara"
"memakainya","5","Bahasa Batak Toba","Sumatera Utara"
"memalukan","5","Bahasa Batak Toba","Sumatera Utara"
"memancing","5","Bahasa Batak Toba","Sumatera Utara"
"memandang","5","Bahasa Batak Toba","Sumatera Utara"
"memanggang","5","Bahasa Batak Toba","Sumatera Utara"
"memanggil/menelpon","5","Bahasa Batak Toba","Sumatera Utara"
"memanjakan","5","Bahasa Batak Toba","Sumatera Utara"
"memantau","5","Bahasa Batak Toba","Sumatera Utara"
"memarahi","5","Bahasa Batak Toba","Sumatera Utara"
"memastikan","5","Bahasa Batak Toba","Sumatera Utara"
"memasukkan","5","Bahasa Batak Toba","Sumatera Utara"
"mematuk","5","Bahasa Batak Toba","Sumatera Utara"
"membaca","5","Bahasa Batak Toba","Sumatera Utara"
"membacanya","5","Bahasa Batak Toba","Sumatera Utara"
"membangkang","5","Bahasa Batak Toba","Sumatera Utara"
"membangun","5","Bahasa Batak Toba","Sumatera Utara"
"membantah","5","Bahasa Batak Toba","Sumatera Utara"
"membantu","5","Bahasa Batak Toba","Sumatera Utara"
"membara","5","Bahasa Batak Toba","Sumatera Utara"
"membasuh","5","Bahasa Batak Toba","Sumatera Utara"
"membatas","5","Bahasa Batak Toba","Sumatera Utara"
"membawa","5","Bahasa Batak Toba","Sumatera Utara"
"membayar","5","Bahasa Batak Toba","Sumatera Utara"
"membeku","5","Bahasa Batak Toba","Sumatera Utara"
"membeli","5","Bahasa Batak Toba","Sumatera Utara"
"membendung","5","Bahasa Batak Toba","Sumatera Utara"
"membentak","5","Bahasa Batak Toba","Sumatera Utara"
"memberantas","5","Bahasa Batak Toba","Sumatera Utara"
"memberi","5","Bahasa Batak Toba","Sumatera Utara"
"memberitakan","5","Bahasa Batak Toba","Sumatera Utara"
"membiarkan","5","Bahasa Batak Toba","Sumatera Utara"
"membicarakan","5","Bahasa Batak Toba","Sumatera Utara"
"membidik","5","Bahasa Batak Toba","Sumatera Utara"
"membuat","5","Bahasa Batak Toba","Sumatera Utara"
"membuatkan","5","Bahasa Batak Toba","Sumatera Utara"
"membuka","5","Bahasa Batak Toba","Sumatera Utara"
"membutuhkan","5","Bahasa Batak Toba","Sumatera Utara"
"memegang","5","Bahasa Batak Toba","Sumatera Utara"
"memelintir","5","Bahasa Batak Toba","Sumatera Utara"
"memendekkan","5","Bahasa Batak Toba","Sumatera Utara"
"memenuhi","5","Bahasa Batak Toba","Sumatera Utara"
"memenuhinya","5","Bahasa Batak Toba","Sumatera Utara"
"memerangi","5","Bahasa Batak Toba","Sumatera Utara"
"memeras","5","Bahasa Batak Toba","Sumatera Utara"
"memercik","5","Bahasa Batak Toba","Sumatera Utara"
"memerlukan","5","Bahasa Batak Toba","Sumatera Utara"
"memesan","5","Bahasa Batak Toba","Sumatera Utara"
"memikirkannya","5","Bahasa Batak Toba","Sumatera Utara"
"memikul","5","Bahasa Batak Toba","Sumatera Utara"
"memilih","5","Bahasa Batak Toba","Sumatera Utara"
"memimpin","5","Bahasa Batak Toba","Sumatera Utara"
"meminta","5","Bahasa Batak Toba","Sumatera Utara"
"meminum","5","Bahasa Batak Toba","Sumatera Utara"
"memisahkan","5","Bahasa Batak Toba","Sumatera Utara"
"memotong","5","Bahasa Batak Toba","Sumatera Utara"
"mempelajari","5","Bahasa Batak Toba","Sumatera Utara"
"mempengaruhi","5","Bahasa Batak Toba","Sumatera Utara"
"memperbolehkannya","5","Bahasa Batak Toba","Sumatera Utara"
"mempercayai","5","Bahasa Batak Toba","Sumatera Utara"
"mempercayakan","5","Bahasa Batak Toba","Sumatera Utara"
"memperingati","5","Bahasa Batak Toba","Sumatera Utara"
"memperkenalkan","5","Bahasa Batak Toba","Sumatera Utara"
"memperkuat","5","Bahasa Batak Toba","Sumatera Utara"
"mempersiapkan","5","Bahasa Batak Toba","Sumatera Utara"
"mempertanyakan","5","Bahasa Batak Toba","Sumatera Utara"
"menabuh","5","Bahasa Batak Toba","Sumatera Utara"
"menagih","5","Bahasa Batak Toba","Sumatera Utara"
"menahan","5","Bahasa Batak Toba","Sumatera Utara"
"menambah","5","Bahasa Batak Toba","Sumatera Utara"
"menampilkan","5","Bahasa Batak Toba","Sumatera Utara"
"menampung","5","Bahasa Batak Toba","Sumatera Utara"
"menampungnya","5","Bahasa Batak Toba","Sumatera Utara"
"menanam","5","Bahasa Batak Toba","Sumatera Utara"
"menancap","5","Bahasa Batak Toba","Sumatera Utara"
"menancapkan","5","Bahasa Batak Toba","Sumatera Utara"
"menciptakan","5","Bahasa Batak Toba","Sumatera Utara"
"mencoba","5","Bahasa Batak Toba","Sumatera Utara"
"mendapat","5","Bahasa Batak Toba","Sumatera Utara"
"mendengar","5","Bahasa Batak Toba","Sumatera Utara"
"mendukung","5","Bahasa Batak Toba","Sumatera Utara"
"menemui","5","Bahasa Batak Toba","Sumatera Utara"
"menemukan","5","Bahasa Batak Toba","Sumatera Utara"
"menerapkan","5","Bahasa Batak Toba","Sumatera Utara"
"menerima","5","Bahasa Batak Toba","Sumatera Utara"
"menerpa","5","Bahasa Batak Toba","Sumatera Utara"
"menetes","5","Bahasa Batak Toba","Sumatera Utara"
"mengantongi","5","Bahasa Batak Toba","Sumatera Utara"
"mengapa","5","Bahasa Batak Toba","Sumatera Utara"
"mengarak","5","Bahasa Batak Toba","Sumatera Utara"
"mengatakan","5","Bahasa Batak Toba","Sumatera Utara"
"mengatasi","5","Bahasa Batak Toba","Sumatera Utara"
"mengayun","5","Bahasa Batak Toba","Sumatera Utara"
"mengebutkan","5","Bahasa Batak Toba","Sumatera Utara"
"mengecek","5","Bahasa Batak Toba","Sumatera Utara"
"mengecer","5","Bahasa Batak Toba","Sumatera Utara"
"mengecewakan","5","Bahasa Batak Toba","Sumatera Utara"
"mengeduk","5","Bahasa Batak Toba","Sumatera Utara"
"mengejar","5","Bahasa Batak Toba","Sumatera Utara"
"mengelak","5","Bahasa Batak Toba","Sumatera Utara"
"mengelas","5","Bahasa Batak Toba","Sumatera Utara"
"mengelola","5","Bahasa Batak Toba","Sumatera Utara"
"mengeluh","5","Bahasa Batak Toba","Sumatera Utara"
"mengembalikan","5","Bahasa Batak Toba","Sumatera Utara"
"mengembangkan","5","Bahasa Batak Toba","Sumatera Utara"
"menggunakan","5","Bahasa Batak Toba","Sumatera Utara"
"mengguncang","5","Bahasa Batak Toba","Sumatera Utara"
"menghabiskan","5","Bahasa Batak Toba","Sumatera Utara"
"menghadap","5","Bahasa Batak Toba","Sumatera Utara"
"menghadapi","5","Bahasa Batak Toba","Sumatera Utara"
"mengirim","5","Bahasa Batak Toba","Sumatera Utara"
"mengirimkan","5","Bahasa Batak Toba","Sumatera Utara"
"mengisi","5","Bahasa Batak Toba","Sumatera Utara"
"mengizinkan","5","Bahasa Batak Toba","Sumatera Utara"
"mengurusi","5","Bahasa Batak Toba","Sumatera Utara"
"mengusir","5","Bahasa Batak Toba","Sumatera Utara"
"mengusulkan","5","Bahasa Batak Toba","Sumatera Utara"
"mengutamakan","5","Bahasa Batak Toba","Sumatera Utara"
"mengutus","5","Bahasa Batak Toba","Sumatera Utara"
"meniadakan","5","Bahasa Batak Toba","Sumatera Utara"
"menikah","5","Bahasa Batak Toba","Sumatera Utara"
"menikahi","5","Bahasa Batak Toba","Sumatera Utara"
"menikahinya","5","Bahasa Batak Toba","Sumatera Utara"
"menikmati","5","Bahasa Batak Toba","Sumatera Utara"
"meniru","5","Bahasa Batak Toba","Sumatera Utara"
"menistakan","5","Bahasa Batak Toba","Sumatera Utara"
"menit","5","Bahasa Batak Toba","Sumatera Utara"
"menitan","5","Bahasa Batak Toba","Sumatera Utara"
"menjabat","5","Bahasa Batak Toba","Sumatera Utara"
"menjadi","5","Bahasa Batak Toba","Sumatera Utara"
"menjaga/menyimpan","5","Bahasa Batak Toba","Sumatera Utara"
"menjahit","5","Bahasa Batak Toba","Sumatera Utara"
"menjarangkan","5","Bahasa Batak Toba","Sumatera Utara"
"menjawab","5","Bahasa Batak Toba","Sumatera Utara"
"menjelaskan","5","Bahasa Batak Toba","Sumatera Utara"
"menjerat","5","Bahasa Batak Toba","Sumatera Utara"
"menjorok","5","Bahasa Batak Toba","Sumatera Utara"
"menjual","5","Bahasa Batak Toba","Sumatera Utara"
"menolak","5","Bahasa Batak Toba","Sumatera Utara"
"menolong","5","Bahasa Batak Toba","Sumatera Utara"
"menonton","5","Bahasa Batak Toba","Sumatera Utara"
"mentah","5","Bahasa Batak Toba","Sumatera Utara"
"menteri","5","Bahasa Batak Toba","Sumatera Utara"
"menua","5","Bahasa Batak Toba","Sumatera Utara"
"menuangkan","5","Bahasa Batak Toba","Sumatera Utara"
"menuduh","5","Bahasa Batak Toba","Sumatera Utara"
"menuju","5","Bahasa Batak Toba","Sumatera Utara"
"menukar","5","Bahasa Batak Toba","Sumatera Utara"
"menular","5","Bahasa Batak Toba","Sumatera Utara"
"menulis","5","Bahasa Batak Toba","Sumatera Utara"
"menuliskan","5","Bahasa Batak Toba","Sumatera Utara"
"menuliskannya","5","Bahasa Batak Toba","Sumatera Utara"
"menumbuhkan","5","Bahasa Batak Toba","Sumatera Utara"
"menumpang","5","Bahasa Batak Toba","Sumatera Utara"
"menumpuk","5","Bahasa Batak Toba","Sumatera Utara"
"menundukkan","5","Bahasa Batak Toba","Sumatera Utara"
"menunggu","5","Bahasa Batak Toba","Sumatera Utara"
"menunjangnya","5","Bahasa Batak Toba","Sumatera Utara"
"menunjuk","5","Bahasa Batak Toba","Sumatera Utara"
"menunjukkan","5","Bahasa Batak Toba","Sumatera Utara"
"menuntaskan","5","Bahasa Batak Toba","Sumatera Utara"
"menuntut","5","Bahasa Batak Toba","Sumatera Utara"
"menurun","5","Bahasa Batak Toba","Sumatera Utara"
"menurunkan","5","Bahasa Batak Toba","Sumatera Utara"
"menurunnya","5","Bahasa Batak Toba","Sumatera Utara"
"menurut","5","Bahasa Batak Toba","Sumatera Utara"
"menusuk","5","Bahasa Batak Toba","Sumatera Utara"
"menutupi","5","Bahasa Batak Toba","Sumatera Utara"
"menutupkan","5","Bahasa Batak Toba","Sumatera Utara"
"menuturkan","5","Bahasa Batak Toba","Sumatera Utara"
"menyabet","5","Bahasa Batak Toba","Sumatera Utara"
"menyadap","5","Bahasa Batak Toba","Sumatera Utara"
"menyadari","5","Bahasa Batak Toba","Sumatera Utara"
"menyakitkan","5","Bahasa Batak Toba","Sumatera Utara"
"menyaksikan","5","Bahasa Batak Toba","Sumatera Utara"
"menyala","5","Bahasa Batak Toba","Sumatera Utara"
"menyalahi","5","Bahasa Batak Toba","Sumatera Utara"
"menyalurkan","5","Bahasa Batak Toba","Sumatera Utara"
"menyamai","5","Bahasa Batak Toba","Sumatera Utara"
"menyamakan","5","Bahasa Batak Toba","Sumatera Utara"
"menyamar","5","Bahasa Batak Toba","Sumatera Utara"
"menyambar","5","Bahasa Batak Toba","Sumatera Utara"
"menyapu","5","Bahasa Batak Toba","Sumatera Utara"
"menyaring","5","Bahasa Batak Toba","Sumatera Utara"
"menyerbu","5","Bahasa Batak Toba","Sumatera Utara"
"menyeringai","5","Bahasa Batak Toba","Sumatera Utara"
"menyerupai","5","Bahasa Batak Toba","Sumatera Utara"
"menyumbat","5","Bahasa Batak Toba","Sumatera Utara"
"menyurati","5","Bahasa Batak Toba","Sumatera Utara"
"menyusul","5","Bahasa Batak Toba","Sumatera Utara"
"menyusun","5","Bahasa Batak Toba","Sumatera Utara"
"Merah","5","Bahasa Batak Toba","Sumatera Utara"
"Merah jambu","5","Bahasa Batak Toba","Sumatera Utara"
"Merah marun","5","Bahasa Batak Toba","Sumatera Utara"
"merasa","5","Bahasa Batak Toba","Sumatera Utara"
"merubah","5","Bahasa Batak Toba","Sumatera Utara"
"Minuman","5","Bahasa Batak Toba","Sumatera Utara"
"Mobil","5","Bahasa Batak Toba","Sumatera Utara"
"mungkin","5","Bahasa Batak Toba","Sumatera Utara"
"negatif","5","Bahasa Batak Toba","Sumatera Utara"
"negeri","5","Bahasa Batak Toba","Sumatera Utara"
"nelayan","5","Bahasa Batak Toba","Sumatera Utara"
"nenek","5","Bahasa Batak Toba","Sumatera Utara"
"niat","5","Bahasa Batak Toba","Sumatera Utara"
"orang","5","Bahasa Batak Toba","Sumatera Utara"
"pacet","5","Bahasa Batak Toba","Sumatera Utara"
"pada","5","Bahasa Batak Toba","Sumatera Utara"
"padahal","5","Bahasa Batak Toba","Sumatera Utara"
"padam","5","Bahasa Batak Toba","Sumatera Utara"
"padat","5","Bahasa Batak Toba","Sumatera Utara"
"padi","5","Bahasa Batak Toba","Sumatera Utara"
"paha","5","Bahasa Batak Toba","Sumatera Utara"
"paham","5","Bahasa Batak Toba","Sumatera Utara"
"pahlawan","5","Bahasa Batak Toba","Sumatera Utara"
"pakai","5","Bahasa Batak Toba","Sumatera Utara"
"pakaian","5","Bahasa Batak Toba","Sumatera Utara"
"palsu","5","Bahasa Batak Toba","Sumatera Utara"
"palu","5","Bahasa Batak Toba","Sumatera Utara"
"panjang","5","Bahasa Batak Toba","Sumatera Utara"
"pantai","5","Bahasa Batak Toba","Sumatera Utara"
"papan","5","Bahasa Batak Toba","Sumatera Utara"
"parah","5","Bahasa Batak Toba","Sumatera Utara"
"pedas","5","Bahasa Batak Toba","Sumatera Utara"
"pedih","5","Bahasa Batak Toba","Sumatera Utara"
"pejuang","5","Bahasa Batak Toba","Sumatera Utara"
"pelabuhan","5","Bahasa Batak Toba","Sumatera Utara"
"pelihara","5","Bahasa Batak Toba","Sumatera Utara"
"pemain","5","Bahasa Batak Toba","Sumatera Utara"
"pemilik","5","Bahasa Batak Toba","Sumatera Utara"
"pemuda","5","Bahasa Batak Toba","Sumatera Utara"
"penakut","5","Bahasa Batak Toba","Sumatera Utara"
"pengemudi","5","Bahasa Batak Toba","Sumatera Utara"
"penyu","5","Bahasa Batak Toba","Sumatera Utara"
"Perak","5","Bahasa Batak Toba","Sumatera Utara"
"pergi","5","Bahasa Batak Toba","Sumatera Utara"
"Perhiasan","5","Bahasa Batak Toba","Sumatera Utara"
"perunggu","5","Bahasa Batak Toba","Sumatera Utara"
"perusahaan","5","Bahasa Batak Toba","Sumatera Utara"
"pesan","5","Bahasa Batak Toba","Sumatera Utara"
"pesanan","5","Bahasa Batak Toba","Sumatera Utara"
"pesantren","5","Bahasa Batak Toba","Sumatera Utara"
"pesing","5","Bahasa Batak Toba","Sumatera Utara"
"pesisir","5","Bahasa Batak Toba","Sumatera Utara"
"petai","5","Bahasa Batak Toba","Sumatera Utara"
"petang","5","Bahasa Batak Toba","Sumatera Utara"
"petani","5","Bahasa Batak Toba","Sumatera Utara"
"petaninya","5","Bahasa Batak Toba","Sumatera Utara"
"pintu","5","Bahasa Batak Toba","Sumatera Utara"
"pisau","5","Bahasa Batak Toba","Sumatera Utara"
"pohon","5","Bahasa Batak Toba","Sumatera Utara"
"prakteknya","5","Bahasa Batak Toba","Sumatera Utara"
"pria","5","Bahasa Batak Toba","Sumatera Utara"
"pribadi","5","Bahasa Batak Toba","Sumatera Utara"
"pribumi","5","Bahasa Batak Toba","Sumatera Utara"
"produk","5","Bahasa Batak Toba","Sumatera Utara"
"produksi","5","Bahasa Batak Toba","Sumatera Utara"
"program","5","Bahasa Batak Toba","Sumatera Utara"
"pudar","5","Bahasa Batak Toba","Sumatera Utara"
"pula","5","Bahasa Batak Toba","Sumatera Utara"
"pulang","5","Bahasa Batak Toba","Sumatera Utara"
"pusat","5","Bahasa Batak Toba","Sumatera Utara"
"putar","5","Bahasa Batak Toba","Sumatera Utara"
"putih","5","Bahasa Batak Toba","Sumatera Utara"
"rakyat","5","Bahasa Batak Toba","Sumatera Utara"
"ramadhan","5","Bahasa Batak Toba","Sumatera Utara"
"rambut","5","Bahasa Batak Toba","Sumatera Utara"
"rame","5","Bahasa Batak Toba","Sumatera Utara"
"rampok","5","Bahasa Batak Toba","Sumatera Utara"
"rapi","5","Bahasa Batak Toba","Sumatera Utara"
"rasa","5","Bahasa Batak Toba","Sumatera Utara"
"rata","5","Bahasa Batak Toba","Sumatera Utara"
"ratu","5","Bahasa Batak Toba","Sumatera Utara"
"rawa","5","Bahasa Batak Toba","Sumatera Utara"
"rayap","5","Bahasa Batak Toba","Sumatera Utara"
"remaja","5","Bahasa Batak Toba","Sumatera Utara"
"rindu","5","Bahasa Batak Toba","Sumatera Utara"
"rokok","5","Bahasa Batak Toba","Sumatera Utara"
"rokoknya","5","Bahasa Batak Toba","Sumatera Utara"
"rontok","5","Bahasa Batak Toba","Sumatera Utara"
"rotan","5","Bahasa Batak Toba","Sumatera Utara"
"ruangan","5","Bahasa Batak Toba","Sumatera Utara"
"rugi","5","Bahasa Batak Toba","Sumatera Utara"
"rujukan","5","Bahasa Batak Toba","Sumatera Utara"
"rukun","5","Bahasa Batak Toba","Sumatera Utara"
"rumah","5","Bahasa Batak Toba","Sumatera Utara"
"rumah tangga","5","Bahasa Batak Toba","Sumatera Utara"
"rumpun","5","Bahasa Batak Toba","Sumatera Utara"
"rupanya","5","Bahasa Batak Toba","Sumatera Utara"
"rusa","5","Bahasa Batak Toba","Sumatera Utara"
"rutinnya","5","Bahasa Batak Toba","Sumatera Utara"
"saat","5","Bahasa Batak Toba","Sumatera Utara"
"sakit-sakitan","5","Bahasa Batak Toba","Sumatera Utara"
"saksikan","5","Bahasa Batak Toba","Sumatera Utara"
"salah satu","5","Bahasa Batak Toba","Sumatera Utara"
"salah satunya","5","Bahasa Batak Toba","Sumatera Utara"
"seberang","5","Bahasa Batak Toba","Sumatera Utara"
"seberapa","5","Bahasa Batak Toba","Sumatera Utara"
"sejajar","5","Bahasa Batak Toba","Sumatera Utara"
"sejalan","5","Bahasa Batak Toba","Sumatera Utara"
"sejarah","5","Bahasa Batak Toba","Sumatera Utara"
"sekolah","5","Bahasa Batak Toba","Sumatera Utara"
"sekolahnya","5","Bahasa Batak Toba","Sumatera Utara"
"sekongkol","5","Bahasa Batak Toba","Sumatera Utara"
"sekotamadya","5","Bahasa Batak Toba","Sumatera Utara"
"seks","5","Bahasa Batak Toba","Sumatera Utara"
"sekurang-kurangnya","5","Bahasa Batak Toba","Sumatera Utara"
"sel","5","Bahasa Batak Toba","Sumatera Utara"
"selain","5","Bahasa Batak Toba","Sumatera Utara"
"selain itu","5","Bahasa Batak Toba","Sumatera Utara"
"selaku","5","Bahasa Batak Toba","Sumatera Utara"
"sempitnya","5","Bahasa Batak Toba","Sumatera Utara"
"sempurna","5","Bahasa Batak Toba","Sumatera Utara"
"semut","5","Bahasa Batak Toba","Sumatera Utara"
"senang","5","Bahasa Batak Toba","Sumatera Utara"
"senapan","5","Bahasa Batak Toba","Sumatera Utara"
"senapannya","5","Bahasa Batak Toba","Sumatera Utara"
"senat","5","Bahasa Batak Toba","Sumatera Utara"
"senator","5","Bahasa Batak Toba","Sumatera Utara"
"sendirian","5","Bahasa Batak Toba","Sumatera Utara"
"sendok","5","Bahasa Batak Toba","Sumatera Utara"
"seng","5","Bahasa Batak Toba","Sumatera Utara"
"senggol","5","Bahasa Batak Toba","Sumatera Utara"
"sengsara","5","Bahasa Batak Toba","Sumatera Utara"
"Seni","5","Bahasa Batak Toba","Sumatera Utara"
"sentuh","5","Bahasa Batak Toba","Sumatera Utara"
"sering","5","Bahasa Batak Toba","Sumatera Utara"
"sesuai","5","Bahasa Batak Toba","Sumatera Utara"
"sial","5","Bahasa Batak Toba","Sumatera Utara"
"siap","5","Bahasa Batak Toba","Sumatera Utara"
"siapa","5","Bahasa Batak Toba","Sumatera Utara"
"siapakah","5","Bahasa Batak Toba","Sumatera Utara"
"siapapun","5","Bahasa Batak Toba","Sumatera Utara"
"siapkan","5","Bahasa Batak Toba","Sumatera Utara"
"sifat","5","Bahasa Batak Toba","Sumatera Utara"
"simpul","5","Bahasa Batak Toba","Sumatera Utara"
"sindiran","5","Bahasa Batak Toba","Sumatera Utara"
"singa","5","Bahasa Batak Toba","Sumatera Utara"
"singkat","5","Bahasa Batak Toba","Sumatera Utara"
"singkatan","5","Bahasa Batak Toba","Sumatera Utara"
"singkong","5","Bahasa Batak Toba","Sumatera Utara"
"suami","5","Bahasa Batak Toba","Sumatera Utara"
"suamiku","5","Bahasa Batak Toba","Sumatera Utara"
"suaminya","5","Bahasa Batak Toba","Sumatera Utara"
"suara","5","Bahasa Batak Toba","Sumatera Utara"
"suaranya","5","Bahasa Batak Toba","Sumatera Utara"
"suci","5","Bahasa Batak Toba","Sumatera Utara"
"sulit","5","Bahasa Batak Toba","Sumatera Utara"
"sumur","5","Bahasa Batak Toba","Sumatera Utara"
"sungai","5","Bahasa Batak Toba","Sumatera Utara"
"supaya","5","Bahasa Batak Toba","Sumatera Utara"
"susu","5","Bahasa Batak Toba","Sumatera Utara"
"susunan","5","Bahasa Batak Toba","Sumatera Utara"
"taat","5","Bahasa Batak Toba","Sumatera Utara"
"tabiat","5","Bahasa Batak Toba","Sumatera Utara"
"tablig","5","Bahasa Batak Toba","Sumatera Utara"
"tabu","5","Bahasa Batak Toba","Sumatera Utara"
"tadi","5","Bahasa Batak Toba","Sumatera Utara"
"takut","5","Bahasa Batak Toba","Sumatera Utara"
"tambahan","5","Bahasa Batak Toba","Sumatera Utara"
"tambat","5","Bahasa Batak Toba","Sumatera Utara"
"tampak","5","Bahasa Batak Toba","Sumatera Utara"
"tampung","5","Bahasa Batak Toba","Sumatera Utara"
"tamu","5","Bahasa Batak Toba","Sumatera Utara"
"tanam","5","Bahasa Batak Toba","Sumatera Utara"
"tegas","5","Bahasa Batak Toba","Sumatera Utara"
"teguh","5","Bahasa Batak Toba","Sumatera Utara"
"tema","5","Bahasa Batak Toba","Sumatera Utara"
"teman","5","Bahasa Batak Toba","Sumatera Utara"
"tenaga","5","Bahasa Batak Toba","Sumatera Utara"
"tenang","5","Bahasa Batak Toba","Sumatera Utara"
"tentu","5","Bahasa Batak Toba","Sumatera Utara"
"teorinya","5","Bahasa Batak Toba","Sumatera Utara"
"tepat","5","Bahasa Batak Toba","Sumatera Utara"
"tepatnya","5","Bahasa Batak Toba","Sumatera Utara"
"tepung","5","Bahasa Batak Toba","Sumatera Utara"
"terakhir","5","Bahasa Batak Toba","Sumatera Utara"
"teralami","5","Bahasa Batak Toba","Sumatera Utara"
"teramati","5","Bahasa Batak Toba","Sumatera Utara"
"terang","5","Bahasa Batak Toba","Sumatera Utara"
"terigu","5","Bahasa Batak Toba","Sumatera Utara"
"terima","5","Bahasa Batak Toba","Sumatera Utara"
"terima kasih","5","Bahasa Batak Toba","Sumatera Utara"
"tewas","5","Bahasa Batak Toba","Sumatera Utara"
"tiba","5","Bahasa Batak Toba","Sumatera Utara"
"tikus","5","Bahasa Batak Toba","Sumatera Utara"
"tinggal","5","Bahasa Batak Toba","Sumatera Utara"
"tokoh","5","Bahasa Batak Toba","Sumatera Utara"
"tolak","5","Bahasa Batak Toba","Sumatera Utara"
"toleransi","5","Bahasa Batak Toba","Sumatera Utara"
"tolong","5","Bahasa Batak Toba","Sumatera Utara"
"tuan","5","Bahasa Batak Toba","Sumatera Utara"
"tumbuh","5","Bahasa Batak Toba","Sumatera Utara"
"Tumbuhan","5","Bahasa Batak Toba","Sumatera Utara"
"tumpul","5","Bahasa Batak Toba","Sumatera Utara"
"tupai","5","Bahasa Batak Toba","Sumatera Utara"
"udang","5","Bahasa Batak Toba","Sumatera Utara"
"ular","5","Bahasa Batak Toba","Sumatera Utara"
"ulat","5","Bahasa Batak Toba","Sumatera Utara"
"umat","5","Bahasa Batak Toba","Sumatera Utara"
"umbi","5","Bahasa Batak Toba","Sumatera Utara"
"umpama","5","Bahasa Batak Toba","Sumatera Utara"
"upacara","5","Bahasa Batak Toba","Sumatera Utara"
"urusan","5","Bahasa Batak Toba","Sumatera Utara"
"usaha","5","Bahasa Batak Toba","Sumatera Utara"
"usia","5","Bahasa Batak Toba","Sumatera Utara"
"usul","5","Bahasa Batak Toba","Sumatera Utara"
"usus","5","Bahasa Batak Toba","Sumatera Utara"
"utama","5","Bahasa Batak Toba","Sumatera Utara"
"utang","5","Bahasa Batak Toba","Sumatera Utara"
"utara","5","Bahasa Batak Toba","Sumatera Utara"
"Violet","5","Bahasa Batak Toba","Sumatera Utara"
"wajah","5","Bahasa Batak Toba","Sumatera Utara"
"wajahnya","5","Bahasa Batak Toba","Sumatera Utara"
"wajar","5","Bahasa Batak Toba","Sumatera Utara"
"wajib","5","Bahasa Batak Toba","Sumatera Utara"
"waktunya","5","Bahasa Batak Toba","Sumatera Utara"
"wanita","5","Bahasa Batak Toba","Sumatera Utara"
"warna","5","Bahasa Batak Toba","Sumatera Utara"