"abad","1","Bahasa Banjar","Kalimantan Selatan"
"abadi","2","Bahasa Banjar","Kalimantan Selatan"
"abang","3","Bahasa Banjar","Kalimantan Selatan"
"acak","4","Bahasa Banjar","Kalimantan Selatan"
"acara","5","Bahasa Banjar","Kalimantan Selatan"
"acaranya","5","Bahasa Banjar","Kalimantan Selatan"
"ada","5","Bahasa Banjar","Kalimantan Selatan"
"adu","5","Bahasa Banjar","Kalimantan Selatan"
"agak","5","Bahasa Banjar","Kalimantan Selatan"
"agar","5","Bahasa Banjar","Kalimantan Selatan"
"air","5","Bahasa Banjar","Kalimantan Selatan"
"ajaran","5","Bahasa Banjar","Kalimantan Selatan"
"akal","5","Bahasa Banjar","Kalimantan Selatan"
"akan","5","Bahasa Banjar","Kalimantan Selatan"
"akar","5","Bahasa Banjar","Kalimantan Selatan"
"akhir","5","Bahasa Banjar","Kalimantan Selatan"
"akhirat","5","Bahasa Banjar","Kalimantan Selatan"
"akhirnya","5","Bahasa Banjar","Kalimantan Selatan"
"akibat","5","Bahasa Banjar","Kalimantan Selatan"
"aktif","5","Bahasa Banjar","Kalimantan Selatan"
"akun","5","Bahasa Banjar","Kalimantan Selatan"
"akur","5","Bahasa Banjar","Kalimantan Selatan"
"alam","5","Bahasa Banjar","Kalimantan Selatan"
"alamat","5","Bahasa Banjar","Kalimantan Selatan"
"aman","5","Bahasa Banjar","Kalimantan Selatan"
"amanah","5","Bahasa Banjar","Kalimantan Selatan"
"anak","5","Bahasa Banjar","Kalimantan Selatan"
"anak-anak","5","Bahasa Banjar","Kalimantan Selatan"
"anggota","5","Bahasa Banjar","Kalimantan Selatan"
"angsa","5","Bahasa Banjar","Kalimantan Selatan"
"anjing","5","Bahasa Banjar","Kalimantan Selatan"
"anting","5","Bahasa Banjar","Kalimantan Selatan"
"antri","5","Bahasa Banjar","Kalimantan Selatan"
"anugerah","5","Bahasa Banjar","Kalimantan Selatan"
"apa","5","Bahasa Banjar","Kalimantan Selatan"
"api","5","Bahasa Banjar","Kalimantan Selatan"
"asin","5","Bahasa Banjar","Kalimantan Selatan"
"asing","5","Bahasa Banjar","Kalimantan Selatan"
"asli","5","Bahasa Banjar","Kalimantan Selatan"
"aslinya","5","Bahasa Banjar","Kalimantan Selatan"
"asri","5","Bahasa Banjar","Kalimantan Selatan"
"asyik","5","Bahasa Banjar","Kalimantan Selatan"
"atap","5","Bahasa Banjar","Kalimantan Selatan"
"atas","5","Bahasa Banjar","Kalimantan Selatan"
"atlet","5","Bahasa Banjar","Kalimantan Selatan"
"awet","5","Bahasa Banjar","Kalimantan Selatan"
"ayah","5","Bahasa Banjar","Kalimantan Selatan"
"ayahnya","5","Bahasa Banjar","Kalimantan Selatan"
"ayam","5","Bahasa Banjar","Kalimantan Selatan"
"ayo","5","Bahasa Banjar","Kalimantan Selatan"
"babak","5","Bahasa Banjar","Kalimantan Selatan"
"babi","5","Bahasa Banjar","Kalimantan Selatan"
"bacaan","5","Bahasa Banjar","Kalimantan Selatan"
"bada","5","Bahasa Banjar","Kalimantan Selatan"
"badakÂ ","5","Bahasa Banjar","Kalimantan Selatan"
"bagian","5","Bahasa Banjar","Kalimantan Selatan"
"bagus","5","Bahasa Banjar","Kalimantan Selatan"
"bahagia","5","Bahasa Banjar","Kalimantan Selatan"
"bahan","5","Bahasa Banjar","Kalimantan Selatan"
"bahasa","5","Bahasa Banjar","Kalimantan Selatan"
"bahkan","5","Bahasa Banjar","Kalimantan Selatan"
"baik","5","Bahasa Banjar","Kalimantan Selatan"
"baiknya","5","Bahasa Banjar","Kalimantan Selatan"
"bait","5","Bahasa Banjar","Kalimantan Selatan"
"baja","5","Bahasa Banjar","Kalimantan Selatan"
"baju","5","Bahasa Banjar","Kalimantan Selatan"
"bakal","5","Bahasa Banjar","Kalimantan Selatan"
"bakar","5","Bahasa Banjar","Kalimantan Selatan"
"bakat","5","Bahasa Banjar","Kalimantan Selatan"
"bakti","5","Bahasa Banjar","Kalimantan Selatan"
"balai","5","Bahasa Banjar","Kalimantan Selatan"
"balas","5","Bahasa Banjar","Kalimantan Selatan"
"balasan","5","Bahasa Banjar","Kalimantan Selatan"
"balik","5","Bahasa Banjar","Kalimantan Selatan"
"bambu","5","Bahasa Banjar","Kalimantan Selatan"
"banding","5","Bahasa Banjar","Kalimantan Selatan"
"banget","5","Bahasa Banjar","Kalimantan Selatan"
"bangga","5","Bahasa Banjar","Kalimantan Selatan"
"bangganya","5","Bahasa Banjar","Kalimantan Selatan"
"bangkai","5","Bahasa Banjar","Kalimantan Selatan"
"bangkit","5","Bahasa Banjar","Kalimantan Selatan"
"bangsa","5","Bahasa Banjar","Kalimantan Selatan"
"bangunan","5","Bahasa Banjar","Kalimantan Selatan"
"banjir","5","Bahasa Banjar","Kalimantan Selatan"
"bank","5","Bahasa Banjar","Kalimantan Selatan"
"banteng","5","Bahasa Banjar","Kalimantan Selatan"
"banting","5","Bahasa Banjar","Kalimantan Selatan"
"bantingan","5","Bahasa Banjar","Kalimantan Selatan"
"bantu","5","Bahasa Banjar","Kalimantan Selatan"
"bantuan","5","Bahasa Banjar","Kalimantan Selatan"
"banyak","5","Bahasa Banjar","Kalimantan Selatan"
"bapak","5","Bahasa Banjar","Kalimantan Selatan"
"barang","5","Bahasa Banjar","Kalimantan Selatan"
"barangkali","5","Bahasa Banjar","Kalimantan Selatan"
"basi","5","Bahasa Banjar","Kalimantan Selatan"
"batuk","5","Bahasa Banjar","Kalimantan Selatan"
"bau","5","Bahasa Banjar","Kalimantan Selatan"
"bawah","5","Bahasa Banjar","Kalimantan Selatan"
"Bawang Merah","5","Bahasa Banjar","Kalimantan Selatan"
"Bawang Putih","5","Bahasa Banjar","Kalimantan Selatan"
"bayi","5","Bahasa Banjar","Kalimantan Selatan"
"beban","5","Bahasa Banjar","Kalimantan Selatan"
"bebas","5","Bahasa Banjar","Kalimantan Selatan"
"bekerja","5","Bahasa Banjar","Kalimantan Selatan"
"belajar","5","Bahasa Banjar","Kalimantan Selatan"
"belalang","5","Bahasa Banjar","Kalimantan Selatan"
"belanja","5","Bahasa Banjar","Kalimantan Selatan"
"belasan","5","Bahasa Banjar","Kalimantan Selatan"
"beli","5","Bahasa Banjar","Kalimantan Selatan"
"belum","5","Bahasa Banjar","Kalimantan Selatan"
"bencana","5","Bahasa Banjar","Kalimantan Selatan"
"benda","5","Bahasa Banjar","Kalimantan Selatan"
"bendera","5","Bahasa Banjar","Kalimantan Selatan"
"benih","5","Bahasa Banjar","Kalimantan Selatan"
"bentuk","5","Bahasa Banjar","Kalimantan Selatan"
"beradu","5","Bahasa Banjar","Kalimantan Selatan"
"beragam","5","Bahasa Banjar","Kalimantan Selatan"
"berair","5","Bahasa Banjar","Kalimantan Selatan"
"beraksi","5","Bahasa Banjar","Kalimantan Selatan"
"berang-berang","5","Bahasa Banjar","Kalimantan Selatan"
"berani","5","Bahasa Banjar","Kalimantan Selatan"
"berantakan","5","Bahasa Banjar","Kalimantan Selatan"
"berapa","5","Bahasa Banjar","Kalimantan Selatan"
"berapi","5","Bahasa Banjar","Kalimantan Selatan"
"berarti","5","Bahasa Banjar","Kalimantan Selatan"
"beras","5","Bahasa Banjar","Kalimantan Selatan"
"berat","5","Bahasa Banjar","Kalimantan Selatan"
"berayun","5","Bahasa Banjar","Kalimantan Selatan"
"berbagai","5","Bahasa Banjar","Kalimantan Selatan"
"berbagi","5","Bahasa Banjar","Kalimantan Selatan"
"berbahaya","5","Bahasa Banjar","Kalimantan Selatan"
"berbakti","5","Bahasa Banjar","Kalimantan Selatan"
"berbantah","5","Bahasa Banjar","Kalimantan Selatan"
"berbantahan","5","Bahasa Banjar","Kalimantan Selatan"
"berbarengan","5","Bahasa Banjar","Kalimantan Selatan"
"berbekal","5","Bahasa Banjar","Kalimantan Selatan"
"berbisnis","5","Bahasa Banjar","Kalimantan Selatan"
"berburu","5","Bahasa Banjar","Kalimantan Selatan"
"bercakap","5","Bahasa Banjar","Kalimantan Selatan"
"berceceran","5","Bahasa Banjar","Kalimantan Selatan"
"bercengkrama","5","Bahasa Banjar","Kalimantan Selatan"
"bercerai","5","Bahasa Banjar","Kalimantan Selatan"
"bercermin","5","Bahasa Banjar","Kalimantan Selatan"
"bercocok tanam","5","Bahasa Banjar","Kalimantan Selatan"
"berdasar","5","Bahasa Banjar","Kalimantan Selatan"
"berdecak","5","Bahasa Banjar","Kalimantan Selatan"
"berdekatan","5","Bahasa Banjar","Kalimantan Selatan"
"berdering","5","Bahasa Banjar","Kalimantan Selatan"
"berdikari","5","Bahasa Banjar","Kalimantan Selatan"
"berdiri","5","Bahasa Banjar","Kalimantan Selatan"
"berdua","5","Bahasa Banjar","Kalimantan Selatan"
"berduaan","5","Bahasa Banjar","Kalimantan Selatan"
"beres","5","Bahasa Banjar","Kalimantan Selatan"
"berfikir","5","Bahasa Banjar","Kalimantan Selatan"
"berganti","5","Bahasa Banjar","Kalimantan Selatan"
"bergelar","5","Bahasa Banjar","Kalimantan Selatan"
"bergerak","5","Bahasa Banjar","Kalimantan Selatan"
"berharap","5","Bahasa Banjar","Kalimantan Selatan"
"berhenti","5","Bahasa Banjar","Kalimantan Selatan"
"beri","5","Bahasa Banjar","Kalimantan Selatan"
"beringas","5","Bahasa Banjar","Kalimantan Selatan"
"berisi","5","Bahasa Banjar","Kalimantan Selatan"
"berjuang","5","Bahasa Banjar","Kalimantan Selatan"
"berjumpa","5","Bahasa Banjar","Kalimantan Selatan"
"berlari","5","Bahasa Banjar","Kalimantan Selatan"
"bermain","5","Bahasa Banjar","Kalimantan Selatan"
"beruang","5","Bahasa Banjar","Kalimantan Selatan"
"biawak","5","Bahasa Banjar","Kalimantan Selatan"
"Binatang","5","Bahasa Banjar","Kalimantan Selatan"
"Biru","5","Bahasa Banjar","Kalimantan Selatan"
"Buah-buahan","5","Bahasa Banjar","Kalimantan Selatan"
"buaya","5","Bahasa Banjar","Kalimantan Selatan"
"Buku","5","Bahasa Banjar","Kalimantan Selatan"
"bunda","5","Bahasa Banjar","Kalimantan Selatan"
"bunga","5","Bahasa Banjar","Kalimantan Selatan"
"bungkam","5","Bahasa Banjar","Kalimantan Selatan"
"bungkuk","5","Bahasa Banjar","Kalimantan Selatan"
"bungkus","5","Bahasa Banjar","Kalimantan Selatan"
"bungkusnya","5","Bahasa Banjar","Kalimantan Selatan"
"bunglon","5","Bahasa Banjar","Kalimantan Selatan"
"bungsu","5","Bahasa Banjar","Kalimantan Selatan"
"bunyi","5","Bahasa Banjar","Kalimantan Selatan"
"buram","5","Bahasa Banjar","Kalimantan Selatan"
"buruh","5","Bahasa Banjar","Kalimantan Selatan"
"burung","5","Bahasa Banjar","Kalimantan Selatan"
"buta","5","Bahasa Banjar","Kalimantan Selatan"
"cabai","5","Bahasa Banjar","Kalimantan Selatan"
"cabang","5","Bahasa Banjar","Kalimantan Selatan"
"cacat","5","Bahasa Banjar","Kalimantan Selatan"
"cacing","5","Bahasa Banjar","Kalimantan Selatan"
"cadangan","5","Bahasa Banjar","Kalimantan Selatan"
"cahaya","5","Bahasa Banjar","Kalimantan Selatan"
"cakap","5","Bahasa Banjar","Kalimantan Selatan"
"cakupan","5","Bahasa Banjar","Kalimantan Selatan"
"calon","5","Bahasa Banjar","Kalimantan Selatan"
"campur","5","Bahasa Banjar","Kalimantan Selatan"
"campuran","5","Bahasa Banjar","Kalimantan Selatan"
"capung","5","Bahasa Banjar","Kalimantan Selatan"
"cara","5","Bahasa Banjar","Kalimantan Selatan"
"cari","5","Bahasa Banjar","Kalimantan Selatan"
"cecak","5","Bahasa Banjar","Kalimantan Selatan"
"cemberut","5","Bahasa Banjar","Kalimantan Selatan"
"cerdas","5","Bahasa Banjar","Kalimantan Selatan"
"cicit","5","Bahasa Banjar","Kalimantan Selatan"
"cincin","5","Bahasa Banjar","Kalimantan Selatan"
"cinta","5","Bahasa Banjar","Kalimantan Selatan"
"Coklat","5","Bahasa Banjar","Kalimantan Selatan"
"cucu","5","Bahasa Banjar","Kalimantan Selatan"
"dalam","5","Bahasa Banjar","Kalimantan Selatan"
"dapat","5","Bahasa Banjar","Kalimantan Selatan"
"dapur","5","Bahasa Banjar","Kalimantan Selatan"
"debug","5","Bahasa Banjar","Kalimantan Selatan"
"delta","5","Bahasa Banjar","Kalimantan Selatan"
"dermawan","5","Bahasa Banjar","Kalimantan Selatan"
"desain","5","Bahasa Banjar","Kalimantan Selatan"
"detail","5","Bahasa Banjar","Kalimantan Selatan"
"doktor","5","Bahasa Banjar","Kalimantan Selatan"
"doktrin","5","Bahasa Banjar","Kalimantan Selatan"
"dokumen","5","Bahasa Banjar","Kalimantan Selatan"
"domba","5","Bahasa Banjar","Kalimantan Selatan"
"dosa","5","Bahasa Banjar","Kalimantan Selatan"
"duanya","5","Bahasa Banjar","Kalimantan Selatan"
"dubur","5","Bahasa Banjar","Kalimantan Selatan"
"duda","5","Bahasa Banjar","Kalimantan Selatan"
"duduk","5","Bahasa Banjar","Kalimantan Selatan"
"duitnya","5","Bahasa Banjar","Kalimantan Selatan"
"dukung","5","Bahasa Banjar","Kalimantan Selatan"
"dulunya","5","Bahasa Banjar","Kalimantan Selatan"
"dunia","5","Bahasa Banjar","Kalimantan Selatan"
"edarkan","5","Bahasa Banjar","Kalimantan Selatan"
"ekor","5","Bahasa Banjar","Kalimantan Selatan"
"Emas","5","Bahasa Banjar","Kalimantan Selatan"
"embun","5","Bahasa Banjar","Kalimantan Selatan"
"empat","5","Bahasa Banjar","Kalimantan Selatan"
"empedu","5","Bahasa Banjar","Kalimantan Selatan"
"empuk","5","Bahasa Banjar","Kalimantan Selatan"
"enak","5","Bahasa Banjar","Kalimantan Selatan"
"erat","5","Bahasa Banjar","Kalimantan Selatan"
"fasih","5","Bahasa Banjar","Kalimantan Selatan"
"februari","5","Bahasa Banjar","Kalimantan Selatan"
"foto","5","Bahasa Banjar","Kalimantan Selatan"
"fotonya","5","Bahasa Banjar","Kalimantan Selatan"
"gajah","5","Bahasa Banjar","Kalimantan Selatan"
"ganda","5","Bahasa Banjar","Kalimantan Selatan"
"ganteng","5","Bahasa Banjar","Kalimantan Selatan"
"garis","5","Bahasa Banjar","Kalimantan Selatan"
"gelang","5","Bahasa Banjar","Kalimantan Selatan"
"gerhana","5","Bahasa Banjar","Kalimantan Selatan"
"geser","5","Bahasa Banjar","Kalimantan Selatan"
"gesit","5","Bahasa Banjar","Kalimantan Selatan"
"gigi","5","Bahasa Banjar","Kalimantan Selatan"
"gila","5","Bahasa Banjar","Kalimantan Selatan"
"Gitar","5","Bahasa Banjar","Kalimantan Selatan"
"golok","5","Bahasa Banjar","Kalimantan Selatan"
"gorila","5","Bahasa Banjar","Kalimantan Selatan"
"gratisan","5","Bahasa Banjar","Kalimantan Selatan"
"gudang","5","Bahasa Banjar","Kalimantan Selatan"
"gula","5","Bahasa Banjar","Kalimantan Selatan"
"gulat","5","Bahasa Banjar","Kalimantan Selatan"
"gunanya","5","Bahasa Banjar","Kalimantan Selatan"
"guncang","5","Bahasa Banjar","Kalimantan Selatan"
"gunung","5","Bahasa Banjar","Kalimantan Selatan"
"gurih","5","Bahasa Banjar","Kalimantan Selatan"
"guru","5","Bahasa Banjar","Kalimantan Selatan"
"habis","5","Bahasa Banjar","Kalimantan Selatan"
"habis-habisan","5","Bahasa Banjar","Kalimantan Selatan"
"habiskan","5","Bahasa Banjar","Kalimantan Selatan"
"hadapi","5","Bahasa Banjar","Kalimantan Selatan"
"hadir","5","Bahasa Banjar","Kalimantan Selatan"
"hajat","5","Bahasa Banjar","Kalimantan Selatan"
"haji","5","Bahasa Banjar","Kalimantan Selatan"
"hak","5","Bahasa Banjar","Kalimantan Selatan"
"hakim","5","Bahasa Banjar","Kalimantan Selatan"
"hal","5","Bahasa Banjar","Kalimantan Selatan"
"halangi","5","Bahasa Banjar","Kalimantan Selatan"
"hambatan","5","Bahasa Banjar","Kalimantan Selatan"
"hangat","5","Bahasa Banjar","Kalimantan Selatan"
"hanyut","5","Bahasa Banjar","Kalimantan Selatan"
"harga","5","Bahasa Banjar","Kalimantan Selatan"
"harimau","5","Bahasa Banjar","Kalimantan Selatan"
"harimau/macan","5","Bahasa Banjar","Kalimantan Selatan"
"harinya","5","Bahasa Banjar","Kalimantan Selatan"
"harum","5","Bahasa Banjar","Kalimantan Selatan"
"harus","5","Bahasa Banjar","Kalimantan Selatan"
"hasilnya","5","Bahasa Banjar","Kalimantan Selatan"
"hati","5","Bahasa Banjar","Kalimantan Selatan"
"hati-hati","5","Bahasa Banjar","Kalimantan Selatan"
"hendak","5","Bahasa Banjar","Kalimantan Selatan"
"hendaknya","5","Bahasa Banjar","Kalimantan Selatan"
"herbivora","5","Bahasa Banjar","Kalimantan Selatan"
"heroik","5","Bahasa Banjar","Kalimantan Selatan"
"Hewan Peliharaan","5","Bahasa Banjar","Kalimantan Selatan"
"hiburan","5","Bahasa Banjar","Kalimantan Selatan"
"hidup","5","Bahasa Banjar","Kalimantan Selatan"
"hidupnya","5","Bahasa Banjar","Kalimantan Selatan"
"Hijau","5","Bahasa Banjar","Kalimantan Selatan"
"hikmah","5","Bahasa Banjar","Kalimantan Selatan"
"hitam","5","Bahasa Banjar","Kalimantan Selatan"
"hitung","5","Bahasa Banjar","Kalimantan Selatan"
"hiu","5","Bahasa Banjar","Kalimantan Selatan"
"honor","5","Bahasa Banjar","Kalimantan Selatan"
"hormat","5","Bahasa Banjar","Kalimantan Selatan"
"hotel","5","Bahasa Banjar","Kalimantan Selatan"
"ikan","5","Bahasa Banjar","Kalimantan Selatan"
"ingin","5","Bahasa Banjar","Kalimantan Selatan"
"intinya","5","Bahasa Banjar","Kalimantan Selatan"
"istana","5","Bahasa Banjar","Kalimantan Selatan"
"isteri","5","Bahasa Banjar","Kalimantan Selatan"
"istirahat","5","Bahasa Banjar","Kalimantan Selatan"
"istri","5","Bahasa Banjar","Kalimantan Selatan"
"izin","5","Bahasa Banjar","Kalimantan Selatan"
"jadi","5","Bahasa Banjar","Kalimantan Selatan"
"jadwal","5","Bahasa Banjar","Kalimantan Selatan"
"jagat","5","Bahasa Banjar","Kalimantan Selatan"
"jago","5","Bahasa Banjar","Kalimantan Selatan"
"Jahe","5","Bahasa Banjar","Kalimantan Selatan"
"jahil","5","Bahasa Banjar","Kalimantan Selatan"
"jahit","5","Bahasa Banjar","Kalimantan Selatan"
"jajahan","5","Bahasa Banjar","Kalimantan Selatan"
"jajaran","5","Bahasa Banjar","Kalimantan Selatan"
"Jakarta","5","Bahasa Banjar","Kalimantan Selatan"
"jalan","5","Bahasa Banjar","Kalimantan Selatan"
"jalani","5","Bahasa Banjar","Kalimantan Selatan"
"jalankan","5","Bahasa Banjar","Kalimantan Selatan"
"jamur","5","Bahasa Banjar","Kalimantan Selatan"
"janda","5","Bahasa Banjar","Kalimantan Selatan"
"jangan","5","Bahasa Banjar","Kalimantan Selatan"
"jangankan","5","Bahasa Banjar","Kalimantan Selatan"
"jantan","5","Bahasa Banjar","Kalimantan Selatan"
"jari","5","Bahasa Banjar","Kalimantan Selatan"
"jaringan","5","Bahasa Banjar","Kalimantan Selatan"
"jatuh","5","Bahasa Banjar","Kalimantan Selatan"
"jawabnya","5","Bahasa Banjar","Kalimantan Selatan"
"jelantah","5","Bahasa Banjar","Kalimantan Selatan"
"jelek","5","Bahasa Banjar","Kalimantan Selatan"
"Jenis Kain","5","Bahasa Banjar","Kalimantan Selatan"
"jenis kelamin","5","Bahasa Banjar","Kalimantan Selatan"
"jera","5","Bahasa Banjar","Kalimantan Selatan"
"jerapah","5","Bahasa Banjar","Kalimantan Selatan"
"Jeruk","5","Bahasa Banjar","Kalimantan Selatan"
"Jeruk Nipis","5","Bahasa Banjar","Kalimantan Selatan"
"Jeruk Purut","5","Bahasa Banjar","Kalimantan Selatan"
"jewer","5","Bahasa Banjar","Kalimantan Selatan"
"kagum","5","Bahasa Banjar","Kalimantan Selatan"
"kail","5","Bahasa Banjar","Kalimantan Selatan"
"karena","5","Bahasa Banjar","Kalimantan Selatan"
"kebanyakan","5","Bahasa Banjar","Kalimantan Selatan"
"kebijakan","5","Bahasa Banjar","Kalimantan Selatan"
"kecintaan","5","Bahasa Banjar","Kalimantan Selatan"
"kediaman","5","Bahasa Banjar","Kalimantan Selatan"
"kedipan","5","Bahasa Banjar","Kalimantan Selatan"
"kedudukan","5","Bahasa Banjar","Kalimantan Selatan"
"kehilangan","5","Bahasa Banjar","Kalimantan Selatan"
"kehilangan/kalah","5","Bahasa Banjar","Kalimantan Selatan"
"kehormatan","5","Bahasa Banjar","Kalimantan Selatan"
"kehutanan","5","Bahasa Banjar","Kalimantan Selatan"
"kejam","5","Bahasa Banjar","Kalimantan Selatan"
"kejar","5","Bahasa Banjar","Kalimantan Selatan"
"kekacauan","5","Bahasa Banjar","Kalimantan Selatan"
"kekar","5","Bahasa Banjar","Kalimantan Selatan"
"kekayaan","5","Bahasa Banjar","Kalimantan Selatan"
"kekhawatiran","5","Bahasa Banjar","Kalimantan Selatan"
"kelak","5","Bahasa Banjar","Kalimantan Selatan"
"kelas","5","Bahasa Banjar","Kalimantan Selatan"
"keledai","5","Bahasa Banjar","Kalimantan Selatan"
"kelelawar","5","Bahasa Banjar","Kalimantan Selatan"
"kelihatan","5","Bahasa Banjar","Kalimantan Selatan"
"kelihatannya","5","Bahasa Banjar","Kalimantan Selatan"
"keliling","5","Bahasa Banjar","Kalimantan Selatan"
"kelima","5","Bahasa Banjar","Kalimantan Selatan"
"kelinci","5","Bahasa Banjar","Kalimantan Selatan"
"keliru","5","Bahasa Banjar","Kalimantan Selatan"
"kelompok","5","Bahasa Banjar","Kalimantan Selatan"
"keluar","5","Bahasa Banjar","Kalimantan Selatan"
"kelurahan","5","Bahasa Banjar","Kalimantan Selatan"
"keluyuran","5","Bahasa Banjar","Kalimantan Selatan"
"kemampuan","5","Bahasa Banjar","Kalimantan Selatan"
"kemandirian","5","Bahasa Banjar","Kalimantan Selatan"
"kemarau","5","Bahasa Banjar","Kalimantan Selatan"
"kematian","5","Bahasa Banjar","Kalimantan Selatan"
"kembali","5","Bahasa Banjar","Kalimantan Selatan"
"kemekaran","5","Bahasa Banjar","Kalimantan Selatan"
"Kemiri","5","Bahasa Banjar","Kalimantan Selatan"
"kendaraan","5","Bahasa Banjar","Kalimantan Selatan"
"kendati","5","Bahasa Banjar","Kalimantan Selatan"
"kental","5","Bahasa Banjar","Kalimantan Selatan"
"kentut","5","Bahasa Banjar","Kalimantan Selatan"
"kepadanya","5","Bahasa Banjar","Kalimantan Selatan"
"kepal","5","Bahasa Banjar","Kalimantan Selatan"
"kepala","5","Bahasa Banjar","Kalimantan Selatan"
"kepiting","5","Bahasa Banjar","Kalimantan Selatan"
"kera/monyet","5","Bahasa Banjar","Kalimantan Selatan"
"kerudung","5","Bahasa Banjar","Kalimantan Selatan"
"kerusakan","5","Bahasa Banjar","Kalimantan Selatan"
"kerusakannya","5","Bahasa Banjar","Kalimantan Selatan"
"kesadaran","5","Bahasa Banjar","Kalimantan Selatan"
"kesal","5","Bahasa Banjar","Kalimantan Selatan"
"kesalahan","5","Bahasa Banjar","Kalimantan Selatan"
"kesejahteraan","5","Bahasa Banjar","Kalimantan Selatan"
"keselamatan","5","Bahasa Banjar","Kalimantan Selatan"
"Ketumbar","5","Bahasa Banjar","Kalimantan Selatan"
"kewajiban","5","Bahasa Banjar","Kalimantan Selatan"
"kewalahan","5","Bahasa Banjar","Kalimantan Selatan"
"keyakinan","5","Bahasa Banjar","Kalimantan Selatan"
"kiamat","5","Bahasa Banjar","Kalimantan Selatan"
"kidal","5","Bahasa Banjar","Kalimantan Selatan"
"kilometer","5","Bahasa Banjar","Kalimantan Selatan"
"kiosnya","5","Bahasa Banjar","Kalimantan Selatan"
"kira","5","Bahasa Banjar","Kalimantan Selatan"
"kiranya","5","Bahasa Banjar","Kalimantan Selatan"
"kiri","5","Bahasa Banjar","Kalimantan Selatan"
"kirim","5","Bahasa Banjar","Kalimantan Selatan"
"kita","5","Bahasa Banjar","Kalimantan Selatan"
"kodok","5","Bahasa Banjar","Kalimantan Selatan"
"kok","5","Bahasa Banjar","Kalimantan Selatan"
"kolom","5","Bahasa Banjar","Kalimantan Selatan"
"koma","5","Bahasa Banjar","Kalimantan Selatan"
"Kopi","5","Bahasa Banjar","Kalimantan Selatan"
"korosi","5","Bahasa Banjar","Kalimantan Selatan"
"krisis","5","Bahasa Banjar","Kalimantan Selatan"
"kristen","5","Bahasa Banjar","Kalimantan Selatan"
"kritik","5","Bahasa Banjar","Kalimantan Selatan"
"kritis","5","Bahasa Banjar","Kalimantan Selatan"
"kuasa","5","Bahasa Banjar","Kalimantan Selatan"
"kuatir","5","Bahasa Banjar","Kalimantan Selatan"
"kucing","5","Bahasa Banjar","Kalimantan Selatan"
"kuda","5","Bahasa Banjar","Kalimantan Selatan"
"kudeta","5","Bahasa Banjar","Kalimantan Selatan"
"kue","5","Bahasa Banjar","Kalimantan Selatan"
"kukuh","5","Bahasa Banjar","Kalimantan Selatan"
"kulum","5","Bahasa Banjar","Kalimantan Selatan"
"kumpul","5","Bahasa Banjar","Kalimantan Selatan"
"kumur","5","Bahasa Banjar","Kalimantan Selatan"
"kunang-kunang","5","Bahasa Banjar","Kalimantan Selatan"
"kunci","5","Bahasa Banjar","Kalimantan Selatan"
"kuning","5","Bahasa Banjar","Kalimantan Selatan"
"Kunyit","5","Bahasa Banjar","Kalimantan Selatan"
"kura-kura","5","Bahasa Banjar","Kalimantan Selatan"
"kurang","5","Bahasa Banjar","Kalimantan Selatan"
"kurus","5","Bahasa Banjar","Kalimantan Selatan"
"kusut","5","Bahasa Banjar","Kalimantan Selatan"
"laba-laba","5","Bahasa Banjar","Kalimantan Selatan"
"lagu","5","Bahasa Banjar","Kalimantan Selatan"
"lagunya","5","Bahasa Banjar","Kalimantan Selatan"
"lahan","5","Bahasa Banjar","Kalimantan Selatan"
"lahannya","5","Bahasa Banjar","Kalimantan Selatan"
"lahir","5","Bahasa Banjar","Kalimantan Selatan"
"lain","5","Bahasa Banjar","Kalimantan Selatan"
"lainnya","5","Bahasa Banjar","Kalimantan Selatan"
"laksamana","5","Bahasa Banjar","Kalimantan Selatan"
"laku","5","Bahasa Banjar","Kalimantan Selatan"
"lakukan","5","Bahasa Banjar","Kalimantan Selatan"
"lalu","5","Bahasa Banjar","Kalimantan Selatan"
"lalu lintas","5","Bahasa Banjar","Kalimantan Selatan"
"lama","5","Bahasa Banjar","Kalimantan Selatan"
"lancip","5","Bahasa Banjar","Kalimantan Selatan"
"langganan","5","Bahasa Banjar","Kalimantan Selatan"
"langit","5","Bahasa Banjar","Kalimantan Selatan"
"langka","5","Bahasa Banjar","Kalimantan Selatan"
"langkah","5","Bahasa Banjar","Kalimantan Selatan"
"langkahi","5","Bahasa Banjar","Kalimantan Selatan"
"lanjut","5","Bahasa Banjar","Kalimantan Selatan"
"lanjutnya","5","Bahasa Banjar","Kalimantan Selatan"
"lari","5","Bahasa Banjar","Kalimantan Selatan"
"laron","5","Bahasa Banjar","Kalimantan Selatan"
"latar","5","Bahasa Banjar","Kalimantan Selatan"
"layak","5","Bahasa Banjar","Kalimantan Selatan"
"lebah","5","Bahasa Banjar","Kalimantan Selatan"
"lebar","5","Bahasa Banjar","Kalimantan Selatan"
"lega","5","Bahasa Banjar","Kalimantan Selatan"
"leher","5","Bahasa Banjar","Kalimantan Selatan"
"lelah","5","Bahasa Banjar","Kalimantan Selatan"
"lelaki","5","Bahasa Banjar","Kalimantan Selatan"
"leluasa","5","Bahasa Banjar","Kalimantan Selatan"
"leluhur","5","Bahasa Banjar","Kalimantan Selatan"
"lemari","5","Bahasa Banjar","Kalimantan Selatan"
"lembab","5","Bahasa Banjar","Kalimantan Selatan"
"lempar","5","Bahasa Banjar","Kalimantan Selatan"
"lengah","5","Bahasa Banjar","Kalimantan Selatan"
"lengang","5","Bahasa Banjar","Kalimantan Selatan"
"lengkap","5","Bahasa Banjar","Kalimantan Selatan"
"lengkapnya","5","Bahasa Banjar","Kalimantan Selatan"
"lengkong","5","Bahasa Banjar","Kalimantan Selatan"
"lengkuas","5","Bahasa Banjar","Kalimantan Selatan"
"lengkung","5","Bahasa Banjar","Kalimantan Selatan"
"lepas","5","Bahasa Banjar","Kalimantan Selatan"
"letkol","5","Bahasa Banjar","Kalimantan Selatan"
"letnan","5","Bahasa Banjar","Kalimantan Selatan"
"licik","5","Bahasa Banjar","Kalimantan Selatan"
"lidah","5","Bahasa Banjar","Kalimantan Selatan"
"lihat","5","Bahasa Banjar","Kalimantan Selatan"
"lingkaran","5","Bahasa Banjar","Kalimantan Selatan"
"lipat","5","Bahasa Banjar","Kalimantan Selatan"
"lokasi","5","Bahasa Banjar","Kalimantan Selatan"
"lomba","5","Bahasa Banjar","Kalimantan Selatan"
"loncat","5","Bahasa Banjar","Kalimantan Selatan"
"longgar","5","Bahasa Banjar","Kalimantan Selatan"
"luar","5","Bahasa Banjar","Kalimantan Selatan"
"luar biasa","5","Bahasa Banjar","Kalimantan Selatan"
"lubang","5","Bahasa Banjar","Kalimantan Selatan"
"lucu","5","Bahasa Banjar","Kalimantan Selatan"
"luka","5","Bahasa Banjar","Kalimantan Selatan"
"luka berat","5","Bahasa Banjar","Kalimantan Selatan"
"lulus","5","Bahasa Banjar","Kalimantan Selatan"
"lulusan","5","Bahasa Banjar","Kalimantan Selatan"
"lumayan","5","Bahasa Banjar","Kalimantan Selatan"
"lumba-lumba","5","Bahasa Banjar","Kalimantan Selatan"
"lumut","5","Bahasa Banjar","Kalimantan Selatan"
"lunak","5","Bahasa Banjar","Kalimantan Selatan"
"lunas","5","Bahasa Banjar","Kalimantan Selatan"
"luntur","5","Bahasa Banjar","Kalimantan Selatan"
"lupa","5","Bahasa Banjar","Kalimantan Selatan"
"lusa","5","Bahasa Banjar","Kalimantan Selatan"
"lutut","5","Bahasa Banjar","Kalimantan Selatan"
"maaf","5","Bahasa Banjar","Kalimantan Selatan"
"mabuk","5","Bahasa Banjar","Kalimantan Selatan"
"macam","5","Bahasa Banjar","Kalimantan Selatan"
"madya","5","Bahasa Banjar","Kalimantan Selatan"
"Magenta","5","Bahasa Banjar","Kalimantan Selatan"
"maghrib","5","Bahasa Banjar","Kalimantan Selatan"
"mahal","5","Bahasa Banjar","Kalimantan Selatan"
"mahasiswa","5","Bahasa Banjar","Kalimantan Selatan"
"mahir","5","Bahasa Banjar","Kalimantan Selatan"
"malam","5","Bahasa Banjar","Kalimantan Selatan"
"malas","5","Bahasa Banjar","Kalimantan Selatan"
"mancung","5","Bahasa Banjar","Kalimantan Selatan"
"mandek","5","Bahasa Banjar","Kalimantan Selatan"
"mandi","5","Bahasa Banjar","Kalimantan Selatan"
"manfaat","5","Bahasa Banjar","Kalimantan Selatan"
"manfaatnya","5","Bahasa Banjar","Kalimantan Selatan"
"manggis","5","Bahasa Banjar","Kalimantan Selatan"
"manis","5","Bahasa Banjar","Kalimantan Selatan"
"manja","5","Bahasa Banjar","Kalimantan Selatan"
"manusia","5","Bahasa Banjar","Kalimantan Selatan"
"manyun","5","Bahasa Banjar","Kalimantan Selatan"
"marah","5","Bahasa Banjar","Kalimantan Selatan"
"martabat","5","Bahasa Banjar","Kalimantan Selatan"
"masa","5","Bahasa Banjar","Kalimantan Selatan"
"masing","5","Bahasa Banjar","Kalimantan Selatan"
"masjid","5","Bahasa Banjar","Kalimantan Selatan"
"maskawin","5","Bahasa Banjar","Kalimantan Selatan"
"massa","5","Bahasa Banjar","Kalimantan Selatan"
"masuk","5","Bahasa Banjar","Kalimantan Selatan"
"masyarakat","5","Bahasa Banjar","Kalimantan Selatan"
"mata","5","Bahasa Banjar","Kalimantan Selatan"
"matahari","5","Bahasa Banjar","Kalimantan Selatan"
"matanya","5","Bahasa Banjar","Kalimantan Selatan"
"Mawar","5","Bahasa Banjar","Kalimantan Selatan"
"maya","5","Bahasa Banjar","Kalimantan Selatan"
"media","5","Bahasa Banjar","Kalimantan Selatan"
"medis","5","Bahasa Banjar","Kalimantan Selatan"
"mei","5","Bahasa Banjar","Kalimantan Selatan"
"meja","5","Bahasa Banjar","Kalimantan Selatan"
"mekanik","5","Bahasa Banjar","Kalimantan Selatan"
"mekaniknya","5","Bahasa Banjar","Kalimantan Selatan"
"mekar","5","Bahasa Banjar","Kalimantan Selatan"
"melacur","5","Bahasa Banjar","Kalimantan Selatan"
"melakukan","5","Bahasa Banjar","Kalimantan Selatan"
"melanda","5","Bahasa Banjar","Kalimantan Selatan"
"melanggar","5","Bahasa Banjar","Kalimantan Selatan"
"melanjutkan","5","Bahasa Banjar","Kalimantan Selatan"
"melantik","5","Bahasa Banjar","Kalimantan Selatan"
"melarikan","5","Bahasa Banjar","Kalimantan Selatan"
"melayani","5","Bahasa Banjar","Kalimantan Selatan"
"melecehkan","5","Bahasa Banjar","Kalimantan Selatan"
"melekat","5","Bahasa Banjar","Kalimantan Selatan"
"meleleh","5","Bahasa Banjar","Kalimantan Selatan"
"melengkung","5","Bahasa Banjar","Kalimantan Selatan"
"melengkungkan","5","Bahasa Banjar","Kalimantan Selatan"
"melepaskan","5","Bahasa Banjar","Kalimantan Selatan"
"meletakkan","5","Bahasa Banjar","Kalimantan Selatan"
"meletus","5","Bahasa Banjar","Kalimantan Selatan"
"melihat","5","Bahasa Banjar","Kalimantan Selatan"
"melihat-lihat","5","Bahasa Banjar","Kalimantan Selatan"
"melindungi","5","Bahasa Banjar","Kalimantan Selatan"
"meliputi","5","Bahasa Banjar","Kalimantan Selatan"
"melotot","5","Bahasa Banjar","Kalimantan Selatan"
"melunakkan","5","Bahasa Banjar","Kalimantan Selatan"
"melupakan","5","Bahasa Banjar","Kalimantan Selatan"
"memadai","5","Bahasa Banjar","Kalimantan Selatan"
"memagari","5","Bahasa Banjar","Kalimantan Selatan"
"memahami","5","Bahasa Banjar","Kalimantan Selatan"
"memakai","5","Bahasa Banjar","Kalimantan Selatan"
"memakainya","5","Bahasa Banjar","Kalimantan Selatan"
"memalukan","5","Bahasa Banjar","Kalimantan Selatan"
"memancing","5","Bahasa Banjar","Kalimantan Selatan"
"memandang","5","Bahasa Banjar","Kalimantan Selatan"
"memanggang","5","Bahasa Banjar","Kalimantan Selatan"
"memanggil/menelpon","5","Bahasa Banjar","Kalimantan Selatan"
"memanjakan","5","Bahasa Banjar","Kalimantan Selatan"
"memantau","5","Bahasa Banjar","Kalimantan Selatan"
"memarahi","5","Bahasa Banjar","Kalimantan Selatan"
"memastikan","5","Bahasa Banjar","Kalimantan Selatan"
"memasukkan","5","Bahasa Banjar","Kalimantan Selatan"
"mematuk","5","Bahasa Banjar","Kalimantan Selatan"
"membaca","5","Bahasa Banjar","Kalimantan Selatan"
"membacanya","5","Bahasa Banjar","Kalimantan Selatan"
"membangkang","5","Bahasa Banjar","Kalimantan Selatan"
"membangun","5","Bahasa Banjar","Kalimantan Selatan"
"membantah","5","Bahasa Banjar","Kalimantan Selatan"
"membantu","5","Bahasa Banjar","Kalimantan Selatan"
"membara","5","Bahasa Banjar","Kalimantan Selatan"
"membasuh","5","Bahasa Banjar","Kalimantan Selatan"
"membatas","5","Bahasa Banjar","Kalimantan Selatan"
"membawa","5","Bahasa Banjar","Kalimantan Selatan"
"membayar","5","Bahasa Banjar","Kalimantan Selatan"
"membeku","5","Bahasa Banjar","Kalimantan Selatan"
"membeli","5","Bahasa Banjar","Kalimantan Selatan"
"membendung","5","Bahasa Banjar","Kalimantan Selatan"
"membentak","5","Bahasa Banjar","Kalimantan Selatan"
"memberantas","5","Bahasa Banjar","Kalimantan Selatan"
"memberi","5","Bahasa Banjar","Kalimantan Selatan"
"memberitakan","5","Bahasa Banjar","Kalimantan Selatan"
"membiarkan","5","Bahasa Banjar","Kalimantan Selatan"
"membicarakan","5","Bahasa Banjar","Kalimantan Selatan"
"membidik","5","Bahasa Banjar","Kalimantan Selatan"
"membuat","5","Bahasa Banjar","Kalimantan Selatan"
"membuatkan","5","Bahasa Banjar","Kalimantan Selatan"
"membuka","5","Bahasa Banjar","Kalimantan Selatan"
"membutuhkan","5","Bahasa Banjar","Kalimantan Selatan"
"memegang","5","Bahasa Banjar","Kalimantan Selatan"
"memelintir","5","Bahasa Banjar","Kalimantan Selatan"
"memendekkan","5","Bahasa Banjar","Kalimantan Selatan"
"memenuhi","5","Bahasa Banjar","Kalimantan Selatan"
"memenuhinya","5","Bahasa Banjar","Kalimantan Selatan"
"memerangi","5","Bahasa Banjar","Kalimantan Selatan"
"memeras","5","Bahasa Banjar","Kalimantan Selatan"
"memercik","5","Bahasa Banjar","Kalimantan Selatan"
"memerlukan","5","Bahasa Banjar","Kalimantan Selatan"
"memesan","5","Bahasa Banjar","Kalimantan Selatan"
"memikirkannya","5","Bahasa Banjar","Kalimantan Selatan"
"memikul","5","Bahasa Banjar","Kalimantan Selatan"
"memilih","5","Bahasa Banjar","Kalimantan Selatan"
"memimpin","5","Bahasa Banjar","Kalimantan Selatan"
"meminta","5","Bahasa Banjar","Kalimantan Selatan"
"meminum","5","Bahasa Banjar","Kalimantan Selatan"
"memisahkan","5","Bahasa Banjar","Kalimantan Selatan"
"memotong","5","Bahasa Banjar","Kalimantan Selatan"
"mempelajari","5","Bahasa Banjar","Kalimantan Selatan"
"mempengaruhi","5","Bahasa Banjar","Kalimantan Selatan"
"memperbolehkannya","5","Bahasa Banjar","Kalimantan Selatan"
"mempercayai","5","Bahasa Banjar","Kalimantan Selatan"
"mempercayakan","5","Bahasa Banjar","Kalimantan Selatan"
"memperingati","5","Bahasa Banjar","Kalimantan Selatan"
"memperkenalkan","5","Bahasa Banjar","Kalimantan Selatan"
"memperkuat","5","Bahasa Banjar","Kalimantan Selatan"
"mempersiapkan","5","Bahasa Banjar","Kalimantan Selatan"
"mempertanyakan","5","Bahasa Banjar","Kalimantan Selatan"
"menabuh","5","Bahasa Banjar","Kalimantan Selatan"
"menagih","5","Bahasa Banjar","Kalimantan Selatan"
"menahan","5","Bahasa Banjar","Kalimantan Selatan"
"menambah","5","Bahasa Banjar","Kalimantan Selatan"
"menampilkan","5","Bahasa Banjar","Kalimantan Selatan"
"menampung","5","Bahasa Banjar","Kalimantan Selatan"
"menampungnya","5","Bahasa Banjar","Kalimantan Selatan"
"menanam","5","Bahasa Banjar","Kalimantan Selatan"
"menancap","5","Bahasa Banjar","Kalimantan Selatan"
"menancapkan","5","Bahasa Banjar","Kalimantan Selatan"
"menciptakan","5","Bahasa Banjar","Kalimantan Selatan"
"mencoba","5","Bahasa Banjar","Kalimantan Selatan"
"mendapat","5","Bahasa Banjar","Kalimantan Selatan"
"mendengar","5","Bahasa Banjar","Kalimantan Selatan"
"mendukung","5","Bahasa Banjar","Kalimantan Selatan"
"menemui","5","Bahasa Banjar","Kalimantan Selatan"
"menemukan","5","Bahasa Banjar","Kalimantan Selatan"
"menerapkan","5","Bahasa Banjar","Kalimantan Selatan"
"menerima","5","Bahasa Banjar","Kalimantan Selatan"
"menerpa","5","Bahasa Banjar","Kalimantan Selatan"
"menetes","5","Bahasa Banjar","Kalimantan Selatan"
"mengantongi","5","Bahasa Banjar","Kalimantan Selatan"
"mengapa","5","Bahasa Banjar","Kalimantan Selatan"
"mengarak","5","Bahasa Banjar","Kalimantan Selatan"
"mengatakan","5","Bahasa Banjar","Kalimantan Selatan"
"mengatasi","5","Bahasa Banjar","Kalimantan Selatan"
"mengayun","5","Bahasa Banjar","Kalimantan Selatan"
"mengebutkan","5","Bahasa Banjar","Kalimantan Selatan"
"mengecek","5","Bahasa Banjar","Kalimantan Selatan"
"mengecer","5","Bahasa Banjar","Kalimantan Selatan"
"mengecewakan","5","Bahasa Banjar","Kalimantan Selatan"
"mengeduk","5","Bahasa Banjar","Kalimantan Selatan"
"mengejar","5","Bahasa Banjar","Kalimantan Selatan"
"mengelak","5","Bahasa Banjar","Kalimantan Selatan"
"mengelas","5","Bahasa Banjar","Kalimantan Selatan"
"mengelola","5","Bahasa Banjar","Kalimantan Selatan"
"mengeluh","5","Bahasa Banjar","Kalimantan Selatan"
"mengembalikan","5","Bahasa Banjar","Kalimantan Selatan"
"mengembangkan","5","Bahasa Banjar","Kalimantan Selatan"
"menggunakan","5","Bahasa Banjar","Kalimantan Selatan"
"mengguncang","5","Bahasa Banjar","Kalimantan Selatan"
"menghabiskan","5","Bahasa Banjar","Kalimantan Selatan"
"menghadap","5","Bahasa Banjar","Kalimantan Selatan"
"menghadapi","5","Bahasa Banjar","Kalimantan Selatan"
"mengirim","5","Bahasa Banjar","Kalimantan Selatan"
"mengirimkan","5","Bahasa Banjar","Kalimantan Selatan"
"mengisi","5","Bahasa Banjar","Kalimantan Selatan"
"mengizinkan","5","Bahasa Banjar","Kalimantan Selatan"
"mengurusi","5","Bahasa Banjar","Kalimantan Selatan"
"mengusir","5","Bahasa Banjar","Kalimantan Selatan"
"mengusulkan","5","Bahasa Banjar","Kalimantan Selatan"
"mengutamakan","5","Bahasa Banjar","Kalimantan Selatan"
"mengutus","5","Bahasa Banjar","Kalimantan Selatan"
"meniadakan","5","Bahasa Banjar","Kalimantan Selatan"
"menikah","5","Bahasa Banjar","Kalimantan Selatan"
"menikahi","5","Bahasa Banjar","Kalimantan Selatan"
"menikahinya","5","Bahasa Banjar","Kalimantan Selatan"
"menikmati","5","Bahasa Banjar","Kalimantan Selatan"
"meniru","5","Bahasa Banjar","Kalimantan Selatan"
"menistakan","5","Bahasa Banjar","Kalimantan Selatan"
"menit","5","Bahasa Banjar","Kalimantan Selatan"
"menitan","5","Bahasa Banjar","Kalimantan Selatan"
"menjabat","5","Bahasa Banjar","Kalimantan Selatan"
"menjadi","5","Bahasa Banjar","Kalimantan Selatan"
"menjaga/menyimpan","5","Bahasa Banjar","Kalimantan Selatan"
"menjahit","5","Bahasa Banjar","Kalimantan Selatan"
"menjarangkan","5","Bahasa Banjar","Kalimantan Selatan"
"menjawab","5","Bahasa Banjar","Kalimantan Selatan"
"menjelaskan","5","Bahasa Banjar","Kalimantan Selatan"
"menjerat","5","Bahasa Banjar","Kalimantan Selatan"
"menjorok","5","Bahasa Banjar","Kalimantan Selatan"
"menjual","5","Bahasa Banjar","Kalimantan Selatan"
"menolak","5","Bahasa Banjar","Kalimantan Selatan"
"menolong","5","Bahasa Banjar","Kalimantan Selatan"
"menonton","5","Bahasa Banjar","Kalimantan Selatan"
"mentah","5","Bahasa Banjar","Kalimantan Selatan"
"menteri","5","Bahasa Banjar","Kalimantan Selatan"
"menua","5","Bahasa Banjar","Kalimantan Selatan"
"menuangkan","5","Bahasa Banjar","Kalimantan Selatan"
"menuduh","5","Bahasa Banjar","Kalimantan Selatan"
"menuju","5","Bahasa Banjar","Kalimantan Selatan"
"menukar","5","Bahasa Banjar","Kalimantan Selatan"
"menular","5","Bahasa Banjar","Kalimantan Selatan"
"menulis","5","Bahasa Banjar","Kalimantan Selatan"
"menuliskan","5","Bahasa Banjar","Kalimantan Selatan"
"menuliskannya","5","Bahasa Banjar","Kalimantan Selatan"
"menumbuhkan","5","Bahasa Banjar","Kalimantan Selatan"
"menumpang","5","Bahasa Banjar","Kalimantan Selatan"
"menumpuk","5","Bahasa Banjar","Kalimantan Selatan"
"menundukkan","5","Bahasa Banjar","Kalimantan Selatan"
"menunggu","5","Bahasa Banjar","Kalimantan Selatan"
"menunjangnya","5","Bahasa Banjar","Kalimantan Selatan"
"menunjuk","5","Bahasa Banjar","Kalimantan Selatan"
"menunjukkan","5","Bahasa Banjar","Kalimantan Selatan"
"menuntaskan","5","Bahasa Banjar","Kalimantan Selatan"
"menuntut","5","Bahasa Banjar","Kalimantan Selatan"
"menurun","5","Bahasa Banjar","Kalimantan Selatan"
"menurunkan","5","Bahasa Banjar","Kalimantan Selatan"
"menurunnya","5","Bahasa Banjar","Kalimantan Selatan"
"menurut","5","Bahasa Banjar","Kalimantan Selatan"
"menusuk","5","Bahasa Banjar","Kalimantan Selatan"
"menutupi","5","Bahasa Banjar","Kalimantan Selatan"
"menutupkan","5","Bahasa Banjar","Kalimantan Selatan"
"menuturkan","5","Bahasa Banjar","Kalimantan Selatan"
"menyabet","5","Bahasa Banjar","Kalimantan Selatan"
"menyadap","5","Bahasa Banjar","Kalimantan Selatan"
"menyadari","5","Bahasa Banjar","Kalimantan Selatan"
"menyakitkan","5","Bahasa Banjar","Kalimantan Selatan"
"menyaksikan","5","Bahasa Banjar","Kalimantan Selatan"
"menyala","5","Bahasa Banjar","Kalimantan Selatan"
"menyalahi","5","Bahasa Banjar","Kalimantan Selatan"
"menyalurkan","5","Bahasa Banjar","Kalimantan Selatan"
"menyamai","5","Bahasa Banjar","Kalimantan Selatan"
"menyamakan","5","Bahasa Banjar","Kalimantan Selatan"
"menyamar","5","Bahasa Banjar","Kalimantan Selatan"
"menyambar","5","Bahasa Banjar","Kalimantan Selatan"
"menyapu","5","Bahasa Banjar","Kalimantan Selatan"
"menyaring","5","Bahasa Banjar","Kalimantan Selatan"
"menyerbu","5","Bahasa Banjar","Kalimantan Selatan"
"menyeringai","5","Bahasa Banjar","Kalimantan Selatan"
"menyerupai","5","Bahasa Banjar","Kalimantan Selatan"
"menyumbat","5","Bahasa Banjar","Kalimantan Selatan"
"menyurati","5","Bahasa Banjar","Kalimantan Selatan"
"menyusul","5","Bahasa Banjar","Kalimantan Selatan"
"menyusun","5","Bahasa Banjar","Kalimantan Selatan"
"Merah","5","Bahasa Banjar","Kalimantan Selatan"
"Merah jambu","5","Bahasa Banjar","Kalimantan Selatan"
"Merah marun","5","Bahasa Banjar","Kalimantan Selatan"
"merasa","5","Bahasa Banjar","Kalimantan Selatan"
"merubah","5","Bahasa Banjar","Kalimantan Selatan"
"Minuman","5","Bahasa Banjar","Kalimantan Selatan"
"Mobil","5","Bahasa Banjar","Kalimantan Selatan"
"mungkin","5","Bahasa Banjar","Kalimantan Selatan"
"negatif","5","Bahasa Banjar","Kalimantan Selatan"
"negeri","5","Bahasa Banjar","Kalimantan Selatan"
"nelayan","5","Bahasa Banjar","Kalimantan Selatan"
"nenek","5","Bahasa Banjar","Kalimantan Selatan"
"niat","5","Bahasa Banjar","Kalimantan Selatan"
"orang","5","Bahasa Banjar","Kalimantan Selatan"
"pacet","5","Bahasa Banjar","Kalimantan Selatan"
"pada","5","Bahasa Banjar","Kalimantan Selatan"
"padahal","5","Bahasa Banjar","Kalimantan Selatan"
"padam","5","Bahasa Banjar","Kalimantan Selatan"
"padat","5","Bahasa Banjar","Kalimantan Selatan"
"padi","5","Bahasa Banjar","Kalimantan Selatan"
"paha","5","Bahasa Banjar","Kalimantan Selatan"
"paham","5","Bahasa Banjar","Kalimantan Selatan"
"pahlawan","5","Bahasa Banjar","Kalimantan Selatan"
"pakai","5","Bahasa Banjar","Kalimantan Selatan"
"pakaian","5","Bahasa Banjar","Kalimantan Selatan"
"palsu","5","Bahasa Banjar","Kalimantan Selatan"
"palu","5","Bahasa Banjar","Kalimantan Selatan"
"panjang","5","Bahasa Banjar","Kalimantan Selatan"
"pantai","5","Bahasa Banjar","Kalimantan Selatan"
"papan","5","Bahasa Banjar","Kalimantan Selatan"
"parah","5","Bahasa Banjar","Kalimantan Selatan"
"pedas","5","Bahasa Banjar","Kalimantan Selatan"
"pedih","5","Bahasa Banjar","Kalimantan Selatan"
"pejuang","5","Bahasa Banjar","Kalimantan Selatan"
"pelabuhan","5","Bahasa Banjar","Kalimantan Selatan"
"pelihara","5","Bahasa Banjar","Kalimantan Selatan"
"pemain","5","Bahasa Banjar","Kalimantan Selatan"
"pemilik","5","Bahasa Banjar","Kalimantan Selatan"
"pemuda","5","Bahasa Banjar","Kalimantan Selatan"
"penakut","5","Bahasa Banjar","Kalimantan Selatan"
"pengemudi","5","Bahasa Banjar","Kalimantan Selatan"
"penyu","5","Bahasa Banjar","Kalimantan Selatan"
"Perak","5","Bahasa Banjar","Kalimantan Selatan"
"pergi","5","Bahasa Banjar","Kalimantan Selatan"
"Perhiasan","5","Bahasa Banjar","Kalimantan Selatan"
"perunggu","5","Bahasa Banjar","Kalimantan Selatan"
"perusahaan","5","Bahasa Banjar","Kalimantan Selatan"
"pesan","5","Bahasa Banjar","Kalimantan Selatan"
"pesanan","5","Bahasa Banjar","Kalimantan Selatan"
"pesantren","5","Bahasa Banjar","Kalimantan Selatan"
"pesing","5","Bahasa Banjar","Kalimantan Selatan"
"pesisir","5","Bahasa Banjar","Kalimantan Selatan"
"petai","5","Bahasa Banjar","Kalimantan Selatan"
"petang","5","Bahasa Banjar","Kalimantan Selatan"
"petani","5","Bahasa Banjar","Kalimantan Selatan"
"petaninya","5","Bahasa Banjar","Kalimantan Selatan"
"pintu","5","Bahasa Banjar","Kalimantan Selatan"
"pisau","5","Bahasa Banjar","Kalimantan Selatan"
"pohon","5","Bahasa Banjar","Kalimantan Selatan"
"prakteknya","5","Bahasa Banjar","Kalimantan Selatan"
"pria","5","Bahasa Banjar","Kalimantan Selatan"
"pribadi","5","Bahasa Banjar","Kalimantan Selatan"
"pribumi","5","Bahasa Banjar","Kalimantan Selatan"
"produk","5","Bahasa Banjar","Kalimantan Selatan"
"produksi","5","Bahasa Banjar","Kalimantan Selatan"
"program","5","Bahasa Banjar","Kalimantan Selatan"
"pudar","5","Bahasa Banjar","Kalimantan Selatan"
"pula","5","Bahasa Banjar","Kalimantan Selatan"
"pulang","5","Bahasa Banjar","Kalimantan Selatan"
"pusat","5","Bahasa Banjar","Kalimantan Selatan"
"putar","5","Bahasa Banjar","Kalimantan Selatan"
"putih","5","Bahasa Banjar","Kalimantan Selatan"
"rakyat","5","Bahasa Banjar","Kalimantan Selatan"
"ramadhan","5","Bahasa Banjar","Kalimantan Selatan"
"rambut","5","Bahasa Banjar","Kalimantan Selatan"
"rame","5","Bahasa Banjar","Kalimantan Selatan"
"rampok","5","Bahasa Banjar","Kalimantan Selatan"
"rapi","5","Bahasa Banjar","Kalimantan Selatan"
"rasa","5","Bahasa Banjar","Kalimantan Selatan"
"rata","5","Bahasa Banjar","Kalimantan Selatan"
"ratu","5","Bahasa Banjar","Kalimantan Selatan"
"rawa","5","Bahasa Banjar","Kalimantan Selatan"
"rayap","5","Bahasa Banjar","Kalimantan Selatan"
"remaja","5","Bahasa Banjar","Kalimantan Selatan"
"rindu","5","Bahasa Banjar","Kalimantan Selatan"
"rokok","5","Bahasa Banjar","Kalimantan Selatan"
"rokoknya","5","Bahasa Banjar","Kalimantan Selatan"
"rontok","5","Bahasa Banjar","Kalimantan Selatan"
"rotan","5","Bahasa Banjar","Kalimantan Selatan"
"ruangan","5","Bahasa Banjar","Kalimantan Selatan"
"rugi","5","Bahasa Banjar","Kalimantan Selatan"
"rujukan","5","Bahasa Banjar","Kalimantan Selatan"
"rukun","5","Bahasa Banjar","Kalimantan Selatan"
"rumah","5","Bahasa Banjar","Kalimantan Selatan"
"rumah tangga","5","Bahasa Banjar","Kalimantan Selatan"
"rumpun","5","Bahasa Banjar","Kalimantan Selatan"
"rupanya","5","Bahasa Banjar","Kalimantan Selatan"
"rusa","5","Bahasa Banjar","Kalimantan Selatan"
"rutinnya","5","Bahasa Banjar","Kalimantan Selatan"
"saat","5","Bahasa Banjar","Kalimantan Selatan"
"sakit-sakitan","5","Bahasa Banjar","Kalimantan Selatan"
"saksikan","5","Bahasa Banjar","Kalimantan Selatan"
"salah satu","5","Bahasa Banjar","Kalimantan Selatan"
"salah satunya","5","Bahasa Banjar","Kalimantan Selatan"
"seberang","5","Bahasa Banjar","Kalimantan Selatan"
"seberapa","5","Bahasa Banjar","Kalimantan Selatan"
"sejajar","5","Bahasa Banjar","Kalimantan Selatan"
"sejalan","5","Bahasa Banjar","Kalimantan Selatan"
"sejarah","5","Bahasa Banjar","Kalimantan Selatan"
"sekolah","5","Bahasa Banjar","Kalimantan Selatan"
"sekolahnya","5","Bahasa Banjar","Kalimantan Selatan"
"sekongkol","5","Bahasa Banjar","Kalimantan Selatan"
"sekotamadya","5","Bahasa Banjar","Kalimantan Selatan"
"seks","5","Bahasa Banjar","Kalimantan Selatan"
"sekurang-kurangnya","5","Bahasa Banjar","Kalimantan Selatan"
"sel","5","Bahasa Banjar","Kalimantan Selatan"
"selain","5","Bahasa Banjar","Kalimantan Selatan"
"selain itu","5","Bahasa Banjar","Kalimantan Selatan"
"selaku","5","Bahasa Banjar","Kalimantan Selatan"
"sempitnya","5","Bahasa Banjar","Kalimantan Selatan"
"sempurna","5","Bahasa Banjar","Kalimantan Selatan"
"semut","5","Bahasa Banjar","Kalimantan Selatan"
"senang","5","Bahasa Banjar","Kalimantan Selatan"
"senapan","5","Bahasa Banjar","Kalimantan Selatan"
"senapannya","5","Bahasa Banjar","Kalimantan Selatan"
"senat","5","Bahasa Banjar","Kalimantan Selatan"
"senator","5","Bahasa Banjar","Kalimantan Selatan"
"sendirian","5","Bahasa Banjar","Kalimantan Selatan"
"sendok","5","Bahasa Banjar","Kalimantan Selatan"
"seng","5","Bahasa Banjar","Kalimantan Selatan"
"senggol","5","Bahasa Banjar","Kalimantan Selatan"
"sengsara","5","Bahasa Banjar","Kalimantan Selatan"
"Seni","5","Bahasa Banjar","Kalimantan Selatan"
"sentuh","5","Bahasa Banjar","Kalimantan Selatan"
"sering","5","Bahasa Banjar","Kalimantan Selatan"
"sesuai","5","Bahasa Banjar","Kalimantan Selatan"
"sial","5","Bahasa Banjar","Kalimantan Selatan"
"siap","5","Bahasa Banjar","Kalimantan Selatan"
"siapa","5","Bahasa Banjar","Kalimantan Selatan"
"siapakah","5","Bahasa Banjar","Kalimantan Selatan"
"siapapun","5","Bahasa Banjar","Kalimantan Selatan"
"siapkan","5","Bahasa Banjar","Kalimantan Selatan"
"sifat","5","Bahasa Banjar","Kalimantan Selatan"
"simpul","5","Bahasa Banjar","Kalimantan Selatan"
"sindiran","5","Bahasa Banjar","Kalimantan Selatan"
"singa","5","Bahasa Banjar","Kalimantan Selatan"
"singkat","5","Bahasa Banjar","Kalimantan Selatan"
"singkatan","5","Bahasa Banjar","Kalimantan Selatan"
"singkong","5","Bahasa Banjar","Kalimantan Selatan"
"suami","5","Bahasa Banjar","Kalimantan Selatan"
"suamiku","5","Bahasa Banjar","Kalimantan Selatan"
"suaminya","5","Bahasa Banjar","Kalimantan Selatan"
"suara","5","Bahasa Banjar","Kalimantan Selatan"
"suaranya","5","Bahasa Banjar","Kalimantan Selatan"
"suci","5","Bahasa Banjar","Kalimantan Selatan"
"sulit","5","Bahasa Banjar","Kalimantan Selatan"
"sumur","5","Bahasa Banjar","Kalimantan Selatan"
"sungai","5","Bahasa Banjar","Kalimantan Selatan"
"supaya","5","Bahasa Banjar","Kalimantan Selatan"
"susu","5","Bahasa Banjar","Kalimantan Selatan"
"susunan","5","Bahasa Banjar","Kalimantan Selatan"
"taat","5","Bahasa Banjar","Kalimantan Selatan"
"tabiat","5","Bahasa Banjar","Kalimantan Selatan"
"tablig","5","Bahasa Banjar","Kalimantan Selatan"
"tabu","5","Bahasa Banjar","Kalimantan Selatan"
"tadi","5","Bahasa Banjar","Kalimantan Selatan"
"takut","5","Bahasa Banjar","Kalimantan Selatan"
"tambahan","5","Bahasa Banjar","Kalimantan Selatan"
"tambat","5","Bahasa Banjar","Kalimantan Selatan"
"tampak","5","Bahasa Banjar","Kalimantan Selatan"
"tampung","5","Bahasa Banjar","Kalimantan Selatan"
"tamu","5","Bahasa Banjar","Kalimantan Selatan"
"tanam","5","Bahasa Banjar","Kalimantan Selatan"
"tegas","5","Bahasa Banjar","Kalimantan Selatan"
"teguh","5","Bahasa Banjar","Kalimantan Selatan"
"tema","5","Bahasa Banjar","Kalimantan Selatan"
"teman","5","Bahasa Banjar","Kalimantan Selatan"
"tenaga","5","Bahasa Banjar","Kalimantan Selatan"
"tenang","5","Bahasa Banjar","Kalimantan Selatan"
"tentu","5","Bahasa Banjar","Kalimantan Selatan"
"teorinya","5","Bahasa Banjar","Kalimantan Selatan"
"tepat","5","Bahasa Banjar","Kalimantan Selatan"
"tepatnya","5","Bahasa Banjar","Kalimantan Selatan"
"tepung","5","Bahasa Banjar","Kalimantan Selatan"
"terakhir","5","Bahasa Banjar","Kalimantan Selatan"
"teralami","5","Bahasa Banjar","Kalimantan Selatan"
"teramati","5","Bahasa Banjar","Kalimantan Selatan"
"terang","5","Bahasa Banjar","Kalimantan Selatan"
"terigu","5","Bahasa Banjar","Kalimantan Selatan"
"terima","5","Bahasa Banjar","Kalimantan Selatan"
"terima kasih","5","Bahasa Banjar","Kalimantan Selatan"
"tewas","5","Bahasa Banjar","Kalimantan Selatan"
"tiba","5","Bahasa Banjar","Kalimantan Selatan"
"tikus","5","Bahasa Banjar","Kalimantan Selatan"
"tinggal","5","Bahasa Banjar","Kalimantan Selatan"
"tokoh","5","Bahasa Banjar","Kalimantan Selatan"
"tolak","5","Bahasa Banjar","Kalimantan Selatan"
"toleransi","5","Bahasa Banjar","Kalimantan Selatan"
"tolong","5","Bahasa Banjar","Kalimantan Selatan"
"tuan","5","Bahasa Banjar","Kalimantan Selatan"
"tumbuh","5","Bahasa Banjar","Kalimantan Selatan"
"Tumbuhan","5","Bahasa Banjar","Kalimantan Selatan"
"tumpul","5","Bahasa Banjar","Kalimantan Selatan"
"tupai","5","Bahasa Banjar","Kalimantan Selatan"
"udang","5","Bahasa Banjar","Kalimantan Selatan"
"ular","5","Bahasa Banjar","Kalimantan Selatan"
"ulat","5","Bahasa Banjar","Kalimantan Selatan"
"umat","5","Bahasa Banjar","Kalimantan Selatan"
"umbi","5","Bahasa Banjar","Kalimantan Selatan"
"umpama","5","Bahasa Banjar","Kalimantan Selatan"
"upacara","5","Bahasa Banjar","Kalimantan Selatan"
"urusan","5","Bahasa Banjar","Kalimantan Selatan"
"usaha","5","Bahasa Banjar","Kalimantan Selatan"
"usia","5","Bahasa Banjar","Kalimantan Selatan"
"usul","5","Bahasa Banjar","Kalimantan Selatan"
"usus","5","Bahasa Banjar","Kalimantan Selatan"
"utama","5","Bahasa Banjar","Kalimantan Selatan"
"utang","5","Bahasa Banjar","Kalimantan Selatan"
"utara","5","Bahasa Banjar","Kalimantan Selatan"
"Violet","5","Bahasa Banjar","Kalimantan Selatan"
"wajah","5","Bahasa Banjar","Kalimantan Selatan"
"wajahnya","5","Bahasa Banjar","Kalimantan Selatan"
"wajar","5","Bahasa Banjar","Kalimantan Selatan"
"wajib","5","Bahasa Banjar","Kalimantan Selatan"
"waktunya","5","Bahasa Banjar","Kalimantan Selatan"
"wanita","5","Bahasa Banjar","Kalimantan Selatan"
"warna","5","Bahasa Banjar","Kalimantan Selatan"