"abad","1","Bahasa Batak Simalungun","Sumatera Utara"
"abadi","2","Bahasa Batak Simalungun","Sumatera Utara"
"abang","3","Bahasa Batak Simalungun","Sumatera Utara"
"acak","4","Bahasa Batak Simalungun","Sumatera Utara"
"acara","5","Bahasa Batak Simalungun","Sumatera Utara"
"acaranya","5","Bahasa Batak Simalungun","Sumatera Utara"
"ada","5","Bahasa Batak Simalungun","Sumatera Utara"
"adu","5","Bahasa Batak Simalungun","Sumatera Utara"
"agak","5","Bahasa Batak Simalungun","Sumatera Utara"
"agar","5","Bahasa Batak Simalungun","Sumatera Utara"
"air","5","Bahasa Batak Simalungun","Sumatera Utara"
"ajaran","5","Bahasa Batak Simalungun","Sumatera Utara"
"akal","5","Bahasa Batak Simalungun","Sumatera Utara"
"akan","5","Bahasa Batak Simalungun","Sumatera Utara"
"akar","5","Bahasa Batak Simalungun","Sumatera Utara"
"akhir","5","Bahasa Batak Simalungun","Sumatera Utara"
"akhirat","5","Bahasa Batak Simalungun","Sumatera Utara"
"akhirnya","5","Bahasa Batak Simalungun","Sumatera Utara"
"akibat","5","Bahasa Batak Simalungun","Sumatera Utara"
"aktif","5","Bahasa Batak Simalungun","Sumatera Utara"
"akun","5","Bahasa Batak Simalungun","Sumatera Utara"
"akur","5","Bahasa Batak Simalungun","Sumatera Utara"
"alam","5","Bahasa Batak Simalungun","Sumatera Utara"
"alamat","5","Bahasa Batak Simalungun","Sumatera Utara"
"aman","5","Bahasa Batak Simalungun","Sumatera Utara"
"amanah","5","Bahasa Batak Simalungun","Sumatera Utara"
"anak","5","Bahasa Batak Simalungun","Sumatera Utara"
"anak-anak","5","Bahasa Batak Simalungun","Sumatera Utara"
"anggota","5","Bahasa Batak Simalungun","Sumatera Utara"
"angsa","5","Bahasa Batak Simalungun","Sumatera Utara"
"anjing","5","Bahasa Batak Simalungun","Sumatera Utara"
"anting","5","Bahasa Batak Simalungun","Sumatera Utara"
"antri","5","Bahasa Batak Simalungun","Sumatera Utara"
"anugerah","5","Bahasa Batak Simalungun","Sumatera Utara"
"apa","5","Bahasa Batak Simalungun","Sumatera Utara"
"api","5","Bahasa Batak Simalungun","Sumatera Utara"
"asin","5","Bahasa Batak Simalungun","Sumatera Utara"
"asing","5","Bahasa Batak Simalungun","Sumatera Utara"
"asli","5","Bahasa Batak Simalungun","Sumatera Utara"
"aslinya","5","Bahasa Batak Simalungun","Sumatera Utara"
"asri","5","Bahasa Batak Simalungun","Sumatera Utara"
"asyik","5","Bahasa Batak Simalungun","Sumatera Utara"
"atap","5","Bahasa Batak Simalungun","Sumatera Utara"
"atas","5","Bahasa Batak Simalungun","Sumatera Utara"
"atlet","5","Bahasa Batak Simalungun","Sumatera Utara"
"awet","5","Bahasa Batak Simalungun","Sumatera Utara"
"ayah","5","Bahasa Batak Simalungun","Sumatera Utara"
"ayahnya","5","Bahasa Batak Simalungun","Sumatera Utara"
"ayam","5","Bahasa Batak Simalungun","Sumatera Utara"
"ayo","5","Bahasa Batak Simalungun","Sumatera Utara"
"babak","5","Bahasa Batak Simalungun","Sumatera Utara"
"babi","5","Bahasa Batak Simalungun","Sumatera Utara"
"bacaan","5","Bahasa Batak Simalungun","Sumatera Utara"
"bada","5","Bahasa Batak Simalungun","Sumatera Utara"
"badakÂ ","5","Bahasa Batak Simalungun","Sumatera Utara"
"bagian","5","Bahasa Batak Simalungun","Sumatera Utara"
"bagus","5","Bahasa Batak Simalungun","Sumatera Utara"
"bahagia","5","Bahasa Batak Simalungun","Sumatera Utara"
"bahan","5","Bahasa Batak Simalungun","Sumatera Utara"
"bahasa","5","Bahasa Batak Simalungun","Sumatera Utara"
"bahkan","5","Bahasa Batak Simalungun","Sumatera Utara"
"baik","5","Bahasa Batak Simalungun","Sumatera Utara"
"baiknya","5","Bahasa Batak Simalungun","Sumatera Utara"
"bait","5","Bahasa Batak Simalungun","Sumatera Utara"
"baja","5","Bahasa Batak Simalungun","Sumatera Utara"
"baju","5","Bahasa Batak Simalungun","Sumatera Utara"
"bakal","5","Bahasa Batak Simalungun","Sumatera Utara"
"bakar","5","Bahasa Batak Simalungun","Sumatera Utara"
"bakat","5","Bahasa Batak Simalungun","Sumatera Utara"
"bakti","5","Bahasa Batak Simalungun","Sumatera Utara"
"balai","5","Bahasa Batak Simalungun","Sumatera Utara"
"balas","5","Bahasa Batak Simalungun","Sumatera Utara"
"balasan","5","Bahasa Batak Simalungun","Sumatera Utara"
"balik","5","Bahasa Batak Simalungun","Sumatera Utara"
"bambu","5","Bahasa Batak Simalungun","Sumatera Utara"
"banding","5","Bahasa Batak Simalungun","Sumatera Utara"
"banget","5","Bahasa Batak Simalungun","Sumatera Utara"
"bangga","5","Bahasa Batak Simalungun","Sumatera Utara"
"bangganya","5","Bahasa Batak Simalungun","Sumatera Utara"
"bangkai","5","Bahasa Batak Simalungun","Sumatera Utara"
"bangkit","5","Bahasa Batak Simalungun","Sumatera Utara"
"bangsa","5","Bahasa Batak Simalungun","Sumatera Utara"
"bangunan","5","Bahasa Batak Simalungun","Sumatera Utara"
"banjir","5","Bahasa Batak Simalungun","Sumatera Utara"
"bank","5","Bahasa Batak Simalungun","Sumatera Utara"
"banteng","5","Bahasa Batak Simalungun","Sumatera Utara"
"banting","5","Bahasa Batak Simalungun","Sumatera Utara"
"bantingan","5","Bahasa Batak Simalungun","Sumatera Utara"
"bantu","5","Bahasa Batak Simalungun","Sumatera Utara"
"bantuan","5","Bahasa Batak Simalungun","Sumatera Utara"
"banyak","5","Bahasa Batak Simalungun","Sumatera Utara"
"bapak","5","Bahasa Batak Simalungun","Sumatera Utara"
"barang","5","Bahasa Batak Simalungun","Sumatera Utara"
"barangkali","5","Bahasa Batak Simalungun","Sumatera Utara"
"basi","5","Bahasa Batak Simalungun","Sumatera Utara"
"batuk","5","Bahasa Batak Simalungun","Sumatera Utara"
"bau","5","Bahasa Batak Simalungun","Sumatera Utara"
"bawah","5","Bahasa Batak Simalungun","Sumatera Utara"
"Bawang Merah","5","Bahasa Batak Simalungun","Sumatera Utara"
"Bawang Putih","5","Bahasa Batak Simalungun","Sumatera Utara"
"bayi","5","Bahasa Batak Simalungun","Sumatera Utara"
"beban","5","Bahasa Batak Simalungun","Sumatera Utara"
"bebas","5","Bahasa Batak Simalungun","Sumatera Utara"
"bekerja","5","Bahasa Batak Simalungun","Sumatera Utara"
"belajar","5","Bahasa Batak Simalungun","Sumatera Utara"
"belalang","5","Bahasa Batak Simalungun","Sumatera Utara"
"belanja","5","Bahasa Batak Simalungun","Sumatera Utara"
"belasan","5","Bahasa Batak Simalungun","Sumatera Utara"
"beli","5","Bahasa Batak Simalungun","Sumatera Utara"
"belum","5","Bahasa Batak Simalungun","Sumatera Utara"
"bencana","5","Bahasa Batak Simalungun","Sumatera Utara"
"benda","5","Bahasa Batak Simalungun","Sumatera Utara"
"bendera","5","Bahasa Batak Simalungun","Sumatera Utara"
"benih","5","Bahasa Batak Simalungun","Sumatera Utara"
"bentuk","5","Bahasa Batak Simalungun","Sumatera Utara"
"beradu","5","Bahasa Batak Simalungun","Sumatera Utara"
"beragam","5","Bahasa Batak Simalungun","Sumatera Utara"
"berair","5","Bahasa Batak Simalungun","Sumatera Utara"
"beraksi","5","Bahasa Batak Simalungun","Sumatera Utara"
"berang-berang","5","Bahasa Batak Simalungun","Sumatera Utara"
"berani","5","Bahasa Batak Simalungun","Sumatera Utara"
"berantakan","5","Bahasa Batak Simalungun","Sumatera Utara"
"berapa","5","Bahasa Batak Simalungun","Sumatera Utara"
"berapi","5","Bahasa Batak Simalungun","Sumatera Utara"
"berarti","5","Bahasa Batak Simalungun","Sumatera Utara"
"beras","5","Bahasa Batak Simalungun","Sumatera Utara"
"berat","5","Bahasa Batak Simalungun","Sumatera Utara"
"berayun","5","Bahasa Batak Simalungun","Sumatera Utara"
"berbagai","5","Bahasa Batak Simalungun","Sumatera Utara"
"berbagi","5","Bahasa Batak Simalungun","Sumatera Utara"
"berbahaya","5","Bahasa Batak Simalungun","Sumatera Utara"
"berbakti","5","Bahasa Batak Simalungun","Sumatera Utara"
"berbantah","5","Bahasa Batak Simalungun","Sumatera Utara"
"berbantahan","5","Bahasa Batak Simalungun","Sumatera Utara"
"berbarengan","5","Bahasa Batak Simalungun","Sumatera Utara"
"berbekal","5","Bahasa Batak Simalungun","Sumatera Utara"
"berbisnis","5","Bahasa Batak Simalungun","Sumatera Utara"
"berburu","5","Bahasa Batak Simalungun","Sumatera Utara"
"bercakap","5","Bahasa Batak Simalungun","Sumatera Utara"
"berceceran","5","Bahasa Batak Simalungun","Sumatera Utara"
"bercengkrama","5","Bahasa Batak Simalungun","Sumatera Utara"
"bercerai","5","Bahasa Batak Simalungun","Sumatera Utara"
"bercermin","5","Bahasa Batak Simalungun","Sumatera Utara"
"bercocok tanam","5","Bahasa Batak Simalungun","Sumatera Utara"
"berdasar","5","Bahasa Batak Simalungun","Sumatera Utara"
"berdecak","5","Bahasa Batak Simalungun","Sumatera Utara"
"berdekatan","5","Bahasa Batak Simalungun","Sumatera Utara"
"berdering","5","Bahasa Batak Simalungun","Sumatera Utara"
"berdikari","5","Bahasa Batak Simalungun","Sumatera Utara"
"berdiri","5","Bahasa Batak Simalungun","Sumatera Utara"
"berdua","5","Bahasa Batak Simalungun","Sumatera Utara"
"berduaan","5","Bahasa Batak Simalungun","Sumatera Utara"
"beres","5","Bahasa Batak Simalungun","Sumatera Utara"
"berfikir","5","Bahasa Batak Simalungun","Sumatera Utara"
"berganti","5","Bahasa Batak Simalungun","Sumatera Utara"
"bergelar","5","Bahasa Batak Simalungun","Sumatera Utara"
"bergerak","5","Bahasa Batak Simalungun","Sumatera Utara"
"berharap","5","Bahasa Batak Simalungun","Sumatera Utara"
"berhenti","5","Bahasa Batak Simalungun","Sumatera Utara"
"beri","5","Bahasa Batak Simalungun","Sumatera Utara"
"beringas","5","Bahasa Batak Simalungun","Sumatera Utara"
"berisi","5","Bahasa Batak Simalungun","Sumatera Utara"
"berjuang","5","Bahasa Batak Simalungun","Sumatera Utara"
"berjumpa","5","Bahasa Batak Simalungun","Sumatera Utara"
"berlari","5","Bahasa Batak Simalungun","Sumatera Utara"
"bermain","5","Bahasa Batak Simalungun","Sumatera Utara"
"beruang","5","Bahasa Batak Simalungun","Sumatera Utara"
"biawak","5","Bahasa Batak Simalungun","Sumatera Utara"
"Binatang","5","Bahasa Batak Simalungun","Sumatera Utara"
"Biru","5","Bahasa Batak Simalungun","Sumatera Utara"
"Buah-buahan","5","Bahasa Batak Simalungun","Sumatera Utara"
"buaya","5","Bahasa Batak Simalungun","Sumatera Utara"
"Buku","5","Bahasa Batak Simalungun","Sumatera Utara"
"bunda","5","Bahasa Batak Simalungun","Sumatera Utara"
"bunga","5","Bahasa Batak Simalungun","Sumatera Utara"
"bungkam","5","Bahasa Batak Simalungun","Sumatera Utara"
"bungkuk","5","Bahasa Batak Simalungun","Sumatera Utara"
"bungkus","5","Bahasa Batak Simalungun","Sumatera Utara"
"bungkusnya","5","Bahasa Batak Simalungun","Sumatera Utara"
"bunglon","5","Bahasa Batak Simalungun","Sumatera Utara"
"bungsu","5","Bahasa Batak Simalungun","Sumatera Utara"
"bunyi","5","Bahasa Batak Simalungun","Sumatera Utara"
"buram","5","Bahasa Batak Simalungun","Sumatera Utara"
"buruh","5","Bahasa Batak Simalungun","Sumatera Utara"
"burung","5","Bahasa Batak Simalungun","Sumatera Utara"
"buta","5","Bahasa Batak Simalungun","Sumatera Utara"
"cabai","5","Bahasa Batak Simalungun","Sumatera Utara"
"cabang","5","Bahasa Batak Simalungun","Sumatera Utara"
"cacat","5","Bahasa Batak Simalungun","Sumatera Utara"
"cacing","5","Bahasa Batak Simalungun","Sumatera Utara"
"cadangan","5","Bahasa Batak Simalungun","Sumatera Utara"
"cahaya","5","Bahasa Batak Simalungun","Sumatera Utara"
"cakap","5","Bahasa Batak Simalungun","Sumatera Utara"
"cakupan","5","Bahasa Batak Simalungun","Sumatera Utara"
"calon","5","Bahasa Batak Simalungun","Sumatera Utara"
"campur","5","Bahasa Batak Simalungun","Sumatera Utara"
"campuran","5","Bahasa Batak Simalungun","Sumatera Utara"
"capung","5","Bahasa Batak Simalungun","Sumatera Utara"
"cara","5","Bahasa Batak Simalungun","Sumatera Utara"
"cari","5","Bahasa Batak Simalungun","Sumatera Utara"
"cecak","5","Bahasa Batak Simalungun","Sumatera Utara"
"cemberut","5","Bahasa Batak Simalungun","Sumatera Utara"
"cerdas","5","Bahasa Batak Simalungun","Sumatera Utara"
"cicit","5","Bahasa Batak Simalungun","Sumatera Utara"
"cincin","5","Bahasa Batak Simalungun","Sumatera Utara"
"cinta","5","Bahasa Batak Simalungun","Sumatera Utara"
"Coklat","5","Bahasa Batak Simalungun","Sumatera Utara"
"cucu","5","Bahasa Batak Simalungun","Sumatera Utara"
"dalam","5","Bahasa Batak Simalungun","Sumatera Utara"
"dapat","5","Bahasa Batak Simalungun","Sumatera Utara"
"dapur","5","Bahasa Batak Simalungun","Sumatera Utara"
"debug","5","Bahasa Batak Simalungun","Sumatera Utara"
"delta","5","Bahasa Batak Simalungun","Sumatera Utara"
"dermawan","5","Bahasa Batak Simalungun","Sumatera Utara"
"desain","5","Bahasa Batak Simalungun","Sumatera Utara"
"detail","5","Bahasa Batak Simalungun","Sumatera Utara"
"doktor","5","Bahasa Batak Simalungun","Sumatera Utara"
"doktrin","5","Bahasa Batak Simalungun","Sumatera Utara"
"dokumen","5","Bahasa Batak Simalungun","Sumatera Utara"
"domba","5","Bahasa Batak Simalungun","Sumatera Utara"
"dosa","5","Bahasa Batak Simalungun","Sumatera Utara"
"duanya","5","Bahasa Batak Simalungun","Sumatera Utara"
"dubur","5","Bahasa Batak Simalungun","Sumatera Utara"
"duda","5","Bahasa Batak Simalungun","Sumatera Utara"
"duduk","5","Bahasa Batak Simalungun","Sumatera Utara"
"duitnya","5","Bahasa Batak Simalungun","Sumatera Utara"
"dukung","5","Bahasa Batak Simalungun","Sumatera Utara"
"dulunya","5","Bahasa Batak Simalungun","Sumatera Utara"
"dunia","5","Bahasa Batak Simalungun","Sumatera Utara"
"edarkan","5","Bahasa Batak Simalungun","Sumatera Utara"
"ekor","5","Bahasa Batak Simalungun","Sumatera Utara"
"Emas","5","Bahasa Batak Simalungun","Sumatera Utara"
"embun","5","Bahasa Batak Simalungun","Sumatera Utara"
"empat","5","Bahasa Batak Simalungun","Sumatera Utara"
"empedu","5","Bahasa Batak Simalungun","Sumatera Utara"
"empuk","5","Bahasa Batak Simalungun","Sumatera Utara"
"enak","5","Bahasa Batak Simalungun","Sumatera Utara"
"erat","5","Bahasa Batak Simalungun","Sumatera Utara"
"fasih","5","Bahasa Batak Simalungun","Sumatera Utara"
"februari","5","Bahasa Batak Simalungun","Sumatera Utara"
"foto","5","Bahasa Batak Simalungun","Sumatera Utara"
"fotonya","5","Bahasa Batak Simalungun","Sumatera Utara"
"gajah","5","Bahasa Batak Simalungun","Sumatera Utara"
"ganda","5","Bahasa Batak Simalungun","Sumatera Utara"
"ganteng","5","Bahasa Batak Simalungun","Sumatera Utara"
"garis","5","Bahasa Batak Simalungun","Sumatera Utara"
"gelang","5","Bahasa Batak Simalungun","Sumatera Utara"
"gerhana","5","Bahasa Batak Simalungun","Sumatera Utara"
"geser","5","Bahasa Batak Simalungun","Sumatera Utara"
"gesit","5","Bahasa Batak Simalungun","Sumatera Utara"
"gigi","5","Bahasa Batak Simalungun","Sumatera Utara"
"gila","5","Bahasa Batak Simalungun","Sumatera Utara"
"Gitar","5","Bahasa Batak Simalungun","Sumatera Utara"
"golok","5","Bahasa Batak Simalungun","Sumatera Utara"
"gorila","5","Bahasa Batak Simalungun","Sumatera Utara"
"gratisan","5","Bahasa Batak Simalungun","Sumatera Utara"
"gudang","5","Bahasa Batak Simalungun","Sumatera Utara"
"gula","5","Bahasa Batak Simalungun","Sumatera Utara"
"gulat","5","Bahasa Batak Simalungun","Sumatera Utara"
"gunanya","5","Bahasa Batak Simalungun","Sumatera Utara"
"guncang","5","Bahasa Batak Simalungun","Sumatera Utara"
"gunung","5","Bahasa Batak Simalungun","Sumatera Utara"
"gurih","5","Bahasa Batak Simalungun","Sumatera Utara"
"guru","5","Bahasa Batak Simalungun","Sumatera Utara"
"habis","5","Bahasa Batak Simalungun","Sumatera Utara"
"habis-habisan","5","Bahasa Batak Simalungun","Sumatera Utara"
"habiskan","5","Bahasa Batak Simalungun","Sumatera Utara"
"hadapi","5","Bahasa Batak Simalungun","Sumatera Utara"
"hadir","5","Bahasa Batak Simalungun","Sumatera Utara"
"hajat","5","Bahasa Batak Simalungun","Sumatera Utara"
"haji","5","Bahasa Batak Simalungun","Sumatera Utara"
"hak","5","Bahasa Batak Simalungun","Sumatera Utara"
"hakim","5","Bahasa Batak Simalungun","Sumatera Utara"
"hal","5","Bahasa Batak Simalungun","Sumatera Utara"
"halangi","5","Bahasa Batak Simalungun","Sumatera Utara"
"hambatan","5","Bahasa Batak Simalungun","Sumatera Utara"
"hangat","5","Bahasa Batak Simalungun","Sumatera Utara"
"hanyut","5","Bahasa Batak Simalungun","Sumatera Utara"
"harga","5","Bahasa Batak Simalungun","Sumatera Utara"
"harimau","5","Bahasa Batak Simalungun","Sumatera Utara"
"harimau/macan","5","Bahasa Batak Simalungun","Sumatera Utara"
"harinya","5","Bahasa Batak Simalungun","Sumatera Utara"
"harum","5","Bahasa Batak Simalungun","Sumatera Utara"
"harus","5","Bahasa Batak Simalungun","Sumatera Utara"
"hasilnya","5","Bahasa Batak Simalungun","Sumatera Utara"
"hati","5","Bahasa Batak Simalungun","Sumatera Utara"
"hati-hati","5","Bahasa Batak Simalungun","Sumatera Utara"
"hendak","5","Bahasa Batak Simalungun","Sumatera Utara"
"hendaknya","5","Bahasa Batak Simalungun","Sumatera Utara"
"herbivora","5","Bahasa Batak Simalungun","Sumatera Utara"
"heroik","5","Bahasa Batak Simalungun","Sumatera Utara"
"Hewan Peliharaan","5","Bahasa Batak Simalungun","Sumatera Utara"
"hiburan","5","Bahasa Batak Simalungun","Sumatera Utara"
"hidup","5","Bahasa Batak Simalungun","Sumatera Utara"
"hidupnya","5","Bahasa Batak Simalungun","Sumatera Utara"
"Hijau","5","Bahasa Batak Simalungun","Sumatera Utara"
"hikmah","5","Bahasa Batak Simalungun","Sumatera Utara"
"hitam","5","Bahasa Batak Simalungun","Sumatera Utara"
"hitung","5","Bahasa Batak Simalungun","Sumatera Utara"
"hiu","5","Bahasa Batak Simalungun","Sumatera Utara"
"honor","5","Bahasa Batak Simalungun","Sumatera Utara"
"hormat","5","Bahasa Batak Simalungun","Sumatera Utara"
"hotel","5","Bahasa Batak Simalungun","Sumatera Utara"
"ikan","5","Bahasa Batak Simalungun","Sumatera Utara"
"ingin","5","Bahasa Batak Simalungun","Sumatera Utara"
"intinya","5","Bahasa Batak Simalungun","Sumatera Utara"
"istana","5","Bahasa Batak Simalungun","Sumatera Utara"
"isteri","5","Bahasa Batak Simalungun","Sumatera Utara"
"istirahat","5","Bahasa Batak Simalungun","Sumatera Utara"
"istri","5","Bahasa Batak Simalungun","Sumatera Utara"
"izin","5","Bahasa Batak Simalungun","Sumatera Utara"
"jadi","5","Bahasa Batak Simalungun","Sumatera Utara"
"jadwal","5","Bahasa Batak Simalungun","Sumatera Utara"
"jagat","5","Bahasa Batak Simalungun","Sumatera Utara"
"jago","5","Bahasa Batak Simalungun","Sumatera Utara"
"Jahe","5","Bahasa Batak Simalungun","Sumatera Utara"
"jahil","5","Bahasa Batak Simalungun","Sumatera Utara"
"jahit","5","Bahasa Batak Simalungun","Sumatera Utara"
"jajahan","5","Bahasa Batak Simalungun","Sumatera Utara"
"jajaran","5","Bahasa Batak Simalungun","Sumatera Utara"
"Jakarta","5","Bahasa Batak Simalungun","Sumatera Utara"
"jalan","5","Bahasa Batak Simalungun","Sumatera Utara"
"jalani","5","Bahasa Batak Simalungun","Sumatera Utara"
"jalankan","5","Bahasa Batak Simalungun","Sumatera Utara"
"jamur","5","Bahasa Batak Simalungun","Sumatera Utara"
"janda","5","Bahasa Batak Simalungun","Sumatera Utara"
"jangan","5","Bahasa Batak Simalungun","Sumatera Utara"
"jangankan","5","Bahasa Batak Simalungun","Sumatera Utara"
"jantan","5","Bahasa Batak Simalungun","Sumatera Utara"
"jari","5","Bahasa Batak Simalungun","Sumatera Utara"
"jaringan","5","Bahasa Batak Simalungun","Sumatera Utara"
"jatuh","5","Bahasa Batak Simalungun","Sumatera Utara"
"jawabnya","5","Bahasa Batak Simalungun","Sumatera Utara"
"jelantah","5","Bahasa Batak Simalungun","Sumatera Utara"
"jelek","5","Bahasa Batak Simalungun","Sumatera Utara"
"Jenis Kain","5","Bahasa Batak Simalungun","Sumatera Utara"
"jenis kelamin","5","Bahasa Batak Simalungun","Sumatera Utara"
"jera","5","Bahasa Batak Simalungun","Sumatera Utara"
"jerapah","5","Bahasa Batak Simalungun","Sumatera Utara"
"Jeruk","5","Bahasa Batak Simalungun","Sumatera Utara"
"Jeruk Nipis","5","Bahasa Batak Simalungun","Sumatera Utara"
"Jeruk Purut","5","Bahasa Batak Simalungun","Sumatera Utara"
"jewer","5","Bahasa Batak Simalungun","Sumatera Utara"
"kagum","5","Bahasa Batak Simalungun","Sumatera Utara"
"kail","5","Bahasa Batak Simalungun","Sumatera Utara"
"karena","5","Bahasa Batak Simalungun","Sumatera Utara"
"kebanyakan","5","Bahasa Batak Simalungun","Sumatera Utara"
"kebijakan","5","Bahasa Batak Simalungun","Sumatera Utara"
"kecintaan","5","Bahasa Batak Simalungun","Sumatera Utara"
"kediaman","5","Bahasa Batak Simalungun","Sumatera Utara"
"kedipan","5","Bahasa Batak Simalungun","Sumatera Utara"
"kedudukan","5","Bahasa Batak Simalungun","Sumatera Utara"
"kehilangan","5","Bahasa Batak Simalungun","Sumatera Utara"
"kehilangan/kalah","5","Bahasa Batak Simalungun","Sumatera Utara"
"kehormatan","5","Bahasa Batak Simalungun","Sumatera Utara"
"kehutanan","5","Bahasa Batak Simalungun","Sumatera Utara"
"kejam","5","Bahasa Batak Simalungun","Sumatera Utara"
"kejar","5","Bahasa Batak Simalungun","Sumatera Utara"
"kekacauan","5","Bahasa Batak Simalungun","Sumatera Utara"
"kekar","5","Bahasa Batak Simalungun","Sumatera Utara"
"kekayaan","5","Bahasa Batak Simalungun","Sumatera Utara"
"kekhawatiran","5","Bahasa Batak Simalungun","Sumatera Utara"
"kelak","5","Bahasa Batak Simalungun","Sumatera Utara"
"kelas","5","Bahasa Batak Simalungun","Sumatera Utara"
"keledai","5","Bahasa Batak Simalungun","Sumatera Utara"
"kelelawar","5","Bahasa Batak Simalungun","Sumatera Utara"
"kelihatan","5","Bahasa Batak Simalungun","Sumatera Utara"
"kelihatannya","5","Bahasa Batak Simalungun","Sumatera Utara"
"keliling","5","Bahasa Batak Simalungun","Sumatera Utara"
"kelima","5","Bahasa Batak Simalungun","Sumatera Utara"
"kelinci","5","Bahasa Batak Simalungun","Sumatera Utara"
"keliru","5","Bahasa Batak Simalungun","Sumatera Utara"
"kelompok","5","Bahasa Batak Simalungun","Sumatera Utara"
"keluar","5","Bahasa Batak Simalungun","Sumatera Utara"
"kelurahan","5","Bahasa Batak Simalungun","Sumatera Utara"
"keluyuran","5","Bahasa Batak Simalungun","Sumatera Utara"
"kemampuan","5","Bahasa Batak Simalungun","Sumatera Utara"
"kemandirian","5","Bahasa Batak Simalungun","Sumatera Utara"
"kemarau","5","Bahasa Batak Simalungun","Sumatera Utara"
"kematian","5","Bahasa Batak Simalungun","Sumatera Utara"
"kembali","5","Bahasa Batak Simalungun","Sumatera Utara"
"kemekaran","5","Bahasa Batak Simalungun","Sumatera Utara"
"Kemiri","5","Bahasa Batak Simalungun","Sumatera Utara"
"kendaraan","5","Bahasa Batak Simalungun","Sumatera Utara"
"kendati","5","Bahasa Batak Simalungun","Sumatera Utara"
"kental","5","Bahasa Batak Simalungun","Sumatera Utara"
"kentut","5","Bahasa Batak Simalungun","Sumatera Utara"
"kepadanya","5","Bahasa Batak Simalungun","Sumatera Utara"
"kepal","5","Bahasa Batak Simalungun","Sumatera Utara"
"kepala","5","Bahasa Batak Simalungun","Sumatera Utara"
"kepiting","5","Bahasa Batak Simalungun","Sumatera Utara"
"kera/monyet","5","Bahasa Batak Simalungun","Sumatera Utara"
"kerudung","5","Bahasa Batak Simalungun","Sumatera Utara"
"kerusakan","5","Bahasa Batak Simalungun","Sumatera Utara"
"kerusakannya","5","Bahasa Batak Simalungun","Sumatera Utara"
"kesadaran","5","Bahasa Batak Simalungun","Sumatera Utara"
"kesal","5","Bahasa Batak Simalungun","Sumatera Utara"
"kesalahan","5","Bahasa Batak Simalungun","Sumatera Utara"
"kesejahteraan","5","Bahasa Batak Simalungun","Sumatera Utara"
"keselamatan","5","Bahasa Batak Simalungun","Sumatera Utara"
"Ketumbar","5","Bahasa Batak Simalungun","Sumatera Utara"
"kewajiban","5","Bahasa Batak Simalungun","Sumatera Utara"
"kewalahan","5","Bahasa Batak Simalungun","Sumatera Utara"
"keyakinan","5","Bahasa Batak Simalungun","Sumatera Utara"
"kiamat","5","Bahasa Batak Simalungun","Sumatera Utara"
"kidal","5","Bahasa Batak Simalungun","Sumatera Utara"
"kilometer","5","Bahasa Batak Simalungun","Sumatera Utara"
"kiosnya","5","Bahasa Batak Simalungun","Sumatera Utara"
"kira","5","Bahasa Batak Simalungun","Sumatera Utara"
"kiranya","5","Bahasa Batak Simalungun","Sumatera Utara"
"kiri","5","Bahasa Batak Simalungun","Sumatera Utara"
"kirim","5","Bahasa Batak Simalungun","Sumatera Utara"
"kita","5","Bahasa Batak Simalungun","Sumatera Utara"
"kodok","5","Bahasa Batak Simalungun","Sumatera Utara"
"kok","5","Bahasa Batak Simalungun","Sumatera Utara"
"kolom","5","Bahasa Batak Simalungun","Sumatera Utara"
"koma","5","Bahasa Batak Simalungun","Sumatera Utara"
"Kopi","5","Bahasa Batak Simalungun","Sumatera Utara"
"korosi","5","Bahasa Batak Simalungun","Sumatera Utara"
"krisis","5","Bahasa Batak Simalungun","Sumatera Utara"
"kristen","5","Bahasa Batak Simalungun","Sumatera Utara"
"kritik","5","Bahasa Batak Simalungun","Sumatera Utara"
"kritis","5","Bahasa Batak Simalungun","Sumatera Utara"
"kuasa","5","Bahasa Batak Simalungun","Sumatera Utara"
"kuatir","5","Bahasa Batak Simalungun","Sumatera Utara"
"kucing","5","Bahasa Batak Simalungun","Sumatera Utara"
"kuda","5","Bahasa Batak Simalungun","Sumatera Utara"
"kudeta","5","Bahasa Batak Simalungun","Sumatera Utara"
"kue","5","Bahasa Batak Simalungun","Sumatera Utara"
"kukuh","5","Bahasa Batak Simalungun","Sumatera Utara"
"kulum","5","Bahasa Batak Simalungun","Sumatera Utara"
"kumpul","5","Bahasa Batak Simalungun","Sumatera Utara"
"kumur","5","Bahasa Batak Simalungun","Sumatera Utara"
"kunang-kunang","5","Bahasa Batak Simalungun","Sumatera Utara"
"kunci","5","Bahasa Batak Simalungun","Sumatera Utara"
"kuning","5","Bahasa Batak Simalungun","Sumatera Utara"
"Kunyit","5","Bahasa Batak Simalungun","Sumatera Utara"
"kura-kura","5","Bahasa Batak Simalungun","Sumatera Utara"
"kurang","5","Bahasa Batak Simalungun","Sumatera Utara"
"kurus","5","Bahasa Batak Simalungun","Sumatera Utara"
"kusut","5","Bahasa Batak Simalungun","Sumatera Utara"
"laba-laba","5","Bahasa Batak Simalungun","Sumatera Utara"
"lagu","5","Bahasa Batak Simalungun","Sumatera Utara"
"lagunya","5","Bahasa Batak Simalungun","Sumatera Utara"
"lahan","5","Bahasa Batak Simalungun","Sumatera Utara"
"lahannya","5","Bahasa Batak Simalungun","Sumatera Utara"
"lahir","5","Bahasa Batak Simalungun","Sumatera Utara"
"lain","5","Bahasa Batak Simalungun","Sumatera Utara"
"lainnya","5","Bahasa Batak Simalungun","Sumatera Utara"
"laksamana","5","Bahasa Batak Simalungun","Sumatera Utara"
"laku","5","Bahasa Batak Simalungun","Sumatera Utara"
"lakukan","5","Bahasa Batak Simalungun","Sumatera Utara"
"lalu","5","Bahasa Batak Simalungun","Sumatera Utara"
"lalu lintas","5","Bahasa Batak Simalungun","Sumatera Utara"
"lama","5","Bahasa Batak Simalungun","Sumatera Utara"
"lancip","5","Bahasa Batak Simalungun","Sumatera Utara"
"langganan","5","Bahasa Batak Simalungun","Sumatera Utara"
"langit","5","Bahasa Batak Simalungun","Sumatera Utara"
"langka","5","Bahasa Batak Simalungun","Sumatera Utara"
"langkah","5","Bahasa Batak Simalungun","Sumatera Utara"
"langkahi","5","Bahasa Batak Simalungun","Sumatera Utara"
"lanjut","5","Bahasa Batak Simalungun","Sumatera Utara"
"lanjutnya","5","Bahasa Batak Simalungun","Sumatera Utara"
"lari","5","Bahasa Batak Simalungun","Sumatera Utara"
"laron","5","Bahasa Batak Simalungun","Sumatera Utara"
"latar","5","Bahasa Batak Simalungun","Sumatera Utara"
"layak","5","Bahasa Batak Simalungun","Sumatera Utara"
"lebah","5","Bahasa Batak Simalungun","Sumatera Utara"
"lebar","5","Bahasa Batak Simalungun","Sumatera Utara"
"lega","5","Bahasa Batak Simalungun","Sumatera Utara"
"leher","5","Bahasa Batak Simalungun","Sumatera Utara"
"lelah","5","Bahasa Batak Simalungun","Sumatera Utara"
"lelaki","5","Bahasa Batak Simalungun","Sumatera Utara"
"leluasa","5","Bahasa Batak Simalungun","Sumatera Utara"
"leluhur","5","Bahasa Batak Simalungun","Sumatera Utara"
"lemari","5","Bahasa Batak Simalungun","Sumatera Utara"
"lembab","5","Bahasa Batak Simalungun","Sumatera Utara"
"lempar","5","Bahasa Batak Simalungun","Sumatera Utara"
"lengah","5","Bahasa Batak Simalungun","Sumatera Utara"
"lengang","5","Bahasa Batak Simalungun","Sumatera Utara"
"lengkap","5","Bahasa Batak Simalungun","Sumatera Utara"
"lengkapnya","5","Bahasa Batak Simalungun","Sumatera Utara"
"lengkong","5","Bahasa Batak Simalungun","Sumatera Utara"
"lengkuas","5","Bahasa Batak Simalungun","Sumatera Utara"
"lengkung","5","Bahasa Batak Simalungun","Sumatera Utara"
"lepas","5","Bahasa Batak Simalungun","Sumatera Utara"
"letkol","5","Bahasa Batak Simalungun","Sumatera Utara"
"letnan","5","Bahasa Batak Simalungun","Sumatera Utara"
"licik","5","Bahasa Batak Simalungun","Sumatera Utara"
"lidah","5","Bahasa Batak Simalungun","Sumatera Utara"
"lihat","5","Bahasa Batak Simalungun","Sumatera Utara"
"lingkaran","5","Bahasa Batak Simalungun","Sumatera Utara"
"lipat","5","Bahasa Batak Simalungun","Sumatera Utara"
"lokasi","5","Bahasa Batak Simalungun","Sumatera Utara"
"lomba","5","Bahasa Batak Simalungun","Sumatera Utara"
"loncat","5","Bahasa Batak Simalungun","Sumatera Utara"
"longgar","5","Bahasa Batak Simalungun","Sumatera Utara"
"luar","5","Bahasa Batak Simalungun","Sumatera Utara"
"luar biasa","5","Bahasa Batak Simalungun","Sumatera Utara"
"lubang","5","Bahasa Batak Simalungun","Sumatera Utara"
"lucu","5","Bahasa Batak Simalungun","Sumatera Utara"
"luka","5","Bahasa Batak Simalungun","Sumatera Utara"
"luka berat","5","Bahasa Batak Simalungun","Sumatera Utara"
"lulus","5","Bahasa Batak Simalungun","Sumatera Utara"
"lulusan","5","Bahasa Batak Simalungun","Sumatera Utara"
"lumayan","5","Bahasa Batak Simalungun","Sumatera Utara"
"lumba-lumba","5","Bahasa Batak Simalungun","Sumatera Utara"
"lumut","5","Bahasa Batak Simalungun","Sumatera Utara"
"lunak","5","Bahasa Batak Simalungun","Sumatera Utara"
"lunas","5","Bahasa Batak Simalungun","Sumatera Utara"
"luntur","5","Bahasa Batak Simalungun","Sumatera Utara"
"lupa","5","Bahasa Batak Simalungun","Sumatera Utara"
"lusa","5","Bahasa Batak Simalungun","Sumatera Utara"
"lutut","5","Bahasa Batak Simalungun","Sumatera Utara"
"maaf","5","Bahasa Batak Simalungun","Sumatera Utara"
"mabuk","5","Bahasa Batak Simalungun","Sumatera Utara"
"macam","5","Bahasa Batak Simalungun","Sumatera Utara"
"madya","5","Bahasa Batak Simalungun","Sumatera Utara"
"Magenta","5","Bahasa Batak Simalungun","Sumatera Utara"
"maghrib","5","Bahasa Batak Simalungun","Sumatera Utara"
"mahal","5","Bahasa Batak Simalungun","Sumatera Utara"
"mahasiswa","5","Bahasa Batak Simalungun","Sumatera Utara"
"mahir","5","Bahasa Batak Simalungun","Sumatera Utara"
"malam","5","Bahasa Batak Simalungun","Sumatera Utara"
"malas","5","Bahasa Batak Simalungun","Sumatera Utara"
"mancung","5","Bahasa Batak Simalungun","Sumatera Utara"
"mandek","5","Bahasa Batak Simalungun","Sumatera Utara"
"mandi","5","Bahasa Batak Simalungun","Sumatera Utara"
"manfaat","5","Bahasa Batak Simalungun","Sumatera Utara"
"manfaatnya","5","Bahasa Batak Simalungun","Sumatera Utara"
"manggis","5","Bahasa Batak Simalungun","Sumatera Utara"
"manis","5","Bahasa Batak Simalungun","Sumatera Utara"
"manja","5","Bahasa Batak Simalungun","Sumatera Utara"
"manusia","5","Bahasa Batak Simalungun","Sumatera Utara"
"manyun","5","Bahasa Batak Simalungun","Sumatera Utara"
"marah","5","Bahasa Batak Simalungun","Sumatera Utara"
"martabat","5","Bahasa Batak Simalungun","Sumatera Utara"
"masa","5","Bahasa Batak Simalungun","Sumatera Utara"
"masing","5","Bahasa Batak Simalungun","Sumatera Utara"
"masjid","5","Bahasa Batak Simalungun","Sumatera Utara"
"maskawin","5","Bahasa Batak Simalungun","Sumatera Utara"
"massa","5","Bahasa Batak Simalungun","Sumatera Utara"
"masuk","5","Bahasa Batak Simalungun","Sumatera Utara"
"masyarakat","5","Bahasa Batak Simalungun","Sumatera Utara"
"mata","5","Bahasa Batak Simalungun","Sumatera Utara"
"matahari","5","Bahasa Batak Simalungun","Sumatera Utara"
"matanya","5","Bahasa Batak Simalungun","Sumatera Utara"
"Mawar","5","Bahasa Batak Simalungun","Sumatera Utara"
"maya","5","Bahasa Batak Simalungun","Sumatera Utara"
"media","5","Bahasa Batak Simalungun","Sumatera Utara"
"medis","5","Bahasa Batak Simalungun","Sumatera Utara"
"mei","5","Bahasa Batak Simalungun","Sumatera Utara"
"meja","5","Bahasa Batak Simalungun","Sumatera Utara"
"mekanik","5","Bahasa Batak Simalungun","Sumatera Utara"
"mekaniknya","5","Bahasa Batak Simalungun","Sumatera Utara"
"mekar","5","Bahasa Batak Simalungun","Sumatera Utara"
"melacur","5","Bahasa Batak Simalungun","Sumatera Utara"
"melakukan","5","Bahasa Batak Simalungun","Sumatera Utara"
"melanda","5","Bahasa Batak Simalungun","Sumatera Utara"
"melanggar","5","Bahasa Batak Simalungun","Sumatera Utara"
"melanjutkan","5","Bahasa Batak Simalungun","Sumatera Utara"
"melantik","5","Bahasa Batak Simalungun","Sumatera Utara"
"melarikan","5","Bahasa Batak Simalungun","Sumatera Utara"
"melayani","5","Bahasa Batak Simalungun","Sumatera Utara"
"melecehkan","5","Bahasa Batak Simalungun","Sumatera Utara"
"melekat","5","Bahasa Batak Simalungun","Sumatera Utara"
"meleleh","5","Bahasa Batak Simalungun","Sumatera Utara"
"melengkung","5","Bahasa Batak Simalungun","Sumatera Utara"
"melengkungkan","5","Bahasa Batak Simalungun","Sumatera Utara"
"melepaskan","5","Bahasa Batak Simalungun","Sumatera Utara"
"meletakkan","5","Bahasa Batak Simalungun","Sumatera Utara"
"meletus","5","Bahasa Batak Simalungun","Sumatera Utara"
"melihat","5","Bahasa Batak Simalungun","Sumatera Utara"
"melihat-lihat","5","Bahasa Batak Simalungun","Sumatera Utara"
"melindungi","5","Bahasa Batak Simalungun","Sumatera Utara"
"meliputi","5","Bahasa Batak Simalungun","Sumatera Utara"
"melotot","5","Bahasa Batak Simalungun","Sumatera Utara"
"melunakkan","5","Bahasa Batak Simalungun","Sumatera Utara"
"melupakan","5","Bahasa Batak Simalungun","Sumatera Utara"
"memadai","5","Bahasa Batak Simalungun","Sumatera Utara"
"memagari","5","Bahasa Batak Simalungun","Sumatera Utara"
"memahami","5","Bahasa Batak Simalungun","Sumatera Utara"
"memakai","5","Bahasa Batak Simalungun","Sumatera Utara"
"memakainya","5","Bahasa Batak Simalungun","Sumatera Utara"
"memalukan","5","Bahasa Batak Simalungun","Sumatera Utara"
"memancing","5","Bahasa Batak Simalungun","Sumatera Utara"
"memandang","5","Bahasa Batak Simalungun","Sumatera Utara"
"memanggang","5","Bahasa Batak Simalungun","Sumatera Utara"
"memanggil/menelpon","5","Bahasa Batak Simalungun","Sumatera Utara"
"memanjakan","5","Bahasa Batak Simalungun","Sumatera Utara"
"memantau","5","Bahasa Batak Simalungun","Sumatera Utara"
"memarahi","5","Bahasa Batak Simalungun","Sumatera Utara"
"memastikan","5","Bahasa Batak Simalungun","Sumatera Utara"
"memasukkan","5","Bahasa Batak Simalungun","Sumatera Utara"
"mematuk","5","Bahasa Batak Simalungun","Sumatera Utara"
"membaca","5","Bahasa Batak Simalungun","Sumatera Utara"
"membacanya","5","Bahasa Batak Simalungun","Sumatera Utara"
"membangkang","5","Bahasa Batak Simalungun","Sumatera Utara"
"membangun","5","Bahasa Batak Simalungun","Sumatera Utara"
"membantah","5","Bahasa Batak Simalungun","Sumatera Utara"
"membantu","5","Bahasa Batak Simalungun","Sumatera Utara"
"membara","5","Bahasa Batak Simalungun","Sumatera Utara"
"membasuh","5","Bahasa Batak Simalungun","Sumatera Utara"
"membatas","5","Bahasa Batak Simalungun","Sumatera Utara"
"membawa","5","Bahasa Batak Simalungun","Sumatera Utara"
"membayar","5","Bahasa Batak Simalungun","Sumatera Utara"
"membeku","5","Bahasa Batak Simalungun","Sumatera Utara"
"membeli","5","Bahasa Batak Simalungun","Sumatera Utara"
"membendung","5","Bahasa Batak Simalungun","Sumatera Utara"
"membentak","5","Bahasa Batak Simalungun","Sumatera Utara"
"memberantas","5","Bahasa Batak Simalungun","Sumatera Utara"
"memberi","5","Bahasa Batak Simalungun","Sumatera Utara"
"memberitakan","5","Bahasa Batak Simalungun","Sumatera Utara"
"membiarkan","5","Bahasa Batak Simalungun","Sumatera Utara"
"membicarakan","5","Bahasa Batak Simalungun","Sumatera Utara"
"membidik","5","Bahasa Batak Simalungun","Sumatera Utara"
"membuat","5","Bahasa Batak Simalungun","Sumatera Utara"
"membuatkan","5","Bahasa Batak Simalungun","Sumatera Utara"
"membuka","5","Bahasa Batak Simalungun","Sumatera Utara"
"membutuhkan","5","Bahasa Batak Simalungun","Sumatera Utara"
"memegang","5","Bahasa Batak Simalungun","Sumatera Utara"
"memelintir","5","Bahasa Batak Simalungun","Sumatera Utara"
"memendekkan","5","Bahasa Batak Simalungun","Sumatera Utara"
"memenuhi","5","Bahasa Batak Simalungun","Sumatera Utara"
"memenuhinya","5","Bahasa Batak Simalungun","Sumatera Utara"
"memerangi","5","Bahasa Batak Simalungun","Sumatera Utara"
"memeras","5","Bahasa Batak Simalungun","Sumatera Utara"
"memercik","5","Bahasa Batak Simalungun","Sumatera Utara"
"memerlukan","5","Bahasa Batak Simalungun","Sumatera Utara"
"memesan","5","Bahasa Batak Simalungun","Sumatera Utara"
"memikirkannya","5","Bahasa Batak Simalungun","Sumatera Utara"
"memikul","5","Bahasa Batak Simalungun","Sumatera Utara"
"memilih","5","Bahasa Batak Simalungun","Sumatera Utara"
"memimpin","5","Bahasa Batak Simalungun","Sumatera Utara"
"meminta","5","Bahasa Batak Simalungun","Sumatera Utara"
"meminum","5","Bahasa Batak Simalungun","Sumatera Utara"
"memisahkan","5","Bahasa Batak Simalungun","Sumatera Utara"
"memotong","5","Bahasa Batak Simalungun","Sumatera Utara"
"mempelajari","5","Bahasa Batak Simalungun","Sumatera Utara"
"mempengaruhi","5","Bahasa Batak Simalungun","Sumatera Utara"
"memperbolehkannya","5","Bahasa Batak Simalungun","Sumatera Utara"
"mempercayai","5","Bahasa Batak Simalungun","Sumatera Utara"
"mempercayakan","5","Bahasa Batak Simalungun","Sumatera Utara"
"memperingati","5","Bahasa Batak Simalungun","Sumatera Utara"
"memperkenalkan","5","Bahasa Batak Simalungun","Sumatera Utara"
"memperkuat","5","Bahasa Batak Simalungun","Sumatera Utara"
"mempersiapkan","5","Bahasa Batak Simalungun","Sumatera Utara"
"mempertanyakan","5","Bahasa Batak Simalungun","Sumatera Utara"
"menabuh","5","Bahasa Batak Simalungun","Sumatera Utara"
"menagih","5","Bahasa Batak Simalungun","Sumatera Utara"
"menahan","5","Bahasa Batak Simalungun","Sumatera Utara"
"menambah","5","Bahasa Batak Simalungun","Sumatera Utara"
"menampilkan","5","Bahasa Batak Simalungun","Sumatera Utara"
"menampung","5","Bahasa Batak Simalungun","Sumatera Utara"
"menampungnya","5","Bahasa Batak Simalungun","Sumatera Utara"
"menanam","5","Bahasa Batak Simalungun","Sumatera Utara"
"menancap","5","Bahasa Batak Simalungun","Sumatera Utara"
"menancapkan","5","Bahasa Batak Simalungun","Sumatera Utara"
"menciptakan","5","Bahasa Batak Simalungun","Sumatera Utara"
"mencoba","5","Bahasa Batak Simalungun","Sumatera Utara"
"mendapat","5","Bahasa Batak Simalungun","Sumatera Utara"
"mendengar","5","Bahasa Batak Simalungun","Sumatera Utara"
"mendukung","5","Bahasa Batak Simalungun","Sumatera Utara"
"menemui","5","Bahasa Batak Simalungun","Sumatera Utara"
"menemukan","5","Bahasa Batak Simalungun","Sumatera Utara"
"menerapkan","5","Bahasa Batak Simalungun","Sumatera Utara"
"menerima","5","Bahasa Batak Simalungun","Sumatera Utara"
"menerpa","5","Bahasa Batak Simalungun","Sumatera Utara"
"menetes","5","Bahasa Batak Simalungun","Sumatera Utara"
"mengantongi","5","Bahasa Batak Simalungun","Sumatera Utara"
"mengapa","5","Bahasa Batak Simalungun","Sumatera Utara"
"mengarak","5","Bahasa Batak Simalungun","Sumatera Utara"
"mengatakan","5","Bahasa Batak Simalungun","Sumatera Utara"
"mengatasi","5","Bahasa Batak Simalungun","Sumatera Utara"
"mengayun","5","Bahasa Batak Simalungun","Sumatera Utara"
"mengebutkan","5","Bahasa Batak Simalungun","Sumatera Utara"
"mengecek","5","Bahasa Batak Simalungun","Sumatera Utara"
"mengecer","5","Bahasa Batak Simalungun","Sumatera Utara"
"mengecewakan","5","Bahasa Batak Simalungun","Sumatera Utara"
"mengeduk","5","Bahasa Batak Simalungun","Sumatera Utara"
"mengejar","5","Bahasa Batak Simalungun","Sumatera Utara"
"mengelak","5","Bahasa Batak Simalungun","Sumatera Utara"
"mengelas","5","Bahasa Batak Simalungun","Sumatera Utara"
"mengelola","5","Bahasa Batak Simalungun","Sumatera Utara"
"mengeluh","5","Bahasa Batak Simalungun","Sumatera Utara"
"mengembalikan","5","Bahasa Batak Simalungun","Sumatera Utara"
"mengembangkan","5","Bahasa Batak Simalungun","Sumatera Utara"
"menggunakan","5","Bahasa Batak Simalungun","Sumatera Utara"
"mengguncang","5","Bahasa Batak Simalungun","Sumatera Utara"
"menghabiskan","5","Bahasa Batak Simalungun","Sumatera Utara"
"menghadap","5","Bahasa Batak Simalungun","Sumatera Utara"
"menghadapi","5","Bahasa Batak Simalungun","Sumatera Utara"
"mengirim","5","Bahasa Batak Simalungun","Sumatera Utara"
"mengirimkan","5","Bahasa Batak Simalungun","Sumatera Utara"
"mengisi","5","Bahasa Batak Simalungun","Sumatera Utara"
"mengizinkan","5","Bahasa Batak Simalungun","Sumatera Utara"
"mengurusi","5","Bahasa Batak Simalungun","Sumatera Utara"
"mengusir","5","Bahasa Batak Simalungun","Sumatera Utara"
"mengusulkan","5","Bahasa Batak Simalungun","Sumatera Utara"
"mengutamakan","5","Bahasa Batak Simalungun","Sumatera Utara"
"mengutus","5","Bahasa Batak Simalungun","Sumatera Utara"
"meniadakan","5","Bahasa Batak Simalungun","Sumatera Utara"
"menikah","5","Bahasa Batak Simalungun","Sumatera Utara"
"menikahi","5","Bahasa Batak Simalungun","Sumatera Utara"
"menikahinya","5","Bahasa Batak Simalungun","Sumatera Utara"
"menikmati","5","Bahasa Batak Simalungun","Sumatera Utara"
"meniru","5","Bahasa Batak Simalungun","Sumatera Utara"
"menistakan","5","Bahasa Batak Simalungun","Sumatera Utara"
"menit","5","Bahasa Batak Simalungun","Sumatera Utara"
"menitan","5","Bahasa Batak Simalungun","Sumatera Utara"
"menjabat","5","Bahasa Batak Simalungun","Sumatera Utara"
"menjadi","5","Bahasa Batak Simalungun","Sumatera Utara"
"menjaga/menyimpan","5","Bahasa Batak Simalungun","Sumatera Utara"
"menjahit","5","Bahasa Batak Simalungun","Sumatera Utara"
"menjarangkan","5","Bahasa Batak Simalungun","Sumatera Utara"
"menjawab","5","Bahasa Batak Simalungun","Sumatera Utara"
"menjelaskan","5","Bahasa Batak Simalungun","Sumatera Utara"
"menjerat","5","Bahasa Batak Simalungun","Sumatera Utara"
"menjorok","5","Bahasa Batak Simalungun","Sumatera Utara"
"menjual","5","Bahasa Batak Simalungun","Sumatera Utara"
"menolak","5","Bahasa Batak Simalungun","Sumatera Utara"
"menolong","5","Bahasa Batak Simalungun","Sumatera Utara"
"menonton","5","Bahasa Batak Simalungun","Sumatera Utara"
"mentah","5","Bahasa Batak Simalungun","Sumatera Utara"
"menteri","5","Bahasa Batak Simalungun","Sumatera Utara"
"menua","5","Bahasa Batak Simalungun","Sumatera Utara"
"menuangkan","5","Bahasa Batak Simalungun","Sumatera Utara"
"menuduh","5","Bahasa Batak Simalungun","Sumatera Utara"
"menuju","5","Bahasa Batak Simalungun","Sumatera Utara"
"menukar","5","Bahasa Batak Simalungun","Sumatera Utara"
"menular","5","Bahasa Batak Simalungun","Sumatera Utara"
"menulis","5","Bahasa Batak Simalungun","Sumatera Utara"
"menuliskan","5","Bahasa Batak Simalungun","Sumatera Utara"
"menuliskannya","5","Bahasa Batak Simalungun","Sumatera Utara"
"menumbuhkan","5","Bahasa Batak Simalungun","Sumatera Utara"
"menumpang","5","Bahasa Batak Simalungun","Sumatera Utara"
"menumpuk","5","Bahasa Batak Simalungun","Sumatera Utara"
"menundukkan","5","Bahasa Batak Simalungun","Sumatera Utara"
"menunggu","5","Bahasa Batak Simalungun","Sumatera Utara"
"menunjangnya","5","Bahasa Batak Simalungun","Sumatera Utara"
"menunjuk","5","Bahasa Batak Simalungun","Sumatera Utara"
"menunjukkan","5","Bahasa Batak Simalungun","Sumatera Utara"
"menuntaskan","5","Bahasa Batak Simalungun","Sumatera Utara"
"menuntut","5","Bahasa Batak Simalungun","Sumatera Utara"
"menurun","5","Bahasa Batak Simalungun","Sumatera Utara"
"menurunkan","5","Bahasa Batak Simalungun","Sumatera Utara"
"menurunnya","5","Bahasa Batak Simalungun","Sumatera Utara"
"menurut","5","Bahasa Batak Simalungun","Sumatera Utara"
"menusuk","5","Bahasa Batak Simalungun","Sumatera Utara"
"menutupi","5","Bahasa Batak Simalungun","Sumatera Utara"
"menutupkan","5","Bahasa Batak Simalungun","Sumatera Utara"
"menuturkan","5","Bahasa Batak Simalungun","Sumatera Utara"
"menyabet","5","Bahasa Batak Simalungun","Sumatera Utara"
"menyadap","5","Bahasa Batak Simalungun","Sumatera Utara"
"menyadari","5","Bahasa Batak Simalungun","Sumatera Utara"
"menyakitkan","5","Bahasa Batak Simalungun","Sumatera Utara"
"menyaksikan","5","Bahasa Batak Simalungun","Sumatera Utara"
"menyala","5","Bahasa Batak Simalungun","Sumatera Utara"
"menyalahi","5","Bahasa Batak Simalungun","Sumatera Utara"
"menyalurkan","5","Bahasa Batak Simalungun","Sumatera Utara"
"menyamai","5","Bahasa Batak Simalungun","Sumatera Utara"
"menyamakan","5","Bahasa Batak Simalungun","Sumatera Utara"
"menyamar","5","Bahasa Batak Simalungun","Sumatera Utara"
"menyambar","5","Bahasa Batak Simalungun","Sumatera Utara"
"menyapu","5","Bahasa Batak Simalungun","Sumatera Utara"
"menyaring","5","Bahasa Batak Simalungun","Sumatera Utara"
"menyerbu","5","Bahasa Batak Simalungun","Sumatera Utara"
"menyeringai","5","Bahasa Batak Simalungun","Sumatera Utara"
"menyerupai","5","Bahasa Batak Simalungun","Sumatera Utara"
"menyumbat","5","Bahasa Batak Simalungun","Sumatera Utara"
"menyurati","5","Bahasa Batak Simalungun","Sumatera Utara"
"menyusul","5","Bahasa Batak Simalungun","Sumatera Utara"
"menyusun","5","Bahasa Batak Simalungun","Sumatera Utara"
"Merah","5","Bahasa Batak Simalungun","Sumatera Utara"
"Merah jambu","5","Bahasa Batak Simalungun","Sumatera Utara"
"Merah marun","5","Bahasa Batak Simalungun","Sumatera Utara"
"merasa","5","Bahasa Batak Simalungun","Sumatera Utara"
"merubah","5","Bahasa Batak Simalungun","Sumatera Utara"
"Minuman","5","Bahasa Batak Simalungun","Sumatera Utara"
"Mobil","5","Bahasa Batak Simalungun","Sumatera Utara"
"mungkin","5","Bahasa Batak Simalungun","Sumatera Utara"
"negatif","5","Bahasa Batak Simalungun","Sumatera Utara"
"negeri","5","Bahasa Batak Simalungun","Sumatera Utara"
"nelayan","5","Bahasa Batak Simalungun","Sumatera Utara"
"nenek","5","Bahasa Batak Simalungun","Sumatera Utara"
"niat","5","Bahasa Batak Simalungun","Sumatera Utara"
"orang","5","Bahasa Batak Simalungun","Sumatera Utara"
"pacet","5","Bahasa Batak Simalungun","Sumatera Utara"
"pada","5","Bahasa Batak Simalungun","Sumatera Utara"
"padahal","5","Bahasa Batak Simalungun","Sumatera Utara"
"padam","5","Bahasa Batak Simalungun","Sumatera Utara"
"padat","5","Bahasa Batak Simalungun","Sumatera Utara"
"padi","5","Bahasa Batak Simalungun","Sumatera Utara"
"paha","5","Bahasa Batak Simalungun","Sumatera Utara"
"paham","5","Bahasa Batak Simalungun","Sumatera Utara"
"pahlawan","5","Bahasa Batak Simalungun","Sumatera Utara"
"pakai","5","Bahasa Batak Simalungun","Sumatera Utara"
"pakaian","5","Bahasa Batak Simalungun","Sumatera Utara"
"palsu","5","Bahasa Batak Simalungun","Sumatera Utara"
"palu","5","Bahasa Batak Simalungun","Sumatera Utara"
"panjang","5","Bahasa Batak Simalungun","Sumatera Utara"
"pantai","5","Bahasa Batak Simalungun","Sumatera Utara"
"papan","5","Bahasa Batak Simalungun","Sumatera Utara"
"parah","5","Bahasa Batak Simalungun","Sumatera Utara"
"pedas","5","Bahasa Batak Simalungun","Sumatera Utara"
"pedih","5","Bahasa Batak Simalungun","Sumatera Utara"
"pejuang","5","Bahasa Batak Simalungun","Sumatera Utara"
"pelabuhan","5","Bahasa Batak Simalungun","Sumatera Utara"
"pelihara","5","Bahasa Batak Simalungun","Sumatera Utara"
"pemain","5","Bahasa Batak Simalungun","Sumatera Utara"
"pemilik","5","Bahasa Batak Simalungun","Sumatera Utara"
"pemuda","5","Bahasa Batak Simalungun","Sumatera Utara"
"penakut","5","Bahasa Batak Simalungun","Sumatera Utara"
"pengemudi","5","Bahasa Batak Simalungun","Sumatera Utara"
"penyu","5","Bahasa Batak Simalungun","Sumatera Utara"
"Perak","5","Bahasa Batak Simalungun","Sumatera Utara"
"pergi","5","Bahasa Batak Simalungun","Sumatera Utara"
"Perhiasan","5","Bahasa Batak Simalungun","Sumatera Utara"
"perunggu","5","Bahasa Batak Simalungun","Sumatera Utara"
"perusahaan","5","Bahasa Batak Simalungun","Sumatera Utara"
"pesan","5","Bahasa Batak Simalungun","Sumatera Utara"
"pesanan","5","Bahasa Batak Simalungun","Sumatera Utara"
"pesantren","5","Bahasa Batak Simalungun","Sumatera Utara"
"pesing","5","Bahasa Batak Simalungun","Sumatera Utara"
"pesisir","5","Bahasa Batak Simalungun","Sumatera Utara"
"petai","5","Bahasa Batak Simalungun","Sumatera Utara"
"petang","5","Bahasa Batak Simalungun","Sumatera Utara"
"petani","5","Bahasa Batak Simalungun","Sumatera Utara"
"petaninya","5","Bahasa Batak Simalungun","Sumatera Utara"
"pintu","5","Bahasa Batak Simalungun","Sumatera Utara"
"pisau","5","Bahasa Batak Simalungun","Sumatera Utara"
"pohon","5","Bahasa Batak Simalungun","Sumatera Utara"
"prakteknya","5","Bahasa Batak Simalungun","Sumatera Utara"
"pria","5","Bahasa Batak Simalungun","Sumatera Utara"
"pribadi","5","Bahasa Batak Simalungun","Sumatera Utara"
"pribumi","5","Bahasa Batak Simalungun","Sumatera Utara"
"produk","5","Bahasa Batak Simalungun","Sumatera Utara"
"produksi","5","Bahasa Batak Simalungun","Sumatera Utara"
"program","5","Bahasa Batak Simalungun","Sumatera Utara"
"pudar","5","Bahasa Batak Simalungun","Sumatera Utara"
"pula","5","Bahasa Batak Simalungun","Sumatera Utara"
"pulang","5","Bahasa Batak Simalungun","Sumatera Utara"
"pusat","5","Bahasa Batak Simalungun","Sumatera Utara"
"putar","5","Bahasa Batak Simalungun","Sumatera Utara"
"putih","5","Bahasa Batak Simalungun","Sumatera Utara"
"rakyat","5","Bahasa Batak Simalungun","Sumatera Utara"
"ramadhan","5","Bahasa Batak Simalungun","Sumatera Utara"
"rambut","5","Bahasa Batak Simalungun","Sumatera Utara"
"rame","5","Bahasa Batak Simalungun","Sumatera Utara"
"rampok","5","Bahasa Batak Simalungun","Sumatera Utara"
"rapi","5","Bahasa Batak Simalungun","Sumatera Utara"
"rasa","5","Bahasa Batak Simalungun","Sumatera Utara"
"rata","5","Bahasa Batak Simalungun","Sumatera Utara"
"ratu","5","Bahasa Batak Simalungun","Sumatera Utara"
"rawa","5","Bahasa Batak Simalungun","Sumatera Utara"
"rayap","5","Bahasa Batak Simalungun","Sumatera Utara"
"remaja","5","Bahasa Batak Simalungun","Sumatera Utara"
"rindu","5","Bahasa Batak Simalungun","Sumatera Utara"
"rokok","5","Bahasa Batak Simalungun","Sumatera Utara"
"rokoknya","5","Bahasa Batak Simalungun","Sumatera Utara"
"rontok","5","Bahasa Batak Simalungun","Sumatera Utara"
"rotan","5","Bahasa Batak Simalungun","Sumatera Utara"
"ruangan","5","Bahasa Batak Simalungun","Sumatera Utara"
"rugi","5","Bahasa Batak Simalungun","Sumatera Utara"
"rujukan","5","Bahasa Batak Simalungun","Sumatera Utara"
"rukun","5","Bahasa Batak Simalungun","Sumatera Utara"
"rumah","5","Bahasa Batak Simalungun","Sumatera Utara"
"rumah tangga","5","Bahasa Batak Simalungun","Sumatera Utara"
"rumpun","5","Bahasa Batak Simalungun","Sumatera Utara"
"rupanya","5","Bahasa Batak Simalungun","Sumatera Utara"
"rusa","5","Bahasa Batak Simalungun","Sumatera Utara"
"rutinnya","5","Bahasa Batak Simalungun","Sumatera Utara"
"saat","5","Bahasa Batak Simalungun","Sumatera Utara"
"sakit-sakitan","5","Bahasa Batak Simalungun","Sumatera Utara"
"saksikan","5","Bahasa Batak Simalungun","Sumatera Utara"
"salah satu","5","Bahasa Batak Simalungun","Sumatera Utara"
"salah satunya","5","Bahasa Batak Simalungun","Sumatera Utara"
"seberang","5","Bahasa Batak Simalungun","Sumatera Utara"
"seberapa","5","Bahasa Batak Simalungun","Sumatera Utara"
"sejajar","5","Bahasa Batak Simalungun","Sumatera Utara"
"sejalan","5","Bahasa Batak Simalungun","Sumatera Utara"
"sejarah","5","Bahasa Batak Simalungun","Sumatera Utara"
"sekolah","5","Bahasa Batak Simalungun","Sumatera Utara"
"sekolahnya","5","Bahasa Batak Simalungun","Sumatera Utara"
"sekongkol","5","Bahasa Batak Simalungun","Sumatera Utara"
"sekotamadya","5","Bahasa Batak Simalungun","Sumatera Utara"
"seks","5","Bahasa Batak Simalungun","Sumatera Utara"
"sekurang-kurangnya","5","Bahasa Batak Simalungun","Sumatera Utara"
"sel","5","Bahasa Batak Simalungun","Sumatera Utara"
"selain","5","Bahasa Batak Simalungun","Sumatera Utara"
"selain itu","5","Bahasa Batak Simalungun","Sumatera Utara"
"selaku","5","Bahasa Batak Simalungun","Sumatera Utara"
"sempitnya","5","Bahasa Batak Simalungun","Sumatera Utara"
"sempurna","5","Bahasa Batak Simalungun","Sumatera Utara"
"semut","5","Bahasa Batak Simalungun","Sumatera Utara"
"senang","5","Bahasa Batak Simalungun","Sumatera Utara"
"senapan","5","Bahasa Batak Simalungun","Sumatera Utara"
"senapannya","5","Bahasa Batak Simalungun","Sumatera Utara"
"senat","5","Bahasa Batak Simalungun","Sumatera Utara"
"senator","5","Bahasa Batak Simalungun","Sumatera Utara"
"sendirian","5","Bahasa Batak Simalungun","Sumatera Utara"
"sendok","5","Bahasa Batak Simalungun","Sumatera Utara"
"seng","5","Bahasa Batak Simalungun","Sumatera Utara"
"senggol","5","Bahasa Batak Simalungun","Sumatera Utara"
"sengsara","5","Bahasa Batak Simalungun","Sumatera Utara"
"Seni","5","Bahasa Batak Simalungun","Sumatera Utara"
"sentuh","5","Bahasa Batak Simalungun","Sumatera Utara"
"sering","5","Bahasa Batak Simalungun","Sumatera Utara"
"sesuai","5","Bahasa Batak Simalungun","Sumatera Utara"
"sial","5","Bahasa Batak Simalungun","Sumatera Utara"
"siap","5","Bahasa Batak Simalungun","Sumatera Utara"
"siapa","5","Bahasa Batak Simalungun","Sumatera Utara"
"siapakah","5","Bahasa Batak Simalungun","Sumatera Utara"
"siapapun","5","Bahasa Batak Simalungun","Sumatera Utara"
"siapkan","5","Bahasa Batak Simalungun","Sumatera Utara"
"sifat","5","Bahasa Batak Simalungun","Sumatera Utara"
"simpul","5","Bahasa Batak Simalungun","Sumatera Utara"
"sindiran","5","Bahasa Batak Simalungun","Sumatera Utara"
"singa","5","Bahasa Batak Simalungun","Sumatera Utara"
"singkat","5","Bahasa Batak Simalungun","Sumatera Utara"
"singkatan","5","Bahasa Batak Simalungun","Sumatera Utara"
"singkong","5","Bahasa Batak Simalungun","Sumatera Utara"
"suami","5","Bahasa Batak Simalungun","Sumatera Utara"
"suamiku","5","Bahasa Batak Simalungun","Sumatera Utara"
"suaminya","5","Bahasa Batak Simalungun","Sumatera Utara"
"suara","5","Bahasa Batak Simalungun","Sumatera Utara"
"suaranya","5","Bahasa Batak Simalungun","Sumatera Utara"
"suci","5","Bahasa Batak Simalungun","Sumatera Utara"
"sulit","5","Bahasa Batak Simalungun","Sumatera Utara"
"sumur","5","Bahasa Batak Simalungun","Sumatera Utara"
"sungai","5","Bahasa Batak Simalungun","Sumatera Utara"
"supaya","5","Bahasa Batak Simalungun","Sumatera Utara"
"susu","5","Bahasa Batak Simalungun","Sumatera Utara"
"susunan","5","Bahasa Batak Simalungun","Sumatera Utara"
"taat","5","Bahasa Batak Simalungun","Sumatera Utara"
"tabiat","5","Bahasa Batak Simalungun","Sumatera Utara"
"tablig","5","Bahasa Batak Simalungun","Sumatera Utara"
"tabu","5","Bahasa Batak Simalungun","Sumatera Utara"
"tadi","5","Bahasa Batak Simalungun","Sumatera Utara"
"takut","5","Bahasa Batak Simalungun","Sumatera Utara"
"tambahan","5","Bahasa Batak Simalungun","Sumatera Utara"
"tambat","5","Bahasa Batak Simalungun","Sumatera Utara"
"tampak","5","Bahasa Batak Simalungun","Sumatera Utara"
"tampung","5","Bahasa Batak Simalungun","Sumatera Utara"
"tamu","5","Bahasa Batak Simalungun","Sumatera Utara"
"tanam","5","Bahasa Batak Simalungun","Sumatera Utara"
"tegas","5","Bahasa Batak Simalungun","Sumatera Utara"
"teguh","5","Bahasa Batak Simalungun","Sumatera Utara"
"tema","5","Bahasa Batak Simalungun","Sumatera Utara"
"teman","5","Bahasa Batak Simalungun","Sumatera Utara"
"tenaga","5","Bahasa Batak Simalungun","Sumatera Utara"
"tenang","5","Bahasa Batak Simalungun","Sumatera Utara"
"tentu","5","Bahasa Batak Simalungun","Sumatera Utara"
"teorinya","5","Bahasa Batak Simalungun","Sumatera Utara"
"tepat","5","Bahasa Batak Simalungun","Sumatera Utara"
"tepatnya","5","Bahasa Batak Simalungun","Sumatera Utara"
"tepung","5","Bahasa Batak Simalungun","Sumatera Utara"
"terakhir","5","Bahasa Batak Simalungun","Sumatera Utara"
"teralami","5","Bahasa Batak Simalungun","Sumatera Utara"
"teramati","5","Bahasa Batak Simalungun","Sumatera Utara"
"terang","5","Bahasa Batak Simalungun","Sumatera Utara"
"terigu","5","Bahasa Batak Simalungun","Sumatera Utara"
"terima","5","Bahasa Batak Simalungun","Sumatera Utara"
"terima kasih","5","Bahasa Batak Simalungun","Sumatera Utara"
"tewas","5","Bahasa Batak Simalungun","Sumatera Utara"
"tiba","5","Bahasa Batak Simalungun","Sumatera Utara"
"tikus","5","Bahasa Batak Simalungun","Sumatera Utara"
"tinggal","5","Bahasa Batak Simalungun","Sumatera Utara"
"tokoh","5","Bahasa Batak Simalungun","Sumatera Utara"
"tolak","5","Bahasa Batak Simalungun","Sumatera Utara"
"toleransi","5","Bahasa Batak Simalungun","Sumatera Utara"
"tolong","5","Bahasa Batak Simalungun","Sumatera Utara"
"tuan","5","Bahasa Batak Simalungun","Sumatera Utara"
"tumbuh","5","Bahasa Batak Simalungun","Sumatera Utara"
"Tumbuhan","5","Bahasa Batak Simalungun","Sumatera Utara"
"tumpul","5","Bahasa Batak Simalungun","Sumatera Utara"
"tupai","5","Bahasa Batak Simalungun","Sumatera Utara"
"udang","5","Bahasa Batak Simalungun","Sumatera Utara"
"ular","5","Bahasa Batak Simalungun","Sumatera Utara"
"ulat","5","Bahasa Batak Simalungun","Sumatera Utara"
"umat","5","Bahasa Batak Simalungun","Sumatera Utara"
"umbi","5","Bahasa Batak Simalungun","Sumatera Utara"
"umpama","5","Bahasa Batak Simalungun","Sumatera Utara"
"upacara","5","Bahasa Batak Simalungun","Sumatera Utara"
"urusan","5","Bahasa Batak Simalungun","Sumatera Utara"
"usaha","5","Bahasa Batak Simalungun","Sumatera Utara"
"usia","5","Bahasa Batak Simalungun","Sumatera Utara"
"usul","5","Bahasa Batak Simalungun","Sumatera Utara"
"usus","5","Bahasa Batak Simalungun","Sumatera Utara"
"utama","5","Bahasa Batak Simalungun","Sumatera Utara"
"utang","5","Bahasa Batak Simalungun","Sumatera Utara"
"utara","5","Bahasa Batak Simalungun","Sumatera Utara"
"Violet","5","Bahasa Batak Simalungun","Sumatera Utara"
"wajah","5","Bahasa Batak Simalungun","Sumatera Utara"
"wajahnya","5","Bahasa Batak Simalungun","Sumatera Utara"
"wajar","5","Bahasa Batak Simalungun","Sumatera Utara"
"wajib","5","Bahasa Batak Simalungun","Sumatera Utara"
"waktunya","5","Bahasa Batak Simalungun","Sumatera Utara"
"wanita","5","Bahasa Batak Simalungun","Sumatera Utara"
"warna","5","Bahasa Batak Simalungun","Sumatera Utara"