"abad","1","Bahasa Bugis","Sulawesi Tengah"
"abadi","2","Bahasa Bugis","Sulawesi Tengah"
"abang","3","Bahasa Bugis","Sulawesi Tengah"
"acak","4","Bahasa Bugis","Sulawesi Tengah"
"acara","5","Bahasa Bugis","Sulawesi Tengah"
"acaranya","5","Bahasa Bugis","Sulawesi Tengah"
"ada","5","Bahasa Bugis","Sulawesi Tengah"
"adu","5","Bahasa Bugis","Sulawesi Tengah"
"agak","5","Bahasa Bugis","Sulawesi Tengah"
"agar","5","Bahasa Bugis","Sulawesi Tengah"
"air","5","Bahasa Bugis","Sulawesi Tengah"
"ajaran","5","Bahasa Bugis","Sulawesi Tengah"
"akal","5","Bahasa Bugis","Sulawesi Tengah"
"akan","5","Bahasa Bugis","Sulawesi Tengah"
"akar","5","Bahasa Bugis","Sulawesi Tengah"
"akhir","5","Bahasa Bugis","Sulawesi Tengah"
"akhirat","5","Bahasa Bugis","Sulawesi Tengah"
"akhirnya","5","Bahasa Bugis","Sulawesi Tengah"
"akibat","5","Bahasa Bugis","Sulawesi Tengah"
"aktif","5","Bahasa Bugis","Sulawesi Tengah"
"akun","5","Bahasa Bugis","Sulawesi Tengah"
"akur","5","Bahasa Bugis","Sulawesi Tengah"
"alam","5","Bahasa Bugis","Sulawesi Tengah"
"alamat","5","Bahasa Bugis","Sulawesi Tengah"
"aman","5","Bahasa Bugis","Sulawesi Tengah"
"amanah","5","Bahasa Bugis","Sulawesi Tengah"
"anak","5","Bahasa Bugis","Sulawesi Tengah"
"anak-anak","5","Bahasa Bugis","Sulawesi Tengah"
"anggota","5","Bahasa Bugis","Sulawesi Tengah"
"angsa","5","Bahasa Bugis","Sulawesi Tengah"
"anjing","5","Bahasa Bugis","Sulawesi Tengah"
"anting","5","Bahasa Bugis","Sulawesi Tengah"
"antri","5","Bahasa Bugis","Sulawesi Tengah"
"anugerah","5","Bahasa Bugis","Sulawesi Tengah"
"apa","5","Bahasa Bugis","Sulawesi Tengah"
"api","5","Bahasa Bugis","Sulawesi Tengah"
"asin","5","Bahasa Bugis","Sulawesi Tengah"
"asing","5","Bahasa Bugis","Sulawesi Tengah"
"asli","5","Bahasa Bugis","Sulawesi Tengah"
"aslinya","5","Bahasa Bugis","Sulawesi Tengah"
"asri","5","Bahasa Bugis","Sulawesi Tengah"
"asyik","5","Bahasa Bugis","Sulawesi Tengah"
"atap","5","Bahasa Bugis","Sulawesi Tengah"
"atas","5","Bahasa Bugis","Sulawesi Tengah"
"atlet","5","Bahasa Bugis","Sulawesi Tengah"
"awet","5","Bahasa Bugis","Sulawesi Tengah"
"ayah","5","Bahasa Bugis","Sulawesi Tengah"
"ayahnya","5","Bahasa Bugis","Sulawesi Tengah"
"ayam","5","Bahasa Bugis","Sulawesi Tengah"
"ayo","5","Bahasa Bugis","Sulawesi Tengah"
"babak","5","Bahasa Bugis","Sulawesi Tengah"
"babi","5","Bahasa Bugis","Sulawesi Tengah"
"bacaan","5","Bahasa Bugis","Sulawesi Tengah"
"bada","5","Bahasa Bugis","Sulawesi Tengah"
"badakÂ ","5","Bahasa Bugis","Sulawesi Tengah"
"bagian","5","Bahasa Bugis","Sulawesi Tengah"
"bagus","5","Bahasa Bugis","Sulawesi Tengah"
"bahagia","5","Bahasa Bugis","Sulawesi Tengah"
"bahan","5","Bahasa Bugis","Sulawesi Tengah"
"bahasa","5","Bahasa Bugis","Sulawesi Tengah"
"bahkan","5","Bahasa Bugis","Sulawesi Tengah"
"baik","5","Bahasa Bugis","Sulawesi Tengah"
"baiknya","5","Bahasa Bugis","Sulawesi Tengah"
"bait","5","Bahasa Bugis","Sulawesi Tengah"
"baja","5","Bahasa Bugis","Sulawesi Tengah"
"baju","5","Bahasa Bugis","Sulawesi Tengah"
"bakal","5","Bahasa Bugis","Sulawesi Tengah"
"bakar","5","Bahasa Bugis","Sulawesi Tengah"
"bakat","5","Bahasa Bugis","Sulawesi Tengah"
"bakti","5","Bahasa Bugis","Sulawesi Tengah"
"balai","5","Bahasa Bugis","Sulawesi Tengah"
"balas","5","Bahasa Bugis","Sulawesi Tengah"
"balasan","5","Bahasa Bugis","Sulawesi Tengah"
"balik","5","Bahasa Bugis","Sulawesi Tengah"
"bambu","5","Bahasa Bugis","Sulawesi Tengah"
"banding","5","Bahasa Bugis","Sulawesi Tengah"
"banget","5","Bahasa Bugis","Sulawesi Tengah"
"bangga","5","Bahasa Bugis","Sulawesi Tengah"
"bangganya","5","Bahasa Bugis","Sulawesi Tengah"
"bangkai","5","Bahasa Bugis","Sulawesi Tengah"
"bangkit","5","Bahasa Bugis","Sulawesi Tengah"
"bangsa","5","Bahasa Bugis","Sulawesi Tengah"
"bangunan","5","Bahasa Bugis","Sulawesi Tengah"
"banjir","5","Bahasa Bugis","Sulawesi Tengah"
"bank","5","Bahasa Bugis","Sulawesi Tengah"
"banteng","5","Bahasa Bugis","Sulawesi Tengah"
"banting","5","Bahasa Bugis","Sulawesi Tengah"
"bantingan","5","Bahasa Bugis","Sulawesi Tengah"
"bantu","5","Bahasa Bugis","Sulawesi Tengah"
"bantuan","5","Bahasa Bugis","Sulawesi Tengah"
"banyak","5","Bahasa Bugis","Sulawesi Tengah"
"bapak","5","Bahasa Bugis","Sulawesi Tengah"
"barang","5","Bahasa Bugis","Sulawesi Tengah"
"barangkali","5","Bahasa Bugis","Sulawesi Tengah"
"basi","5","Bahasa Bugis","Sulawesi Tengah"
"batuk","5","Bahasa Bugis","Sulawesi Tengah"
"bau","5","Bahasa Bugis","Sulawesi Tengah"
"bawah","5","Bahasa Bugis","Sulawesi Tengah"
"Bawang Merah","5","Bahasa Bugis","Sulawesi Tengah"
"Bawang Putih","5","Bahasa Bugis","Sulawesi Tengah"
"bayi","5","Bahasa Bugis","Sulawesi Tengah"
"beban","5","Bahasa Bugis","Sulawesi Tengah"
"bebas","5","Bahasa Bugis","Sulawesi Tengah"
"bekerja","5","Bahasa Bugis","Sulawesi Tengah"
"belajar","5","Bahasa Bugis","Sulawesi Tengah"
"belalang","5","Bahasa Bugis","Sulawesi Tengah"
"belanja","5","Bahasa Bugis","Sulawesi Tengah"
"belasan","5","Bahasa Bugis","Sulawesi Tengah"
"beli","5","Bahasa Bugis","Sulawesi Tengah"
"belum","5","Bahasa Bugis","Sulawesi Tengah"
"bencana","5","Bahasa Bugis","Sulawesi Tengah"
"benda","5","Bahasa Bugis","Sulawesi Tengah"
"bendera","5","Bahasa Bugis","Sulawesi Tengah"
"benih","5","Bahasa Bugis","Sulawesi Tengah"
"bentuk","5","Bahasa Bugis","Sulawesi Tengah"
"beradu","5","Bahasa Bugis","Sulawesi Tengah"
"beragam","5","Bahasa Bugis","Sulawesi Tengah"
"berair","5","Bahasa Bugis","Sulawesi Tengah"
"beraksi","5","Bahasa Bugis","Sulawesi Tengah"
"berang-berang","5","Bahasa Bugis","Sulawesi Tengah"
"berani","5","Bahasa Bugis","Sulawesi Tengah"
"berantakan","5","Bahasa Bugis","Sulawesi Tengah"
"berapa","5","Bahasa Bugis","Sulawesi Tengah"
"berapi","5","Bahasa Bugis","Sulawesi Tengah"
"berarti","5","Bahasa Bugis","Sulawesi Tengah"
"beras","5","Bahasa Bugis","Sulawesi Tengah"
"berat","5","Bahasa Bugis","Sulawesi Tengah"
"berayun","5","Bahasa Bugis","Sulawesi Tengah"
"berbagai","5","Bahasa Bugis","Sulawesi Tengah"
"berbagi","5","Bahasa Bugis","Sulawesi Tengah"
"berbahaya","5","Bahasa Bugis","Sulawesi Tengah"
"berbakti","5","Bahasa Bugis","Sulawesi Tengah"
"berbantah","5","Bahasa Bugis","Sulawesi Tengah"
"berbantahan","5","Bahasa Bugis","Sulawesi Tengah"
"berbarengan","5","Bahasa Bugis","Sulawesi Tengah"
"berbekal","5","Bahasa Bugis","Sulawesi Tengah"
"berbisnis","5","Bahasa Bugis","Sulawesi Tengah"
"berburu","5","Bahasa Bugis","Sulawesi Tengah"
"bercakap","5","Bahasa Bugis","Sulawesi Tengah"
"berceceran","5","Bahasa Bugis","Sulawesi Tengah"
"bercengkrama","5","Bahasa Bugis","Sulawesi Tengah"
"bercerai","5","Bahasa Bugis","Sulawesi Tengah"
"bercermin","5","Bahasa Bugis","Sulawesi Tengah"
"bercocok tanam","5","Bahasa Bugis","Sulawesi Tengah"
"berdasar","5","Bahasa Bugis","Sulawesi Tengah"
"berdecak","5","Bahasa Bugis","Sulawesi Tengah"
"berdekatan","5","Bahasa Bugis","Sulawesi Tengah"
"berdering","5","Bahasa Bugis","Sulawesi Tengah"
"berdikari","5","Bahasa Bugis","Sulawesi Tengah"
"berdiri","5","Bahasa Bugis","Sulawesi Tengah"
"berdua","5","Bahasa Bugis","Sulawesi Tengah"
"berduaan","5","Bahasa Bugis","Sulawesi Tengah"
"beres","5","Bahasa Bugis","Sulawesi Tengah"
"berfikir","5","Bahasa Bugis","Sulawesi Tengah"
"berganti","5","Bahasa Bugis","Sulawesi Tengah"
"bergelar","5","Bahasa Bugis","Sulawesi Tengah"
"bergerak","5","Bahasa Bugis","Sulawesi Tengah"
"berharap","5","Bahasa Bugis","Sulawesi Tengah"
"berhenti","5","Bahasa Bugis","Sulawesi Tengah"
"beri","5","Bahasa Bugis","Sulawesi Tengah"
"beringas","5","Bahasa Bugis","Sulawesi Tengah"
"berisi","5","Bahasa Bugis","Sulawesi Tengah"
"berjuang","5","Bahasa Bugis","Sulawesi Tengah"
"berjumpa","5","Bahasa Bugis","Sulawesi Tengah"
"berlari","5","Bahasa Bugis","Sulawesi Tengah"
"bermain","5","Bahasa Bugis","Sulawesi Tengah"
"beruang","5","Bahasa Bugis","Sulawesi Tengah"
"biawak","5","Bahasa Bugis","Sulawesi Tengah"
"Binatang","5","Bahasa Bugis","Sulawesi Tengah"
"Biru","5","Bahasa Bugis","Sulawesi Tengah"
"Buah-buahan","5","Bahasa Bugis","Sulawesi Tengah"
"buaya","5","Bahasa Bugis","Sulawesi Tengah"
"Buku","5","Bahasa Bugis","Sulawesi Tengah"
"bunda","5","Bahasa Bugis","Sulawesi Tengah"
"bunga","5","Bahasa Bugis","Sulawesi Tengah"
"bungkam","5","Bahasa Bugis","Sulawesi Tengah"
"bungkuk","5","Bahasa Bugis","Sulawesi Tengah"
"bungkus","5","Bahasa Bugis","Sulawesi Tengah"
"bungkusnya","5","Bahasa Bugis","Sulawesi Tengah"
"bunglon","5","Bahasa Bugis","Sulawesi Tengah"
"bungsu","5","Bahasa Bugis","Sulawesi Tengah"
"bunyi","5","Bahasa Bugis","Sulawesi Tengah"
"buram","5","Bahasa Bugis","Sulawesi Tengah"
"buruh","5","Bahasa Bugis","Sulawesi Tengah"
"burung","5","Bahasa Bugis","Sulawesi Tengah"
"buta","5","Bahasa Bugis","Sulawesi Tengah"
"cabai","5","Bahasa Bugis","Sulawesi Tengah"
"cabang","5","Bahasa Bugis","Sulawesi Tengah"
"cacat","5","Bahasa Bugis","Sulawesi Tengah"
"cacing","5","Bahasa Bugis","Sulawesi Tengah"
"cadangan","5","Bahasa Bugis","Sulawesi Tengah"
"cahaya","5","Bahasa Bugis","Sulawesi Tengah"
"cakap","5","Bahasa Bugis","Sulawesi Tengah"
"cakupan","5","Bahasa Bugis","Sulawesi Tengah"
"calon","5","Bahasa Bugis","Sulawesi Tengah"
"campur","5","Bahasa Bugis","Sulawesi Tengah"
"campuran","5","Bahasa Bugis","Sulawesi Tengah"
"capung","5","Bahasa Bugis","Sulawesi Tengah"
"cara","5","Bahasa Bugis","Sulawesi Tengah"
"cari","5","Bahasa Bugis","Sulawesi Tengah"
"cecak","5","Bahasa Bugis","Sulawesi Tengah"
"cemberut","5","Bahasa Bugis","Sulawesi Tengah"
"cerdas","5","Bahasa Bugis","Sulawesi Tengah"
"cicit","5","Bahasa Bugis","Sulawesi Tengah"
"cincin","5","Bahasa Bugis","Sulawesi Tengah"
"cinta","5","Bahasa Bugis","Sulawesi Tengah"
"Coklat","5","Bahasa Bugis","Sulawesi Tengah"
"cucu","5","Bahasa Bugis","Sulawesi Tengah"
"dalam","5","Bahasa Bugis","Sulawesi Tengah"
"dapat","5","Bahasa Bugis","Sulawesi Tengah"
"dapur","5","Bahasa Bugis","Sulawesi Tengah"
"debug","5","Bahasa Bugis","Sulawesi Tengah"
"delta","5","Bahasa Bugis","Sulawesi Tengah"
"dermawan","5","Bahasa Bugis","Sulawesi Tengah"
"desain","5","Bahasa Bugis","Sulawesi Tengah"
"detail","5","Bahasa Bugis","Sulawesi Tengah"
"doktor","5","Bahasa Bugis","Sulawesi Tengah"
"doktrin","5","Bahasa Bugis","Sulawesi Tengah"
"dokumen","5","Bahasa Bugis","Sulawesi Tengah"
"domba","5","Bahasa Bugis","Sulawesi Tengah"
"dosa","5","Bahasa Bugis","Sulawesi Tengah"
"duanya","5","Bahasa Bugis","Sulawesi Tengah"
"dubur","5","Bahasa Bugis","Sulawesi Tengah"
"duda","5","Bahasa Bugis","Sulawesi Tengah"
"duduk","5","Bahasa Bugis","Sulawesi Tengah"
"duitnya","5","Bahasa Bugis","Sulawesi Tengah"
"dukung","5","Bahasa Bugis","Sulawesi Tengah"
"dulunya","5","Bahasa Bugis","Sulawesi Tengah"
"dunia","5","Bahasa Bugis","Sulawesi Tengah"
"edarkan","5","Bahasa Bugis","Sulawesi Tengah"
"ekor","5","Bahasa Bugis","Sulawesi Tengah"
"Emas","5","Bahasa Bugis","Sulawesi Tengah"
"embun","5","Bahasa Bugis","Sulawesi Tengah"
"empat","5","Bahasa Bugis","Sulawesi Tengah"
"empedu","5","Bahasa Bugis","Sulawesi Tengah"
"empuk","5","Bahasa Bugis","Sulawesi Tengah"
"enak","5","Bahasa Bugis","Sulawesi Tengah"
"erat","5","Bahasa Bugis","Sulawesi Tengah"
"fasih","5","Bahasa Bugis","Sulawesi Tengah"
"februari","5","Bahasa Bugis","Sulawesi Tengah"
"foto","5","Bahasa Bugis","Sulawesi Tengah"
"fotonya","5","Bahasa Bugis","Sulawesi Tengah"
"gajah","5","Bahasa Bugis","Sulawesi Tengah"
"ganda","5","Bahasa Bugis","Sulawesi Tengah"
"ganteng","5","Bahasa Bugis","Sulawesi Tengah"
"garis","5","Bahasa Bugis","Sulawesi Tengah"
"gelang","5","Bahasa Bugis","Sulawesi Tengah"
"gerhana","5","Bahasa Bugis","Sulawesi Tengah"
"geser","5","Bahasa Bugis","Sulawesi Tengah"
"gesit","5","Bahasa Bugis","Sulawesi Tengah"
"gigi","5","Bahasa Bugis","Sulawesi Tengah"
"gila","5","Bahasa Bugis","Sulawesi Tengah"
"Gitar","5","Bahasa Bugis","Sulawesi Tengah"
"golok","5","Bahasa Bugis","Sulawesi Tengah"
"gorila","5","Bahasa Bugis","Sulawesi Tengah"
"gratisan","5","Bahasa Bugis","Sulawesi Tengah"
"gudang","5","Bahasa Bugis","Sulawesi Tengah"
"gula","5","Bahasa Bugis","Sulawesi Tengah"
"gulat","5","Bahasa Bugis","Sulawesi Tengah"
"gunanya","5","Bahasa Bugis","Sulawesi Tengah"
"guncang","5","Bahasa Bugis","Sulawesi Tengah"
"gunung","5","Bahasa Bugis","Sulawesi Tengah"
"gurih","5","Bahasa Bugis","Sulawesi Tengah"
"guru","5","Bahasa Bugis","Sulawesi Tengah"
"habis","5","Bahasa Bugis","Sulawesi Tengah"
"habis-habisan","5","Bahasa Bugis","Sulawesi Tengah"
"habiskan","5","Bahasa Bugis","Sulawesi Tengah"
"hadapi","5","Bahasa Bugis","Sulawesi Tengah"
"hadir","5","Bahasa Bugis","Sulawesi Tengah"
"hajat","5","Bahasa Bugis","Sulawesi Tengah"
"haji","5","Bahasa Bugis","Sulawesi Tengah"
"hak","5","Bahasa Bugis","Sulawesi Tengah"
"hakim","5","Bahasa Bugis","Sulawesi Tengah"
"hal","5","Bahasa Bugis","Sulawesi Tengah"
"halangi","5","Bahasa Bugis","Sulawesi Tengah"
"hambatan","5","Bahasa Bugis","Sulawesi Tengah"
"hangat","5","Bahasa Bugis","Sulawesi Tengah"
"hanyut","5","Bahasa Bugis","Sulawesi Tengah"
"harga","5","Bahasa Bugis","Sulawesi Tengah"
"harimau","5","Bahasa Bugis","Sulawesi Tengah"
"harimau/macan","5","Bahasa Bugis","Sulawesi Tengah"
"harinya","5","Bahasa Bugis","Sulawesi Tengah"
"harum","5","Bahasa Bugis","Sulawesi Tengah"
"harus","5","Bahasa Bugis","Sulawesi Tengah"
"hasilnya","5","Bahasa Bugis","Sulawesi Tengah"
"hati","5","Bahasa Bugis","Sulawesi Tengah"
"hati-hati","5","Bahasa Bugis","Sulawesi Tengah"
"hendak","5","Bahasa Bugis","Sulawesi Tengah"
"hendaknya","5","Bahasa Bugis","Sulawesi Tengah"
"herbivora","5","Bahasa Bugis","Sulawesi Tengah"
"heroik","5","Bahasa Bugis","Sulawesi Tengah"
"Hewan Peliharaan","5","Bahasa Bugis","Sulawesi Tengah"
"hiburan","5","Bahasa Bugis","Sulawesi Tengah"
"hidup","5","Bahasa Bugis","Sulawesi Tengah"
"hidupnya","5","Bahasa Bugis","Sulawesi Tengah"
"Hijau","5","Bahasa Bugis","Sulawesi Tengah"
"hikmah","5","Bahasa Bugis","Sulawesi Tengah"
"hitam","5","Bahasa Bugis","Sulawesi Tengah"
"hitung","5","Bahasa Bugis","Sulawesi Tengah"
"hiu","5","Bahasa Bugis","Sulawesi Tengah"
"honor","5","Bahasa Bugis","Sulawesi Tengah"
"hormat","5","Bahasa Bugis","Sulawesi Tengah"
"hotel","5","Bahasa Bugis","Sulawesi Tengah"
"ikan","5","Bahasa Bugis","Sulawesi Tengah"
"ingin","5","Bahasa Bugis","Sulawesi Tengah"
"intinya","5","Bahasa Bugis","Sulawesi Tengah"
"istana","5","Bahasa Bugis","Sulawesi Tengah"
"isteri","5","Bahasa Bugis","Sulawesi Tengah"
"istirahat","5","Bahasa Bugis","Sulawesi Tengah"
"istri","5","Bahasa Bugis","Sulawesi Tengah"
"izin","5","Bahasa Bugis","Sulawesi Tengah"
"jadi","5","Bahasa Bugis","Sulawesi Tengah"
"jadwal","5","Bahasa Bugis","Sulawesi Tengah"
"jagat","5","Bahasa Bugis","Sulawesi Tengah"
"jago","5","Bahasa Bugis","Sulawesi Tengah"
"Jahe","5","Bahasa Bugis","Sulawesi Tengah"
"jahil","5","Bahasa Bugis","Sulawesi Tengah"
"jahit","5","Bahasa Bugis","Sulawesi Tengah"
"jajahan","5","Bahasa Bugis","Sulawesi Tengah"
"jajaran","5","Bahasa Bugis","Sulawesi Tengah"
"Jakarta","5","Bahasa Bugis","Sulawesi Tengah"
"jalan","5","Bahasa Bugis","Sulawesi Tengah"
"jalani","5","Bahasa Bugis","Sulawesi Tengah"
"jalankan","5","Bahasa Bugis","Sulawesi Tengah"
"jamur","5","Bahasa Bugis","Sulawesi Tengah"
"janda","5","Bahasa Bugis","Sulawesi Tengah"
"jangan","5","Bahasa Bugis","Sulawesi Tengah"
"jangankan","5","Bahasa Bugis","Sulawesi Tengah"
"jantan","5","Bahasa Bugis","Sulawesi Tengah"
"jari","5","Bahasa Bugis","Sulawesi Tengah"
"jaringan","5","Bahasa Bugis","Sulawesi Tengah"
"jatuh","5","Bahasa Bugis","Sulawesi Tengah"
"jawabnya","5","Bahasa Bugis","Sulawesi Tengah"
"jelantah","5","Bahasa Bugis","Sulawesi Tengah"
"jelek","5","Bahasa Bugis","Sulawesi Tengah"
"Jenis Kain","5","Bahasa Bugis","Sulawesi Tengah"
"jenis kelamin","5","Bahasa Bugis","Sulawesi Tengah"
"jera","5","Bahasa Bugis","Sulawesi Tengah"
"jerapah","5","Bahasa Bugis","Sulawesi Tengah"
"Jeruk","5","Bahasa Bugis","Sulawesi Tengah"
"Jeruk Nipis","5","Bahasa Bugis","Sulawesi Tengah"
"Jeruk Purut","5","Bahasa Bugis","Sulawesi Tengah"
"jewer","5","Bahasa Bugis","Sulawesi Tengah"
"kagum","5","Bahasa Bugis","Sulawesi Tengah"
"kail","5","Bahasa Bugis","Sulawesi Tengah"
"karena","5","Bahasa Bugis","Sulawesi Tengah"
"kebanyakan","5","Bahasa Bugis","Sulawesi Tengah"
"kebijakan","5","Bahasa Bugis","Sulawesi Tengah"
"kecintaan","5","Bahasa Bugis","Sulawesi Tengah"
"kediaman","5","Bahasa Bugis","Sulawesi Tengah"
"kedipan","5","Bahasa Bugis","Sulawesi Tengah"
"kedudukan","5","Bahasa Bugis","Sulawesi Tengah"
"kehilangan","5","Bahasa Bugis","Sulawesi Tengah"
"kehilangan/kalah","5","Bahasa Bugis","Sulawesi Tengah"
"kehormatan","5","Bahasa Bugis","Sulawesi Tengah"
"kehutanan","5","Bahasa Bugis","Sulawesi Tengah"
"kejam","5","Bahasa Bugis","Sulawesi Tengah"
"kejar","5","Bahasa Bugis","Sulawesi Tengah"
"kekacauan","5","Bahasa Bugis","Sulawesi Tengah"
"kekar","5","Bahasa Bugis","Sulawesi Tengah"
"kekayaan","5","Bahasa Bugis","Sulawesi Tengah"
"kekhawatiran","5","Bahasa Bugis","Sulawesi Tengah"
"kelak","5","Bahasa Bugis","Sulawesi Tengah"
"kelas","5","Bahasa Bugis","Sulawesi Tengah"
"keledai","5","Bahasa Bugis","Sulawesi Tengah"
"kelelawar","5","Bahasa Bugis","Sulawesi Tengah"
"kelihatan","5","Bahasa Bugis","Sulawesi Tengah"
"kelihatannya","5","Bahasa Bugis","Sulawesi Tengah"
"keliling","5","Bahasa Bugis","Sulawesi Tengah"
"kelima","5","Bahasa Bugis","Sulawesi Tengah"
"kelinci","5","Bahasa Bugis","Sulawesi Tengah"
"keliru","5","Bahasa Bugis","Sulawesi Tengah"
"kelompok","5","Bahasa Bugis","Sulawesi Tengah"
"keluar","5","Bahasa Bugis","Sulawesi Tengah"
"kelurahan","5","Bahasa Bugis","Sulawesi Tengah"
"keluyuran","5","Bahasa Bugis","Sulawesi Tengah"
"kemampuan","5","Bahasa Bugis","Sulawesi Tengah"
"kemandirian","5","Bahasa Bugis","Sulawesi Tengah"
"kemarau","5","Bahasa Bugis","Sulawesi Tengah"
"kematian","5","Bahasa Bugis","Sulawesi Tengah"
"kembali","5","Bahasa Bugis","Sulawesi Tengah"
"kemekaran","5","Bahasa Bugis","Sulawesi Tengah"
"Kemiri","5","Bahasa Bugis","Sulawesi Tengah"
"kendaraan","5","Bahasa Bugis","Sulawesi Tengah"
"kendati","5","Bahasa Bugis","Sulawesi Tengah"
"kental","5","Bahasa Bugis","Sulawesi Tengah"
"kentut","5","Bahasa Bugis","Sulawesi Tengah"
"kepadanya","5","Bahasa Bugis","Sulawesi Tengah"
"kepal","5","Bahasa Bugis","Sulawesi Tengah"
"kepala","5","Bahasa Bugis","Sulawesi Tengah"
"kepiting","5","Bahasa Bugis","Sulawesi Tengah"
"kera/monyet","5","Bahasa Bugis","Sulawesi Tengah"
"kerudung","5","Bahasa Bugis","Sulawesi Tengah"
"kerusakan","5","Bahasa Bugis","Sulawesi Tengah"
"kerusakannya","5","Bahasa Bugis","Sulawesi Tengah"
"kesadaran","5","Bahasa Bugis","Sulawesi Tengah"
"kesal","5","Bahasa Bugis","Sulawesi Tengah"
"kesalahan","5","Bahasa Bugis","Sulawesi Tengah"
"kesejahteraan","5","Bahasa Bugis","Sulawesi Tengah"
"keselamatan","5","Bahasa Bugis","Sulawesi Tengah"
"Ketumbar","5","Bahasa Bugis","Sulawesi Tengah"
"kewajiban","5","Bahasa Bugis","Sulawesi Tengah"
"kewalahan","5","Bahasa Bugis","Sulawesi Tengah"
"keyakinan","5","Bahasa Bugis","Sulawesi Tengah"
"kiamat","5","Bahasa Bugis","Sulawesi Tengah"
"kidal","5","Bahasa Bugis","Sulawesi Tengah"
"kilometer","5","Bahasa Bugis","Sulawesi Tengah"
"kiosnya","5","Bahasa Bugis","Sulawesi Tengah"
"kira","5","Bahasa Bugis","Sulawesi Tengah"
"kiranya","5","Bahasa Bugis","Sulawesi Tengah"
"kiri","5","Bahasa Bugis","Sulawesi Tengah"
"kirim","5","Bahasa Bugis","Sulawesi Tengah"
"kita","5","Bahasa Bugis","Sulawesi Tengah"
"kodok","5","Bahasa Bugis","Sulawesi Tengah"
"kok","5","Bahasa Bugis","Sulawesi Tengah"
"kolom","5","Bahasa Bugis","Sulawesi Tengah"
"koma","5","Bahasa Bugis","Sulawesi Tengah"
"Kopi","5","Bahasa Bugis","Sulawesi Tengah"
"korosi","5","Bahasa Bugis","Sulawesi Tengah"
"krisis","5","Bahasa Bugis","Sulawesi Tengah"
"kristen","5","Bahasa Bugis","Sulawesi Tengah"
"kritik","5","Bahasa Bugis","Sulawesi Tengah"
"kritis","5","Bahasa Bugis","Sulawesi Tengah"
"kuasa","5","Bahasa Bugis","Sulawesi Tengah"
"kuatir","5","Bahasa Bugis","Sulawesi Tengah"
"kucing","5","Bahasa Bugis","Sulawesi Tengah"
"kuda","5","Bahasa Bugis","Sulawesi Tengah"
"kudeta","5","Bahasa Bugis","Sulawesi Tengah"
"kue","5","Bahasa Bugis","Sulawesi Tengah"
"kukuh","5","Bahasa Bugis","Sulawesi Tengah"
"kulum","5","Bahasa Bugis","Sulawesi Tengah"
"kumpul","5","Bahasa Bugis","Sulawesi Tengah"
"kumur","5","Bahasa Bugis","Sulawesi Tengah"
"kunang-kunang","5","Bahasa Bugis","Sulawesi Tengah"
"kunci","5","Bahasa Bugis","Sulawesi Tengah"
"kuning","5","Bahasa Bugis","Sulawesi Tengah"
"Kunyit","5","Bahasa Bugis","Sulawesi Tengah"
"kura-kura","5","Bahasa Bugis","Sulawesi Tengah"
"kurang","5","Bahasa Bugis","Sulawesi Tengah"
"kurus","5","Bahasa Bugis","Sulawesi Tengah"
"kusut","5","Bahasa Bugis","Sulawesi Tengah"
"laba-laba","5","Bahasa Bugis","Sulawesi Tengah"
"lagu","5","Bahasa Bugis","Sulawesi Tengah"
"lagunya","5","Bahasa Bugis","Sulawesi Tengah"
"lahan","5","Bahasa Bugis","Sulawesi Tengah"
"lahannya","5","Bahasa Bugis","Sulawesi Tengah"
"lahir","5","Bahasa Bugis","Sulawesi Tengah"
"lain","5","Bahasa Bugis","Sulawesi Tengah"
"lainnya","5","Bahasa Bugis","Sulawesi Tengah"
"laksamana","5","Bahasa Bugis","Sulawesi Tengah"
"laku","5","Bahasa Bugis","Sulawesi Tengah"
"lakukan","5","Bahasa Bugis","Sulawesi Tengah"
"lalu","5","Bahasa Bugis","Sulawesi Tengah"
"lalu lintas","5","Bahasa Bugis","Sulawesi Tengah"
"lama","5","Bahasa Bugis","Sulawesi Tengah"
"lancip","5","Bahasa Bugis","Sulawesi Tengah"
"langganan","5","Bahasa Bugis","Sulawesi Tengah"
"langit","5","Bahasa Bugis","Sulawesi Tengah"
"langka","5","Bahasa Bugis","Sulawesi Tengah"
"langkah","5","Bahasa Bugis","Sulawesi Tengah"
"langkahi","5","Bahasa Bugis","Sulawesi Tengah"
"lanjut","5","Bahasa Bugis","Sulawesi Tengah"
"lanjutnya","5","Bahasa Bugis","Sulawesi Tengah"
"lari","5","Bahasa Bugis","Sulawesi Tengah"
"laron","5","Bahasa Bugis","Sulawesi Tengah"
"latar","5","Bahasa Bugis","Sulawesi Tengah"
"layak","5","Bahasa Bugis","Sulawesi Tengah"
"lebah","5","Bahasa Bugis","Sulawesi Tengah"
"lebar","5","Bahasa Bugis","Sulawesi Tengah"
"lega","5","Bahasa Bugis","Sulawesi Tengah"
"leher","5","Bahasa Bugis","Sulawesi Tengah"
"lelah","5","Bahasa Bugis","Sulawesi Tengah"
"lelaki","5","Bahasa Bugis","Sulawesi Tengah"
"leluasa","5","Bahasa Bugis","Sulawesi Tengah"
"leluhur","5","Bahasa Bugis","Sulawesi Tengah"
"lemari","5","Bahasa Bugis","Sulawesi Tengah"
"lembab","5","Bahasa Bugis","Sulawesi Tengah"
"lempar","5","Bahasa Bugis","Sulawesi Tengah"
"lengah","5","Bahasa Bugis","Sulawesi Tengah"
"lengang","5","Bahasa Bugis","Sulawesi Tengah"
"lengkap","5","Bahasa Bugis","Sulawesi Tengah"
"lengkapnya","5","Bahasa Bugis","Sulawesi Tengah"
"lengkong","5","Bahasa Bugis","Sulawesi Tengah"
"lengkuas","5","Bahasa Bugis","Sulawesi Tengah"
"lengkung","5","Bahasa Bugis","Sulawesi Tengah"
"lepas","5","Bahasa Bugis","Sulawesi Tengah"
"letkol","5","Bahasa Bugis","Sulawesi Tengah"
"letnan","5","Bahasa Bugis","Sulawesi Tengah"
"licik","5","Bahasa Bugis","Sulawesi Tengah"
"lidah","5","Bahasa Bugis","Sulawesi Tengah"
"lihat","5","Bahasa Bugis","Sulawesi Tengah"
"lingkaran","5","Bahasa Bugis","Sulawesi Tengah"
"lipat","5","Bahasa Bugis","Sulawesi Tengah"
"lokasi","5","Bahasa Bugis","Sulawesi Tengah"
"lomba","5","Bahasa Bugis","Sulawesi Tengah"
"loncat","5","Bahasa Bugis","Sulawesi Tengah"
"longgar","5","Bahasa Bugis","Sulawesi Tengah"
"luar","5","Bahasa Bugis","Sulawesi Tengah"
"luar biasa","5","Bahasa Bugis","Sulawesi Tengah"
"lubang","5","Bahasa Bugis","Sulawesi Tengah"
"lucu","5","Bahasa Bugis","Sulawesi Tengah"
"luka","5","Bahasa Bugis","Sulawesi Tengah"
"luka berat","5","Bahasa Bugis","Sulawesi Tengah"
"lulus","5","Bahasa Bugis","Sulawesi Tengah"
"lulusan","5","Bahasa Bugis","Sulawesi Tengah"
"lumayan","5","Bahasa Bugis","Sulawesi Tengah"
"lumba-lumba","5","Bahasa Bugis","Sulawesi Tengah"
"lumut","5","Bahasa Bugis","Sulawesi Tengah"
"lunak","5","Bahasa Bugis","Sulawesi Tengah"
"lunas","5","Bahasa Bugis","Sulawesi Tengah"
"luntur","5","Bahasa Bugis","Sulawesi Tengah"
"lupa","5","Bahasa Bugis","Sulawesi Tengah"
"lusa","5","Bahasa Bugis","Sulawesi Tengah"
"lutut","5","Bahasa Bugis","Sulawesi Tengah"
"maaf","5","Bahasa Bugis","Sulawesi Tengah"
"mabuk","5","Bahasa Bugis","Sulawesi Tengah"
"macam","5","Bahasa Bugis","Sulawesi Tengah"
"madya","5","Bahasa Bugis","Sulawesi Tengah"
"Magenta","5","Bahasa Bugis","Sulawesi Tengah"
"maghrib","5","Bahasa Bugis","Sulawesi Tengah"
"mahal","5","Bahasa Bugis","Sulawesi Tengah"
"mahasiswa","5","Bahasa Bugis","Sulawesi Tengah"
"mahir","5","Bahasa Bugis","Sulawesi Tengah"
"malam","5","Bahasa Bugis","Sulawesi Tengah"
"malas","5","Bahasa Bugis","Sulawesi Tengah"
"mancung","5","Bahasa Bugis","Sulawesi Tengah"
"mandek","5","Bahasa Bugis","Sulawesi Tengah"
"mandi","5","Bahasa Bugis","Sulawesi Tengah"
"manfaat","5","Bahasa Bugis","Sulawesi Tengah"
"manfaatnya","5","Bahasa Bugis","Sulawesi Tengah"
"manggis","5","Bahasa Bugis","Sulawesi Tengah"
"manis","5","Bahasa Bugis","Sulawesi Tengah"
"manja","5","Bahasa Bugis","Sulawesi Tengah"
"manusia","5","Bahasa Bugis","Sulawesi Tengah"
"manyun","5","Bahasa Bugis","Sulawesi Tengah"
"marah","5","Bahasa Bugis","Sulawesi Tengah"
"martabat","5","Bahasa Bugis","Sulawesi Tengah"
"masa","5","Bahasa Bugis","Sulawesi Tengah"
"masing","5","Bahasa Bugis","Sulawesi Tengah"
"masjid","5","Bahasa Bugis","Sulawesi Tengah"
"maskawin","5","Bahasa Bugis","Sulawesi Tengah"
"massa","5","Bahasa Bugis","Sulawesi Tengah"
"masuk","5","Bahasa Bugis","Sulawesi Tengah"
"masyarakat","5","Bahasa Bugis","Sulawesi Tengah"
"mata","5","Bahasa Bugis","Sulawesi Tengah"
"matahari","5","Bahasa Bugis","Sulawesi Tengah"
"matanya","5","Bahasa Bugis","Sulawesi Tengah"
"Mawar","5","Bahasa Bugis","Sulawesi Tengah"
"maya","5","Bahasa Bugis","Sulawesi Tengah"
"media","5","Bahasa Bugis","Sulawesi Tengah"
"medis","5","Bahasa Bugis","Sulawesi Tengah"
"mei","5","Bahasa Bugis","Sulawesi Tengah"
"meja","5","Bahasa Bugis","Sulawesi Tengah"
"mekanik","5","Bahasa Bugis","Sulawesi Tengah"
"mekaniknya","5","Bahasa Bugis","Sulawesi Tengah"
"mekar","5","Bahasa Bugis","Sulawesi Tengah"
"melacur","5","Bahasa Bugis","Sulawesi Tengah"
"melakukan","5","Bahasa Bugis","Sulawesi Tengah"
"melanda","5","Bahasa Bugis","Sulawesi Tengah"
"melanggar","5","Bahasa Bugis","Sulawesi Tengah"
"melanjutkan","5","Bahasa Bugis","Sulawesi Tengah"
"melantik","5","Bahasa Bugis","Sulawesi Tengah"
"melarikan","5","Bahasa Bugis","Sulawesi Tengah"
"melayani","5","Bahasa Bugis","Sulawesi Tengah"
"melecehkan","5","Bahasa Bugis","Sulawesi Tengah"
"melekat","5","Bahasa Bugis","Sulawesi Tengah"
"meleleh","5","Bahasa Bugis","Sulawesi Tengah"
"melengkung","5","Bahasa Bugis","Sulawesi Tengah"
"melengkungkan","5","Bahasa Bugis","Sulawesi Tengah"
"melepaskan","5","Bahasa Bugis","Sulawesi Tengah"
"meletakkan","5","Bahasa Bugis","Sulawesi Tengah"
"meletus","5","Bahasa Bugis","Sulawesi Tengah"
"melihat","5","Bahasa Bugis","Sulawesi Tengah"
"melihat-lihat","5","Bahasa Bugis","Sulawesi Tengah"
"melindungi","5","Bahasa Bugis","Sulawesi Tengah"
"meliputi","5","Bahasa Bugis","Sulawesi Tengah"
"melotot","5","Bahasa Bugis","Sulawesi Tengah"
"melunakkan","5","Bahasa Bugis","Sulawesi Tengah"
"melupakan","5","Bahasa Bugis","Sulawesi Tengah"
"memadai","5","Bahasa Bugis","Sulawesi Tengah"
"memagari","5","Bahasa Bugis","Sulawesi Tengah"
"memahami","5","Bahasa Bugis","Sulawesi Tengah"
"memakai","5","Bahasa Bugis","Sulawesi Tengah"
"memakainya","5","Bahasa Bugis","Sulawesi Tengah"
"memalukan","5","Bahasa Bugis","Sulawesi Tengah"
"memancing","5","Bahasa Bugis","Sulawesi Tengah"
"memandang","5","Bahasa Bugis","Sulawesi Tengah"
"memanggang","5","Bahasa Bugis","Sulawesi Tengah"
"memanggil/menelpon","5","Bahasa Bugis","Sulawesi Tengah"
"memanjakan","5","Bahasa Bugis","Sulawesi Tengah"
"memantau","5","Bahasa Bugis","Sulawesi Tengah"
"memarahi","5","Bahasa Bugis","Sulawesi Tengah"
"memastikan","5","Bahasa Bugis","Sulawesi Tengah"
"memasukkan","5","Bahasa Bugis","Sulawesi Tengah"
"mematuk","5","Bahasa Bugis","Sulawesi Tengah"
"membaca","5","Bahasa Bugis","Sulawesi Tengah"
"membacanya","5","Bahasa Bugis","Sulawesi Tengah"
"membangkang","5","Bahasa Bugis","Sulawesi Tengah"
"membangun","5","Bahasa Bugis","Sulawesi Tengah"
"membantah","5","Bahasa Bugis","Sulawesi Tengah"
"membantu","5","Bahasa Bugis","Sulawesi Tengah"
"membara","5","Bahasa Bugis","Sulawesi Tengah"
"membasuh","5","Bahasa Bugis","Sulawesi Tengah"
"membatas","5","Bahasa Bugis","Sulawesi Tengah"
"membawa","5","Bahasa Bugis","Sulawesi Tengah"
"membayar","5","Bahasa Bugis","Sulawesi Tengah"
"membeku","5","Bahasa Bugis","Sulawesi Tengah"
"membeli","5","Bahasa Bugis","Sulawesi Tengah"
"membendung","5","Bahasa Bugis","Sulawesi Tengah"
"membentak","5","Bahasa Bugis","Sulawesi Tengah"
"memberantas","5","Bahasa Bugis","Sulawesi Tengah"
"memberi","5","Bahasa Bugis","Sulawesi Tengah"
"memberitakan","5","Bahasa Bugis","Sulawesi Tengah"
"membiarkan","5","Bahasa Bugis","Sulawesi Tengah"
"membicarakan","5","Bahasa Bugis","Sulawesi Tengah"
"membidik","5","Bahasa Bugis","Sulawesi Tengah"
"membuat","5","Bahasa Bugis","Sulawesi Tengah"
"membuatkan","5","Bahasa Bugis","Sulawesi Tengah"
"membuka","5","Bahasa Bugis","Sulawesi Tengah"
"membutuhkan","5","Bahasa Bugis","Sulawesi Tengah"
"memegang","5","Bahasa Bugis","Sulawesi Tengah"
"memelintir","5","Bahasa Bugis","Sulawesi Tengah"
"memendekkan","5","Bahasa Bugis","Sulawesi Tengah"
"memenuhi","5","Bahasa Bugis","Sulawesi Tengah"
"memenuhinya","5","Bahasa Bugis","Sulawesi Tengah"
"memerangi","5","Bahasa Bugis","Sulawesi Tengah"
"memeras","5","Bahasa Bugis","Sulawesi Tengah"
"memercik","5","Bahasa Bugis","Sulawesi Tengah"
"memerlukan","5","Bahasa Bugis","Sulawesi Tengah"
"memesan","5","Bahasa Bugis","Sulawesi Tengah"
"memikirkannya","5","Bahasa Bugis","Sulawesi Tengah"
"memikul","5","Bahasa Bugis","Sulawesi Tengah"
"memilih","5","Bahasa Bugis","Sulawesi Tengah"
"memimpin","5","Bahasa Bugis","Sulawesi Tengah"
"meminta","5","Bahasa Bugis","Sulawesi Tengah"
"meminum","5","Bahasa Bugis","Sulawesi Tengah"
"memisahkan","5","Bahasa Bugis","Sulawesi Tengah"
"memotong","5","Bahasa Bugis","Sulawesi Tengah"
"mempelajari","5","Bahasa Bugis","Sulawesi Tengah"
"mempengaruhi","5","Bahasa Bugis","Sulawesi Tengah"
"memperbolehkannya","5","Bahasa Bugis","Sulawesi Tengah"
"mempercayai","5","Bahasa Bugis","Sulawesi Tengah"
"mempercayakan","5","Bahasa Bugis","Sulawesi Tengah"
"memperingati","5","Bahasa Bugis","Sulawesi Tengah"
"memperkenalkan","5","Bahasa Bugis","Sulawesi Tengah"
"memperkuat","5","Bahasa Bugis","Sulawesi Tengah"
"mempersiapkan","5","Bahasa Bugis","Sulawesi Tengah"
"mempertanyakan","5","Bahasa Bugis","Sulawesi Tengah"
"menabuh","5","Bahasa Bugis","Sulawesi Tengah"
"menagih","5","Bahasa Bugis","Sulawesi Tengah"
"menahan","5","Bahasa Bugis","Sulawesi Tengah"
"menambah","5","Bahasa Bugis","Sulawesi Tengah"
"menampilkan","5","Bahasa Bugis","Sulawesi Tengah"
"menampung","5","Bahasa Bugis","Sulawesi Tengah"
"menampungnya","5","Bahasa Bugis","Sulawesi Tengah"
"menanam","5","Bahasa Bugis","Sulawesi Tengah"
"menancap","5","Bahasa Bugis","Sulawesi Tengah"
"menancapkan","5","Bahasa Bugis","Sulawesi Tengah"
"menciptakan","5","Bahasa Bugis","Sulawesi Tengah"
"mencoba","5","Bahasa Bugis","Sulawesi Tengah"
"mendapat","5","Bahasa Bugis","Sulawesi Tengah"
"mendengar","5","Bahasa Bugis","Sulawesi Tengah"
"mendukung","5","Bahasa Bugis","Sulawesi Tengah"
"menemui","5","Bahasa Bugis","Sulawesi Tengah"
"menemukan","5","Bahasa Bugis","Sulawesi Tengah"
"menerapkan","5","Bahasa Bugis","Sulawesi Tengah"
"menerima","5","Bahasa Bugis","Sulawesi Tengah"
"menerpa","5","Bahasa Bugis","Sulawesi Tengah"
"menetes","5","Bahasa Bugis","Sulawesi Tengah"
"mengantongi","5","Bahasa Bugis","Sulawesi Tengah"
"mengapa","5","Bahasa Bugis","Sulawesi Tengah"
"mengarak","5","Bahasa Bugis","Sulawesi Tengah"
"mengatakan","5","Bahasa Bugis","Sulawesi Tengah"
"mengatasi","5","Bahasa Bugis","Sulawesi Tengah"
"mengayun","5","Bahasa Bugis","Sulawesi Tengah"
"mengebutkan","5","Bahasa Bugis","Sulawesi Tengah"
"mengecek","5","Bahasa Bugis","Sulawesi Tengah"
"mengecer","5","Bahasa Bugis","Sulawesi Tengah"
"mengecewakan","5","Bahasa Bugis","Sulawesi Tengah"
"mengeduk","5","Bahasa Bugis","Sulawesi Tengah"
"mengejar","5","Bahasa Bugis","Sulawesi Tengah"
"mengelak","5","Bahasa Bugis","Sulawesi Tengah"
"mengelas","5","Bahasa Bugis","Sulawesi Tengah"
"mengelola","5","Bahasa Bugis","Sulawesi Tengah"
"mengeluh","5","Bahasa Bugis","Sulawesi Tengah"
"mengembalikan","5","Bahasa Bugis","Sulawesi Tengah"
"mengembangkan","5","Bahasa Bugis","Sulawesi Tengah"
"menggunakan","5","Bahasa Bugis","Sulawesi Tengah"
"mengguncang","5","Bahasa Bugis","Sulawesi Tengah"
"menghabiskan","5","Bahasa Bugis","Sulawesi Tengah"
"menghadap","5","Bahasa Bugis","Sulawesi Tengah"
"menghadapi","5","Bahasa Bugis","Sulawesi Tengah"
"mengirim","5","Bahasa Bugis","Sulawesi Tengah"
"mengirimkan","5","Bahasa Bugis","Sulawesi Tengah"
"mengisi","5","Bahasa Bugis","Sulawesi Tengah"
"mengizinkan","5","Bahasa Bugis","Sulawesi Tengah"
"mengurusi","5","Bahasa Bugis","Sulawesi Tengah"
"mengusir","5","Bahasa Bugis","Sulawesi Tengah"
"mengusulkan","5","Bahasa Bugis","Sulawesi Tengah"
"mengutamakan","5","Bahasa Bugis","Sulawesi Tengah"
"mengutus","5","Bahasa Bugis","Sulawesi Tengah"
"meniadakan","5","Bahasa Bugis","Sulawesi Tengah"
"menikah","5","Bahasa Bugis","Sulawesi Tengah"
"menikahi","5","Bahasa Bugis","Sulawesi Tengah"
"menikahinya","5","Bahasa Bugis","Sulawesi Tengah"
"menikmati","5","Bahasa Bugis","Sulawesi Tengah"
"meniru","5","Bahasa Bugis","Sulawesi Tengah"
"menistakan","5","Bahasa Bugis","Sulawesi Tengah"
"menit","5","Bahasa Bugis","Sulawesi Tengah"
"menitan","5","Bahasa Bugis","Sulawesi Tengah"
"menjabat","5","Bahasa Bugis","Sulawesi Tengah"
"menjadi","5","Bahasa Bugis","Sulawesi Tengah"
"menjaga/menyimpan","5","Bahasa Bugis","Sulawesi Tengah"
"menjahit","5","Bahasa Bugis","Sulawesi Tengah"
"menjarangkan","5","Bahasa Bugis","Sulawesi Tengah"
"menjawab","5","Bahasa Bugis","Sulawesi Tengah"
"menjelaskan","5","Bahasa Bugis","Sulawesi Tengah"
"menjerat","5","Bahasa Bugis","Sulawesi Tengah"
"menjorok","5","Bahasa Bugis","Sulawesi Tengah"
"menjual","5","Bahasa Bugis","Sulawesi Tengah"
"menolak","5","Bahasa Bugis","Sulawesi Tengah"
"menolong","5","Bahasa Bugis","Sulawesi Tengah"
"menonton","5","Bahasa Bugis","Sulawesi Tengah"
"mentah","5","Bahasa Bugis","Sulawesi Tengah"
"menteri","5","Bahasa Bugis","Sulawesi Tengah"
"menua","5","Bahasa Bugis","Sulawesi Tengah"
"menuangkan","5","Bahasa Bugis","Sulawesi Tengah"
"menuduh","5","Bahasa Bugis","Sulawesi Tengah"
"menuju","5","Bahasa Bugis","Sulawesi Tengah"
"menukar","5","Bahasa Bugis","Sulawesi Tengah"
"menular","5","Bahasa Bugis","Sulawesi Tengah"
"menulis","5","Bahasa Bugis","Sulawesi Tengah"
"menuliskan","5","Bahasa Bugis","Sulawesi Tengah"
"menuliskannya","5","Bahasa Bugis","Sulawesi Tengah"
"menumbuhkan","5","Bahasa Bugis","Sulawesi Tengah"
"menumpang","5","Bahasa Bugis","Sulawesi Tengah"
"menumpuk","5","Bahasa Bugis","Sulawesi Tengah"
"menundukkan","5","Bahasa Bugis","Sulawesi Tengah"
"menunggu","5","Bahasa Bugis","Sulawesi Tengah"
"menunjangnya","5","Bahasa Bugis","Sulawesi Tengah"
"menunjuk","5","Bahasa Bugis","Sulawesi Tengah"
"menunjukkan","5","Bahasa Bugis","Sulawesi Tengah"
"menuntaskan","5","Bahasa Bugis","Sulawesi Tengah"
"menuntut","5","Bahasa Bugis","Sulawesi Tengah"
"menurun","5","Bahasa Bugis","Sulawesi Tengah"
"menurunkan","5","Bahasa Bugis","Sulawesi Tengah"
"menurunnya","5","Bahasa Bugis","Sulawesi Tengah"
"menurut","5","Bahasa Bugis","Sulawesi Tengah"
"menusuk","5","Bahasa Bugis","Sulawesi Tengah"
"menutupi","5","Bahasa Bugis","Sulawesi Tengah"
"menutupkan","5","Bahasa Bugis","Sulawesi Tengah"
"menuturkan","5","Bahasa Bugis","Sulawesi Tengah"
"menyabet","5","Bahasa Bugis","Sulawesi Tengah"
"menyadap","5","Bahasa Bugis","Sulawesi Tengah"
"menyadari","5","Bahasa Bugis","Sulawesi Tengah"
"menyakitkan","5","Bahasa Bugis","Sulawesi Tengah"
"menyaksikan","5","Bahasa Bugis","Sulawesi Tengah"
"menyala","5","Bahasa Bugis","Sulawesi Tengah"
"menyalahi","5","Bahasa Bugis","Sulawesi Tengah"
"menyalurkan","5","Bahasa Bugis","Sulawesi Tengah"
"menyamai","5","Bahasa Bugis","Sulawesi Tengah"
"menyamakan","5","Bahasa Bugis","Sulawesi Tengah"
"menyamar","5","Bahasa Bugis","Sulawesi Tengah"
"menyambar","5","Bahasa Bugis","Sulawesi Tengah"
"menyapu","5","Bahasa Bugis","Sulawesi Tengah"
"menyaring","5","Bahasa Bugis","Sulawesi Tengah"
"menyerbu","5","Bahasa Bugis","Sulawesi Tengah"
"menyeringai","5","Bahasa Bugis","Sulawesi Tengah"
"menyerupai","5","Bahasa Bugis","Sulawesi Tengah"
"menyumbat","5","Bahasa Bugis","Sulawesi Tengah"
"menyurati","5","Bahasa Bugis","Sulawesi Tengah"
"menyusul","5","Bahasa Bugis","Sulawesi Tengah"
"menyusun","5","Bahasa Bugis","Sulawesi Tengah"
"Merah","5","Bahasa Bugis","Sulawesi Tengah"
"Merah jambu","5","Bahasa Bugis","Sulawesi Tengah"
"Merah marun","5","Bahasa Bugis","Sulawesi Tengah"
"merasa","5","Bahasa Bugis","Sulawesi Tengah"
"merubah","5","Bahasa Bugis","Sulawesi Tengah"
"Minuman","5","Bahasa Bugis","Sulawesi Tengah"
"Mobil","5","Bahasa Bugis","Sulawesi Tengah"
"mungkin","5","Bahasa Bugis","Sulawesi Tengah"
"negatif","5","Bahasa Bugis","Sulawesi Tengah"
"negeri","5","Bahasa Bugis","Sulawesi Tengah"
"nelayan","5","Bahasa Bugis","Sulawesi Tengah"
"nenek","5","Bahasa Bugis","Sulawesi Tengah"
"niat","5","Bahasa Bugis","Sulawesi Tengah"
"orang","5","Bahasa Bugis","Sulawesi Tengah"
"pacet","5","Bahasa Bugis","Sulawesi Tengah"
"pada","5","Bahasa Bugis","Sulawesi Tengah"
"padahal","5","Bahasa Bugis","Sulawesi Tengah"
"padam","5","Bahasa Bugis","Sulawesi Tengah"
"padat","5","Bahasa Bugis","Sulawesi Tengah"
"padi","5","Bahasa Bugis","Sulawesi Tengah"
"paha","5","Bahasa Bugis","Sulawesi Tengah"
"paham","5","Bahasa Bugis","Sulawesi Tengah"
"pahlawan","5","Bahasa Bugis","Sulawesi Tengah"
"pakai","5","Bahasa Bugis","Sulawesi Tengah"
"pakaian","5","Bahasa Bugis","Sulawesi Tengah"
"palsu","5","Bahasa Bugis","Sulawesi Tengah"
"palu","5","Bahasa Bugis","Sulawesi Tengah"
"panjang","5","Bahasa Bugis","Sulawesi Tengah"
"pantai","5","Bahasa Bugis","Sulawesi Tengah"
"papan","5","Bahasa Bugis","Sulawesi Tengah"
"parah","5","Bahasa Bugis","Sulawesi Tengah"
"pedas","5","Bahasa Bugis","Sulawesi Tengah"
"pedih","5","Bahasa Bugis","Sulawesi Tengah"
"pejuang","5","Bahasa Bugis","Sulawesi Tengah"
"pelabuhan","5","Bahasa Bugis","Sulawesi Tengah"
"pelihara","5","Bahasa Bugis","Sulawesi Tengah"
"pemain","5","Bahasa Bugis","Sulawesi Tengah"
"pemilik","5","Bahasa Bugis","Sulawesi Tengah"
"pemuda","5","Bahasa Bugis","Sulawesi Tengah"
"penakut","5","Bahasa Bugis","Sulawesi Tengah"
"pengemudi","5","Bahasa Bugis","Sulawesi Tengah"
"penyu","5","Bahasa Bugis","Sulawesi Tengah"
"Perak","5","Bahasa Bugis","Sulawesi Tengah"
"pergi","5","Bahasa Bugis","Sulawesi Tengah"
"Perhiasan","5","Bahasa Bugis","Sulawesi Tengah"
"perunggu","5","Bahasa Bugis","Sulawesi Tengah"
"perusahaan","5","Bahasa Bugis","Sulawesi Tengah"
"pesan","5","Bahasa Bugis","Sulawesi Tengah"
"pesanan","5","Bahasa Bugis","Sulawesi Tengah"
"pesantren","5","Bahasa Bugis","Sulawesi Tengah"
"pesing","5","Bahasa Bugis","Sulawesi Tengah"
"pesisir","5","Bahasa Bugis","Sulawesi Tengah"
"petai","5","Bahasa Bugis","Sulawesi Tengah"
"petang","5","Bahasa Bugis","Sulawesi Tengah"
"petani","5","Bahasa Bugis","Sulawesi Tengah"
"petaninya","5","Bahasa Bugis","Sulawesi Tengah"
"pintu","5","Bahasa Bugis","Sulawesi Tengah"
"pisau","5","Bahasa Bugis","Sulawesi Tengah"
"pohon","5","Bahasa Bugis","Sulawesi Tengah"
"prakteknya","5","Bahasa Bugis","Sulawesi Tengah"
"pria","5","Bahasa Bugis","Sulawesi Tengah"
"pribadi","5","Bahasa Bugis","Sulawesi Tengah"
"pribumi","5","Bahasa Bugis","Sulawesi Tengah"
"produk","5","Bahasa Bugis","Sulawesi Tengah"
"produksi","5","Bahasa Bugis","Sulawesi Tengah"
"program","5","Bahasa Bugis","Sulawesi Tengah"
"pudar","5","Bahasa Bugis","Sulawesi Tengah"
"pula","5","Bahasa Bugis","Sulawesi Tengah"
"pulang","5","Bahasa Bugis","Sulawesi Tengah"
"pusat","5","Bahasa Bugis","Sulawesi Tengah"
"putar","5","Bahasa Bugis","Sulawesi Tengah"
"putih","5","Bahasa Bugis","Sulawesi Tengah"
"rakyat","5","Bahasa Bugis","Sulawesi Tengah"
"ramadhan","5","Bahasa Bugis","Sulawesi Tengah"
"rambut","5","Bahasa Bugis","Sulawesi Tengah"
"rame","5","Bahasa Bugis","Sulawesi Tengah"
"rampok","5","Bahasa Bugis","Sulawesi Tengah"
"rapi","5","Bahasa Bugis","Sulawesi Tengah"
"rasa","5","Bahasa Bugis","Sulawesi Tengah"
"rata","5","Bahasa Bugis","Sulawesi Tengah"
"ratu","5","Bahasa Bugis","Sulawesi Tengah"
"rawa","5","Bahasa Bugis","Sulawesi Tengah"
"rayap","5","Bahasa Bugis","Sulawesi Tengah"
"remaja","5","Bahasa Bugis","Sulawesi Tengah"
"rindu","5","Bahasa Bugis","Sulawesi Tengah"
"rokok","5","Bahasa Bugis","Sulawesi Tengah"
"rokoknya","5","Bahasa Bugis","Sulawesi Tengah"
"rontok","5","Bahasa Bugis","Sulawesi Tengah"
"rotan","5","Bahasa Bugis","Sulawesi Tengah"
"ruangan","5","Bahasa Bugis","Sulawesi Tengah"
"rugi","5","Bahasa Bugis","Sulawesi Tengah"
"rujukan","5","Bahasa Bugis","Sulawesi Tengah"
"rukun","5","Bahasa Bugis","Sulawesi Tengah"
"rumah","5","Bahasa Bugis","Sulawesi Tengah"
"rumah tangga","5","Bahasa Bugis","Sulawesi Tengah"
"rumpun","5","Bahasa Bugis","Sulawesi Tengah"
"rupanya","5","Bahasa Bugis","Sulawesi Tengah"
"rusa","5","Bahasa Bugis","Sulawesi Tengah"
"rutinnya","5","Bahasa Bugis","Sulawesi Tengah"
"saat","5","Bahasa Bugis","Sulawesi Tengah"
"sakit-sakitan","5","Bahasa Bugis","Sulawesi Tengah"
"saksikan","5","Bahasa Bugis","Sulawesi Tengah"
"salah satu","5","Bahasa Bugis","Sulawesi Tengah"
"salah satunya","5","Bahasa Bugis","Sulawesi Tengah"
"seberang","5","Bahasa Bugis","Sulawesi Tengah"
"seberapa","5","Bahasa Bugis","Sulawesi Tengah"
"sejajar","5","Bahasa Bugis","Sulawesi Tengah"
"sejalan","5","Bahasa Bugis","Sulawesi Tengah"
"sejarah","5","Bahasa Bugis","Sulawesi Tengah"
"sekolah","5","Bahasa Bugis","Sulawesi Tengah"
"sekolahnya","5","Bahasa Bugis","Sulawesi Tengah"
"sekongkol","5","Bahasa Bugis","Sulawesi Tengah"
"sekotamadya","5","Bahasa Bugis","Sulawesi Tengah"
"seks","5","Bahasa Bugis","Sulawesi Tengah"
"sekurang-kurangnya","5","Bahasa Bugis","Sulawesi Tengah"
"sel","5","Bahasa Bugis","Sulawesi Tengah"
"selain","5","Bahasa Bugis","Sulawesi Tengah"
"selain itu","5","Bahasa Bugis","Sulawesi Tengah"
"selaku","5","Bahasa Bugis","Sulawesi Tengah"
"sempitnya","5","Bahasa Bugis","Sulawesi Tengah"
"sempurna","5","Bahasa Bugis","Sulawesi Tengah"
"semut","5","Bahasa Bugis","Sulawesi Tengah"
"senang","5","Bahasa Bugis","Sulawesi Tengah"
"senapan","5","Bahasa Bugis","Sulawesi Tengah"
"senapannya","5","Bahasa Bugis","Sulawesi Tengah"
"senat","5","Bahasa Bugis","Sulawesi Tengah"
"senator","5","Bahasa Bugis","Sulawesi Tengah"
"sendirian","5","Bahasa Bugis","Sulawesi Tengah"
"sendok","5","Bahasa Bugis","Sulawesi Tengah"
"seng","5","Bahasa Bugis","Sulawesi Tengah"
"senggol","5","Bahasa Bugis","Sulawesi Tengah"
"sengsara","5","Bahasa Bugis","Sulawesi Tengah"
"Seni","5","Bahasa Bugis","Sulawesi Tengah"
"sentuh","5","Bahasa Bugis","Sulawesi Tengah"
"sering","5","Bahasa Bugis","Sulawesi Tengah"
"sesuai","5","Bahasa Bugis","Sulawesi Tengah"
"sial","5","Bahasa Bugis","Sulawesi Tengah"
"siap","5","Bahasa Bugis","Sulawesi Tengah"
"siapa","5","Bahasa Bugis","Sulawesi Tengah"
"siapakah","5","Bahasa Bugis","Sulawesi Tengah"
"siapapun","5","Bahasa Bugis","Sulawesi Tengah"
"siapkan","5","Bahasa Bugis","Sulawesi Tengah"
"sifat","5","Bahasa Bugis","Sulawesi Tengah"
"simpul","5","Bahasa Bugis","Sulawesi Tengah"
"sindiran","5","Bahasa Bugis","Sulawesi Tengah"
"singa","5","Bahasa Bugis","Sulawesi Tengah"
"singkat","5","Bahasa Bugis","Sulawesi Tengah"
"singkatan","5","Bahasa Bugis","Sulawesi Tengah"
"singkong","5","Bahasa Bugis","Sulawesi Tengah"
"suami","5","Bahasa Bugis","Sulawesi Tengah"
"suamiku","5","Bahasa Bugis","Sulawesi Tengah"
"suaminya","5","Bahasa Bugis","Sulawesi Tengah"
"suara","5","Bahasa Bugis","Sulawesi Tengah"
"suaranya","5","Bahasa Bugis","Sulawesi Tengah"
"suci","5","Bahasa Bugis","Sulawesi Tengah"
"sulit","5","Bahasa Bugis","Sulawesi Tengah"
"sumur","5","Bahasa Bugis","Sulawesi Tengah"
"sungai","5","Bahasa Bugis","Sulawesi Tengah"
"supaya","5","Bahasa Bugis","Sulawesi Tengah"
"susu","5","Bahasa Bugis","Sulawesi Tengah"
"susunan","5","Bahasa Bugis","Sulawesi Tengah"
"taat","5","Bahasa Bugis","Sulawesi Tengah"
"tabiat","5","Bahasa Bugis","Sulawesi Tengah"
"tablig","5","Bahasa Bugis","Sulawesi Tengah"
"tabu","5","Bahasa Bugis","Sulawesi Tengah"
"tadi","5","Bahasa Bugis","Sulawesi Tengah"
"takut","5","Bahasa Bugis","Sulawesi Tengah"
"tambahan","5","Bahasa Bugis","Sulawesi Tengah"
"tambat","5","Bahasa Bugis","Sulawesi Tengah"
"tampak","5","Bahasa Bugis","Sulawesi Tengah"
"tampung","5","Bahasa Bugis","Sulawesi Tengah"
"tamu","5","Bahasa Bugis","Sulawesi Tengah"
"tanam","5","Bahasa Bugis","Sulawesi Tengah"
"tegas","5","Bahasa Bugis","Sulawesi Tengah"
"teguh","5","Bahasa Bugis","Sulawesi Tengah"
"tema","5","Bahasa Bugis","Sulawesi Tengah"
"teman","5","Bahasa Bugis","Sulawesi Tengah"
"tenaga","5","Bahasa Bugis","Sulawesi Tengah"
"tenang","5","Bahasa Bugis","Sulawesi Tengah"
"tentu","5","Bahasa Bugis","Sulawesi Tengah"
"teorinya","5","Bahasa Bugis","Sulawesi Tengah"
"tepat","5","Bahasa Bugis","Sulawesi Tengah"
"tepatnya","5","Bahasa Bugis","Sulawesi Tengah"
"tepung","5","Bahasa Bugis","Sulawesi Tengah"
"terakhir","5","Bahasa Bugis","Sulawesi Tengah"
"teralami","5","Bahasa Bugis","Sulawesi Tengah"
"teramati","5","Bahasa Bugis","Sulawesi Tengah"
"terang","5","Bahasa Bugis","Sulawesi Tengah"
"terigu","5","Bahasa Bugis","Sulawesi Tengah"
"terima","5","Bahasa Bugis","Sulawesi Tengah"
"terima kasih","5","Bahasa Bugis","Sulawesi Tengah"
"tewas","5","Bahasa Bugis","Sulawesi Tengah"
"tiba","5","Bahasa Bugis","Sulawesi Tengah"
"tikus","5","Bahasa Bugis","Sulawesi Tengah"
"tinggal","5","Bahasa Bugis","Sulawesi Tengah"
"tokoh","5","Bahasa Bugis","Sulawesi Tengah"
"tolak","5","Bahasa Bugis","Sulawesi Tengah"
"toleransi","5","Bahasa Bugis","Sulawesi Tengah"
"tolong","5","Bahasa Bugis","Sulawesi Tengah"
"tuan","5","Bahasa Bugis","Sulawesi Tengah"
"tumbuh","5","Bahasa Bugis","Sulawesi Tengah"
"Tumbuhan","5","Bahasa Bugis","Sulawesi Tengah"
"tumpul","5","Bahasa Bugis","Sulawesi Tengah"
"tupai","5","Bahasa Bugis","Sulawesi Tengah"
"udang","5","Bahasa Bugis","Sulawesi Tengah"
"ular","5","Bahasa Bugis","Sulawesi Tengah"
"ulat","5","Bahasa Bugis","Sulawesi Tengah"
"umat","5","Bahasa Bugis","Sulawesi Tengah"
"umbi","5","Bahasa Bugis","Sulawesi Tengah"
"umpama","5","Bahasa Bugis","Sulawesi Tengah"
"upacara","5","Bahasa Bugis","Sulawesi Tengah"
"urusan","5","Bahasa Bugis","Sulawesi Tengah"
"usaha","5","Bahasa Bugis","Sulawesi Tengah"
"usia","5","Bahasa Bugis","Sulawesi Tengah"
"usul","5","Bahasa Bugis","Sulawesi Tengah"
"usus","5","Bahasa Bugis","Sulawesi Tengah"
"utama","5","Bahasa Bugis","Sulawesi Tengah"
"utang","5","Bahasa Bugis","Sulawesi Tengah"
"utara","5","Bahasa Bugis","Sulawesi Tengah"
"Violet","5","Bahasa Bugis","Sulawesi Tengah"
"wajah","5","Bahasa Bugis","Sulawesi Tengah"
"wajahnya","5","Bahasa Bugis","Sulawesi Tengah"
"wajar","5","Bahasa Bugis","Sulawesi Tengah"
"wajib","5","Bahasa Bugis","Sulawesi Tengah"
"waktunya","5","Bahasa Bugis","Sulawesi Tengah"
"wanita","5","Bahasa Bugis","Sulawesi Tengah"
"warna","5","Bahasa Bugis","Sulawesi Tengah"