"abad","1","Bahasa Komering","Sumatera Selatan"
"abadi","2","Bahasa Komering","Sumatera Selatan"
"abang","3","Bahasa Komering","Sumatera Selatan"
"acak","4","Bahasa Komering","Sumatera Selatan"
"acara","5","Bahasa Komering","Sumatera Selatan"
"acaranya","5","Bahasa Komering","Sumatera Selatan"
"ada","5","Bahasa Komering","Sumatera Selatan"
"adu","5","Bahasa Komering","Sumatera Selatan"
"agak","5","Bahasa Komering","Sumatera Selatan"
"agar","5","Bahasa Komering","Sumatera Selatan"
"air","5","Bahasa Komering","Sumatera Selatan"
"ajaran","5","Bahasa Komering","Sumatera Selatan"
"akal","5","Bahasa Komering","Sumatera Selatan"
"akan","5","Bahasa Komering","Sumatera Selatan"
"akar","5","Bahasa Komering","Sumatera Selatan"
"akhir","5","Bahasa Komering","Sumatera Selatan"
"akhirat","5","Bahasa Komering","Sumatera Selatan"
"akhirnya","5","Bahasa Komering","Sumatera Selatan"
"akibat","5","Bahasa Komering","Sumatera Selatan"
"aktif","5","Bahasa Komering","Sumatera Selatan"
"akun","5","Bahasa Komering","Sumatera Selatan"
"akur","5","Bahasa Komering","Sumatera Selatan"
"alam","5","Bahasa Komering","Sumatera Selatan"
"alamat","5","Bahasa Komering","Sumatera Selatan"
"aman","5","Bahasa Komering","Sumatera Selatan"
"amanah","5","Bahasa Komering","Sumatera Selatan"
"anak","5","Bahasa Komering","Sumatera Selatan"
"anak-anak","5","Bahasa Komering","Sumatera Selatan"
"anggota","5","Bahasa Komering","Sumatera Selatan"
"angsa","5","Bahasa Komering","Sumatera Selatan"
"anjing","5","Bahasa Komering","Sumatera Selatan"
"anting","5","Bahasa Komering","Sumatera Selatan"
"antri","5","Bahasa Komering","Sumatera Selatan"
"anugerah","5","Bahasa Komering","Sumatera Selatan"
"apa","5","Bahasa Komering","Sumatera Selatan"
"api","5","Bahasa Komering","Sumatera Selatan"
"asin","5","Bahasa Komering","Sumatera Selatan"
"asing","5","Bahasa Komering","Sumatera Selatan"
"asli","5","Bahasa Komering","Sumatera Selatan"
"aslinya","5","Bahasa Komering","Sumatera Selatan"
"asri","5","Bahasa Komering","Sumatera Selatan"
"asyik","5","Bahasa Komering","Sumatera Selatan"
"atap","5","Bahasa Komering","Sumatera Selatan"
"atas","5","Bahasa Komering","Sumatera Selatan"
"atlet","5","Bahasa Komering","Sumatera Selatan"
"awet","5","Bahasa Komering","Sumatera Selatan"
"ayah","5","Bahasa Komering","Sumatera Selatan"
"ayahnya","5","Bahasa Komering","Sumatera Selatan"
"ayam","5","Bahasa Komering","Sumatera Selatan"
"ayo","5","Bahasa Komering","Sumatera Selatan"
"babak","5","Bahasa Komering","Sumatera Selatan"
"babi","5","Bahasa Komering","Sumatera Selatan"
"bacaan","5","Bahasa Komering","Sumatera Selatan"
"bada","5","Bahasa Komering","Sumatera Selatan"
"badakÂ ","5","Bahasa Komering","Sumatera Selatan"
"bagian","5","Bahasa Komering","Sumatera Selatan"
"bagus","5","Bahasa Komering","Sumatera Selatan"
"bahagia","5","Bahasa Komering","Sumatera Selatan"
"bahan","5","Bahasa Komering","Sumatera Selatan"
"bahasa","5","Bahasa Komering","Sumatera Selatan"
"bahkan","5","Bahasa Komering","Sumatera Selatan"
"baik","5","Bahasa Komering","Sumatera Selatan"
"baiknya","5","Bahasa Komering","Sumatera Selatan"
"bait","5","Bahasa Komering","Sumatera Selatan"
"baja","5","Bahasa Komering","Sumatera Selatan"
"baju","5","Bahasa Komering","Sumatera Selatan"
"bakal","5","Bahasa Komering","Sumatera Selatan"
"bakar","5","Bahasa Komering","Sumatera Selatan"
"bakat","5","Bahasa Komering","Sumatera Selatan"
"bakti","5","Bahasa Komering","Sumatera Selatan"
"balai","5","Bahasa Komering","Sumatera Selatan"
"balas","5","Bahasa Komering","Sumatera Selatan"
"balasan","5","Bahasa Komering","Sumatera Selatan"
"balik","5","Bahasa Komering","Sumatera Selatan"
"bambu","5","Bahasa Komering","Sumatera Selatan"
"banding","5","Bahasa Komering","Sumatera Selatan"
"banget","5","Bahasa Komering","Sumatera Selatan"
"bangga","5","Bahasa Komering","Sumatera Selatan"
"bangganya","5","Bahasa Komering","Sumatera Selatan"
"bangkai","5","Bahasa Komering","Sumatera Selatan"
"bangkit","5","Bahasa Komering","Sumatera Selatan"
"bangsa","5","Bahasa Komering","Sumatera Selatan"
"bangunan","5","Bahasa Komering","Sumatera Selatan"
"banjir","5","Bahasa Komering","Sumatera Selatan"
"bank","5","Bahasa Komering","Sumatera Selatan"
"banteng","5","Bahasa Komering","Sumatera Selatan"
"banting","5","Bahasa Komering","Sumatera Selatan"
"bantingan","5","Bahasa Komering","Sumatera Selatan"
"bantu","5","Bahasa Komering","Sumatera Selatan"
"bantuan","5","Bahasa Komering","Sumatera Selatan"
"banyak","5","Bahasa Komering","Sumatera Selatan"
"bapak","5","Bahasa Komering","Sumatera Selatan"
"barang","5","Bahasa Komering","Sumatera Selatan"
"barangkali","5","Bahasa Komering","Sumatera Selatan"
"basi","5","Bahasa Komering","Sumatera Selatan"
"batuk","5","Bahasa Komering","Sumatera Selatan"
"bau","5","Bahasa Komering","Sumatera Selatan"
"bawah","5","Bahasa Komering","Sumatera Selatan"
"Bawang Merah","5","Bahasa Komering","Sumatera Selatan"
"Bawang Putih","5","Bahasa Komering","Sumatera Selatan"
"bayi","5","Bahasa Komering","Sumatera Selatan"
"beban","5","Bahasa Komering","Sumatera Selatan"
"bebas","5","Bahasa Komering","Sumatera Selatan"
"bekerja","5","Bahasa Komering","Sumatera Selatan"
"belajar","5","Bahasa Komering","Sumatera Selatan"
"belalang","5","Bahasa Komering","Sumatera Selatan"
"belanja","5","Bahasa Komering","Sumatera Selatan"
"belasan","5","Bahasa Komering","Sumatera Selatan"
"beli","5","Bahasa Komering","Sumatera Selatan"
"belum","5","Bahasa Komering","Sumatera Selatan"
"bencana","5","Bahasa Komering","Sumatera Selatan"
"benda","5","Bahasa Komering","Sumatera Selatan"
"bendera","5","Bahasa Komering","Sumatera Selatan"
"benih","5","Bahasa Komering","Sumatera Selatan"
"bentuk","5","Bahasa Komering","Sumatera Selatan"
"beradu","5","Bahasa Komering","Sumatera Selatan"
"beragam","5","Bahasa Komering","Sumatera Selatan"
"berair","5","Bahasa Komering","Sumatera Selatan"
"beraksi","5","Bahasa Komering","Sumatera Selatan"
"berang-berang","5","Bahasa Komering","Sumatera Selatan"
"berani","5","Bahasa Komering","Sumatera Selatan"
"berantakan","5","Bahasa Komering","Sumatera Selatan"
"berapa","5","Bahasa Komering","Sumatera Selatan"
"berapi","5","Bahasa Komering","Sumatera Selatan"
"berarti","5","Bahasa Komering","Sumatera Selatan"
"beras","5","Bahasa Komering","Sumatera Selatan"
"berat","5","Bahasa Komering","Sumatera Selatan"
"berayun","5","Bahasa Komering","Sumatera Selatan"
"berbagai","5","Bahasa Komering","Sumatera Selatan"
"berbagi","5","Bahasa Komering","Sumatera Selatan"
"berbahaya","5","Bahasa Komering","Sumatera Selatan"
"berbakti","5","Bahasa Komering","Sumatera Selatan"
"berbantah","5","Bahasa Komering","Sumatera Selatan"
"berbantahan","5","Bahasa Komering","Sumatera Selatan"
"berbarengan","5","Bahasa Komering","Sumatera Selatan"
"berbekal","5","Bahasa Komering","Sumatera Selatan"
"berbisnis","5","Bahasa Komering","Sumatera Selatan"
"berburu","5","Bahasa Komering","Sumatera Selatan"
"bercakap","5","Bahasa Komering","Sumatera Selatan"
"berceceran","5","Bahasa Komering","Sumatera Selatan"
"bercengkrama","5","Bahasa Komering","Sumatera Selatan"
"bercerai","5","Bahasa Komering","Sumatera Selatan"
"bercermin","5","Bahasa Komering","Sumatera Selatan"
"bercocok tanam","5","Bahasa Komering","Sumatera Selatan"
"berdasar","5","Bahasa Komering","Sumatera Selatan"
"berdecak","5","Bahasa Komering","Sumatera Selatan"
"berdekatan","5","Bahasa Komering","Sumatera Selatan"
"berdering","5","Bahasa Komering","Sumatera Selatan"
"berdikari","5","Bahasa Komering","Sumatera Selatan"
"berdiri","5","Bahasa Komering","Sumatera Selatan"
"berdua","5","Bahasa Komering","Sumatera Selatan"
"berduaan","5","Bahasa Komering","Sumatera Selatan"
"beres","5","Bahasa Komering","Sumatera Selatan"
"berfikir","5","Bahasa Komering","Sumatera Selatan"
"berganti","5","Bahasa Komering","Sumatera Selatan"
"bergelar","5","Bahasa Komering","Sumatera Selatan"
"bergerak","5","Bahasa Komering","Sumatera Selatan"
"berharap","5","Bahasa Komering","Sumatera Selatan"
"berhenti","5","Bahasa Komering","Sumatera Selatan"
"beri","5","Bahasa Komering","Sumatera Selatan"
"beringas","5","Bahasa Komering","Sumatera Selatan"
"berisi","5","Bahasa Komering","Sumatera Selatan"
"berjuang","5","Bahasa Komering","Sumatera Selatan"
"berjumpa","5","Bahasa Komering","Sumatera Selatan"
"berlari","5","Bahasa Komering","Sumatera Selatan"
"bermain","5","Bahasa Komering","Sumatera Selatan"
"beruang","5","Bahasa Komering","Sumatera Selatan"
"biawak","5","Bahasa Komering","Sumatera Selatan"
"Binatang","5","Bahasa Komering","Sumatera Selatan"
"Biru","5","Bahasa Komering","Sumatera Selatan"
"Buah-buahan","5","Bahasa Komering","Sumatera Selatan"
"buaya","5","Bahasa Komering","Sumatera Selatan"
"Buku","5","Bahasa Komering","Sumatera Selatan"
"bunda","5","Bahasa Komering","Sumatera Selatan"
"bunga","5","Bahasa Komering","Sumatera Selatan"
"bungkam","5","Bahasa Komering","Sumatera Selatan"
"bungkuk","5","Bahasa Komering","Sumatera Selatan"
"bungkus","5","Bahasa Komering","Sumatera Selatan"
"bungkusnya","5","Bahasa Komering","Sumatera Selatan"
"bunglon","5","Bahasa Komering","Sumatera Selatan"
"bungsu","5","Bahasa Komering","Sumatera Selatan"
"bunyi","5","Bahasa Komering","Sumatera Selatan"
"buram","5","Bahasa Komering","Sumatera Selatan"
"buruh","5","Bahasa Komering","Sumatera Selatan"
"burung","5","Bahasa Komering","Sumatera Selatan"
"buta","5","Bahasa Komering","Sumatera Selatan"
"cabai","5","Bahasa Komering","Sumatera Selatan"
"cabang","5","Bahasa Komering","Sumatera Selatan"
"cacat","5","Bahasa Komering","Sumatera Selatan"
"cacing","5","Bahasa Komering","Sumatera Selatan"
"cadangan","5","Bahasa Komering","Sumatera Selatan"
"cahaya","5","Bahasa Komering","Sumatera Selatan"
"cakap","5","Bahasa Komering","Sumatera Selatan"
"cakupan","5","Bahasa Komering","Sumatera Selatan"
"calon","5","Bahasa Komering","Sumatera Selatan"
"campur","5","Bahasa Komering","Sumatera Selatan"
"campuran","5","Bahasa Komering","Sumatera Selatan"
"capung","5","Bahasa Komering","Sumatera Selatan"
"cara","5","Bahasa Komering","Sumatera Selatan"
"cari","5","Bahasa Komering","Sumatera Selatan"
"cecak","5","Bahasa Komering","Sumatera Selatan"
"cemberut","5","Bahasa Komering","Sumatera Selatan"
"cerdas","5","Bahasa Komering","Sumatera Selatan"
"cicit","5","Bahasa Komering","Sumatera Selatan"
"cincin","5","Bahasa Komering","Sumatera Selatan"
"cinta","5","Bahasa Komering","Sumatera Selatan"
"Coklat","5","Bahasa Komering","Sumatera Selatan"
"cucu","5","Bahasa Komering","Sumatera Selatan"
"dalam","5","Bahasa Komering","Sumatera Selatan"
"dapat","5","Bahasa Komering","Sumatera Selatan"
"dapur","5","Bahasa Komering","Sumatera Selatan"
"debug","5","Bahasa Komering","Sumatera Selatan"
"delta","5","Bahasa Komering","Sumatera Selatan"
"dermawan","5","Bahasa Komering","Sumatera Selatan"
"desain","5","Bahasa Komering","Sumatera Selatan"
"detail","5","Bahasa Komering","Sumatera Selatan"
"doktor","5","Bahasa Komering","Sumatera Selatan"
"doktrin","5","Bahasa Komering","Sumatera Selatan"
"dokumen","5","Bahasa Komering","Sumatera Selatan"
"domba","5","Bahasa Komering","Sumatera Selatan"
"dosa","5","Bahasa Komering","Sumatera Selatan"
"duanya","5","Bahasa Komering","Sumatera Selatan"
"dubur","5","Bahasa Komering","Sumatera Selatan"
"duda","5","Bahasa Komering","Sumatera Selatan"
"duduk","5","Bahasa Komering","Sumatera Selatan"
"duitnya","5","Bahasa Komering","Sumatera Selatan"
"dukung","5","Bahasa Komering","Sumatera Selatan"
"dulunya","5","Bahasa Komering","Sumatera Selatan"
"dunia","5","Bahasa Komering","Sumatera Selatan"
"edarkan","5","Bahasa Komering","Sumatera Selatan"
"ekor","5","Bahasa Komering","Sumatera Selatan"
"Emas","5","Bahasa Komering","Sumatera Selatan"
"embun","5","Bahasa Komering","Sumatera Selatan"
"empat","5","Bahasa Komering","Sumatera Selatan"
"empedu","5","Bahasa Komering","Sumatera Selatan"
"empuk","5","Bahasa Komering","Sumatera Selatan"
"enak","5","Bahasa Komering","Sumatera Selatan"
"erat","5","Bahasa Komering","Sumatera Selatan"
"fasih","5","Bahasa Komering","Sumatera Selatan"
"februari","5","Bahasa Komering","Sumatera Selatan"
"foto","5","Bahasa Komering","Sumatera Selatan"
"fotonya","5","Bahasa Komering","Sumatera Selatan"
"gajah","5","Bahasa Komering","Sumatera Selatan"
"ganda","5","Bahasa Komering","Sumatera Selatan"
"ganteng","5","Bahasa Komering","Sumatera Selatan"
"garis","5","Bahasa Komering","Sumatera Selatan"
"gelang","5","Bahasa Komering","Sumatera Selatan"
"gerhana","5","Bahasa Komering","Sumatera Selatan"
"geser","5","Bahasa Komering","Sumatera Selatan"
"gesit","5","Bahasa Komering","Sumatera Selatan"
"gigi","5","Bahasa Komering","Sumatera Selatan"
"gila","5","Bahasa Komering","Sumatera Selatan"
"Gitar","5","Bahasa Komering","Sumatera Selatan"
"golok","5","Bahasa Komering","Sumatera Selatan"
"gorila","5","Bahasa Komering","Sumatera Selatan"
"gratisan","5","Bahasa Komering","Sumatera Selatan"
"gudang","5","Bahasa Komering","Sumatera Selatan"
"gula","5","Bahasa Komering","Sumatera Selatan"
"gulat","5","Bahasa Komering","Sumatera Selatan"
"gunanya","5","Bahasa Komering","Sumatera Selatan"
"guncang","5","Bahasa Komering","Sumatera Selatan"
"gunung","5","Bahasa Komering","Sumatera Selatan"
"gurih","5","Bahasa Komering","Sumatera Selatan"
"guru","5","Bahasa Komering","Sumatera Selatan"
"habis","5","Bahasa Komering","Sumatera Selatan"
"habis-habisan","5","Bahasa Komering","Sumatera Selatan"
"habiskan","5","Bahasa Komering","Sumatera Selatan"
"hadapi","5","Bahasa Komering","Sumatera Selatan"
"hadir","5","Bahasa Komering","Sumatera Selatan"
"hajat","5","Bahasa Komering","Sumatera Selatan"
"haji","5","Bahasa Komering","Sumatera Selatan"
"hak","5","Bahasa Komering","Sumatera Selatan"
"hakim","5","Bahasa Komering","Sumatera Selatan"
"hal","5","Bahasa Komering","Sumatera Selatan"
"halangi","5","Bahasa Komering","Sumatera Selatan"
"hambatan","5","Bahasa Komering","Sumatera Selatan"
"hangat","5","Bahasa Komering","Sumatera Selatan"
"hanyut","5","Bahasa Komering","Sumatera Selatan"
"harga","5","Bahasa Komering","Sumatera Selatan"
"harimau","5","Bahasa Komering","Sumatera Selatan"
"harimau/macan","5","Bahasa Komering","Sumatera Selatan"
"harinya","5","Bahasa Komering","Sumatera Selatan"
"harum","5","Bahasa Komering","Sumatera Selatan"
"harus","5","Bahasa Komering","Sumatera Selatan"
"hasilnya","5","Bahasa Komering","Sumatera Selatan"
"hati","5","Bahasa Komering","Sumatera Selatan"
"hati-hati","5","Bahasa Komering","Sumatera Selatan"
"hendak","5","Bahasa Komering","Sumatera Selatan"
"hendaknya","5","Bahasa Komering","Sumatera Selatan"
"herbivora","5","Bahasa Komering","Sumatera Selatan"
"heroik","5","Bahasa Komering","Sumatera Selatan"
"Hewan Peliharaan","5","Bahasa Komering","Sumatera Selatan"
"hiburan","5","Bahasa Komering","Sumatera Selatan"
"hidup","5","Bahasa Komering","Sumatera Selatan"
"hidupnya","5","Bahasa Komering","Sumatera Selatan"
"Hijau","5","Bahasa Komering","Sumatera Selatan"
"hikmah","5","Bahasa Komering","Sumatera Selatan"
"hitam","5","Bahasa Komering","Sumatera Selatan"
"hitung","5","Bahasa Komering","Sumatera Selatan"
"hiu","5","Bahasa Komering","Sumatera Selatan"
"honor","5","Bahasa Komering","Sumatera Selatan"
"hormat","5","Bahasa Komering","Sumatera Selatan"
"hotel","5","Bahasa Komering","Sumatera Selatan"
"ikan","5","Bahasa Komering","Sumatera Selatan"
"ingin","5","Bahasa Komering","Sumatera Selatan"
"intinya","5","Bahasa Komering","Sumatera Selatan"
"istana","5","Bahasa Komering","Sumatera Selatan"
"isteri","5","Bahasa Komering","Sumatera Selatan"
"istirahat","5","Bahasa Komering","Sumatera Selatan"
"istri","5","Bahasa Komering","Sumatera Selatan"
"izin","5","Bahasa Komering","Sumatera Selatan"
"jadi","5","Bahasa Komering","Sumatera Selatan"
"jadwal","5","Bahasa Komering","Sumatera Selatan"
"jagat","5","Bahasa Komering","Sumatera Selatan"
"jago","5","Bahasa Komering","Sumatera Selatan"
"Jahe","5","Bahasa Komering","Sumatera Selatan"
"jahil","5","Bahasa Komering","Sumatera Selatan"
"jahit","5","Bahasa Komering","Sumatera Selatan"
"jajahan","5","Bahasa Komering","Sumatera Selatan"
"jajaran","5","Bahasa Komering","Sumatera Selatan"
"Jakarta","5","Bahasa Komering","Sumatera Selatan"
"jalan","5","Bahasa Komering","Sumatera Selatan"
"jalani","5","Bahasa Komering","Sumatera Selatan"
"jalankan","5","Bahasa Komering","Sumatera Selatan"
"jamur","5","Bahasa Komering","Sumatera Selatan"
"janda","5","Bahasa Komering","Sumatera Selatan"
"jangan","5","Bahasa Komering","Sumatera Selatan"
"jangankan","5","Bahasa Komering","Sumatera Selatan"
"jantan","5","Bahasa Komering","Sumatera Selatan"
"jari","5","Bahasa Komering","Sumatera Selatan"
"jaringan","5","Bahasa Komering","Sumatera Selatan"
"jatuh","5","Bahasa Komering","Sumatera Selatan"
"jawabnya","5","Bahasa Komering","Sumatera Selatan"
"jelantah","5","Bahasa Komering","Sumatera Selatan"
"jelek","5","Bahasa Komering","Sumatera Selatan"
"Jenis Kain","5","Bahasa Komering","Sumatera Selatan"
"jenis kelamin","5","Bahasa Komering","Sumatera Selatan"
"jera","5","Bahasa Komering","Sumatera Selatan"
"jerapah","5","Bahasa Komering","Sumatera Selatan"
"Jeruk","5","Bahasa Komering","Sumatera Selatan"
"Jeruk Nipis","5","Bahasa Komering","Sumatera Selatan"
"Jeruk Purut","5","Bahasa Komering","Sumatera Selatan"
"jewer","5","Bahasa Komering","Sumatera Selatan"
"kagum","5","Bahasa Komering","Sumatera Selatan"
"kail","5","Bahasa Komering","Sumatera Selatan"
"karena","5","Bahasa Komering","Sumatera Selatan"
"kebanyakan","5","Bahasa Komering","Sumatera Selatan"
"kebijakan","5","Bahasa Komering","Sumatera Selatan"
"kecintaan","5","Bahasa Komering","Sumatera Selatan"
"kediaman","5","Bahasa Komering","Sumatera Selatan"
"kedipan","5","Bahasa Komering","Sumatera Selatan"
"kedudukan","5","Bahasa Komering","Sumatera Selatan"
"kehilangan","5","Bahasa Komering","Sumatera Selatan"
"kehilangan/kalah","5","Bahasa Komering","Sumatera Selatan"
"kehormatan","5","Bahasa Komering","Sumatera Selatan"
"kehutanan","5","Bahasa Komering","Sumatera Selatan"
"kejam","5","Bahasa Komering","Sumatera Selatan"
"kejar","5","Bahasa Komering","Sumatera Selatan"
"kekacauan","5","Bahasa Komering","Sumatera Selatan"
"kekar","5","Bahasa Komering","Sumatera Selatan"
"kekayaan","5","Bahasa Komering","Sumatera Selatan"
"kekhawatiran","5","Bahasa Komering","Sumatera Selatan"
"kelak","5","Bahasa Komering","Sumatera Selatan"
"kelas","5","Bahasa Komering","Sumatera Selatan"
"keledai","5","Bahasa Komering","Sumatera Selatan"
"kelelawar","5","Bahasa Komering","Sumatera Selatan"
"kelihatan","5","Bahasa Komering","Sumatera Selatan"
"kelihatannya","5","Bahasa Komering","Sumatera Selatan"
"keliling","5","Bahasa Komering","Sumatera Selatan"
"kelima","5","Bahasa Komering","Sumatera Selatan"
"kelinci","5","Bahasa Komering","Sumatera Selatan"
"keliru","5","Bahasa Komering","Sumatera Selatan"
"kelompok","5","Bahasa Komering","Sumatera Selatan"
"keluar","5","Bahasa Komering","Sumatera Selatan"
"kelurahan","5","Bahasa Komering","Sumatera Selatan"
"keluyuran","5","Bahasa Komering","Sumatera Selatan"
"kemampuan","5","Bahasa Komering","Sumatera Selatan"
"kemandirian","5","Bahasa Komering","Sumatera Selatan"
"kemarau","5","Bahasa Komering","Sumatera Selatan"
"kematian","5","Bahasa Komering","Sumatera Selatan"
"kembali","5","Bahasa Komering","Sumatera Selatan"
"kemekaran","5","Bahasa Komering","Sumatera Selatan"
"Kemiri","5","Bahasa Komering","Sumatera Selatan"
"kendaraan","5","Bahasa Komering","Sumatera Selatan"
"kendati","5","Bahasa Komering","Sumatera Selatan"
"kental","5","Bahasa Komering","Sumatera Selatan"
"kentut","5","Bahasa Komering","Sumatera Selatan"
"kepadanya","5","Bahasa Komering","Sumatera Selatan"
"kepal","5","Bahasa Komering","Sumatera Selatan"
"kepala","5","Bahasa Komering","Sumatera Selatan"
"kepiting","5","Bahasa Komering","Sumatera Selatan"
"kera/monyet","5","Bahasa Komering","Sumatera Selatan"
"kerudung","5","Bahasa Komering","Sumatera Selatan"
"kerusakan","5","Bahasa Komering","Sumatera Selatan"
"kerusakannya","5","Bahasa Komering","Sumatera Selatan"
"kesadaran","5","Bahasa Komering","Sumatera Selatan"
"kesal","5","Bahasa Komering","Sumatera Selatan"
"kesalahan","5","Bahasa Komering","Sumatera Selatan"
"kesejahteraan","5","Bahasa Komering","Sumatera Selatan"
"keselamatan","5","Bahasa Komering","Sumatera Selatan"
"Ketumbar","5","Bahasa Komering","Sumatera Selatan"
"kewajiban","5","Bahasa Komering","Sumatera Selatan"
"kewalahan","5","Bahasa Komering","Sumatera Selatan"
"keyakinan","5","Bahasa Komering","Sumatera Selatan"
"kiamat","5","Bahasa Komering","Sumatera Selatan"
"kidal","5","Bahasa Komering","Sumatera Selatan"
"kilometer","5","Bahasa Komering","Sumatera Selatan"
"kiosnya","5","Bahasa Komering","Sumatera Selatan"
"kira","5","Bahasa Komering","Sumatera Selatan"
"kiranya","5","Bahasa Komering","Sumatera Selatan"
"kiri","5","Bahasa Komering","Sumatera Selatan"
"kirim","5","Bahasa Komering","Sumatera Selatan"
"kita","5","Bahasa Komering","Sumatera Selatan"
"kodok","5","Bahasa Komering","Sumatera Selatan"
"kok","5","Bahasa Komering","Sumatera Selatan"
"kolom","5","Bahasa Komering","Sumatera Selatan"
"koma","5","Bahasa Komering","Sumatera Selatan"
"Kopi","5","Bahasa Komering","Sumatera Selatan"
"korosi","5","Bahasa Komering","Sumatera Selatan"
"krisis","5","Bahasa Komering","Sumatera Selatan"
"kristen","5","Bahasa Komering","Sumatera Selatan"
"kritik","5","Bahasa Komering","Sumatera Selatan"
"kritis","5","Bahasa Komering","Sumatera Selatan"
"kuasa","5","Bahasa Komering","Sumatera Selatan"
"kuatir","5","Bahasa Komering","Sumatera Selatan"
"kucing","5","Bahasa Komering","Sumatera Selatan"
"kuda","5","Bahasa Komering","Sumatera Selatan"
"kudeta","5","Bahasa Komering","Sumatera Selatan"
"kue","5","Bahasa Komering","Sumatera Selatan"
"kukuh","5","Bahasa Komering","Sumatera Selatan"
"kulum","5","Bahasa Komering","Sumatera Selatan"
"kumpul","5","Bahasa Komering","Sumatera Selatan"
"kumur","5","Bahasa Komering","Sumatera Selatan"
"kunang-kunang","5","Bahasa Komering","Sumatera Selatan"
"kunci","5","Bahasa Komering","Sumatera Selatan"
"kuning","5","Bahasa Komering","Sumatera Selatan"
"Kunyit","5","Bahasa Komering","Sumatera Selatan"
"kura-kura","5","Bahasa Komering","Sumatera Selatan"
"kurang","5","Bahasa Komering","Sumatera Selatan"
"kurus","5","Bahasa Komering","Sumatera Selatan"
"kusut","5","Bahasa Komering","Sumatera Selatan"
"laba-laba","5","Bahasa Komering","Sumatera Selatan"
"lagu","5","Bahasa Komering","Sumatera Selatan"
"lagunya","5","Bahasa Komering","Sumatera Selatan"
"lahan","5","Bahasa Komering","Sumatera Selatan"
"lahannya","5","Bahasa Komering","Sumatera Selatan"
"lahir","5","Bahasa Komering","Sumatera Selatan"
"lain","5","Bahasa Komering","Sumatera Selatan"
"lainnya","5","Bahasa Komering","Sumatera Selatan"
"laksamana","5","Bahasa Komering","Sumatera Selatan"
"laku","5","Bahasa Komering","Sumatera Selatan"
"lakukan","5","Bahasa Komering","Sumatera Selatan"
"lalu","5","Bahasa Komering","Sumatera Selatan"
"lalu lintas","5","Bahasa Komering","Sumatera Selatan"
"lama","5","Bahasa Komering","Sumatera Selatan"
"lancip","5","Bahasa Komering","Sumatera Selatan"
"langganan","5","Bahasa Komering","Sumatera Selatan"
"langit","5","Bahasa Komering","Sumatera Selatan"
"langka","5","Bahasa Komering","Sumatera Selatan"
"langkah","5","Bahasa Komering","Sumatera Selatan"
"langkahi","5","Bahasa Komering","Sumatera Selatan"
"lanjut","5","Bahasa Komering","Sumatera Selatan"
"lanjutnya","5","Bahasa Komering","Sumatera Selatan"
"lari","5","Bahasa Komering","Sumatera Selatan"
"laron","5","Bahasa Komering","Sumatera Selatan"
"latar","5","Bahasa Komering","Sumatera Selatan"
"layak","5","Bahasa Komering","Sumatera Selatan"
"lebah","5","Bahasa Komering","Sumatera Selatan"
"lebar","5","Bahasa Komering","Sumatera Selatan"
"lega","5","Bahasa Komering","Sumatera Selatan"
"leher","5","Bahasa Komering","Sumatera Selatan"
"lelah","5","Bahasa Komering","Sumatera Selatan"
"lelaki","5","Bahasa Komering","Sumatera Selatan"
"leluasa","5","Bahasa Komering","Sumatera Selatan"
"leluhur","5","Bahasa Komering","Sumatera Selatan"
"lemari","5","Bahasa Komering","Sumatera Selatan"
"lembab","5","Bahasa Komering","Sumatera Selatan"
"lempar","5","Bahasa Komering","Sumatera Selatan"
"lengah","5","Bahasa Komering","Sumatera Selatan"
"lengang","5","Bahasa Komering","Sumatera Selatan"
"lengkap","5","Bahasa Komering","Sumatera Selatan"
"lengkapnya","5","Bahasa Komering","Sumatera Selatan"
"lengkong","5","Bahasa Komering","Sumatera Selatan"
"lengkuas","5","Bahasa Komering","Sumatera Selatan"
"lengkung","5","Bahasa Komering","Sumatera Selatan"
"lepas","5","Bahasa Komering","Sumatera Selatan"
"letkol","5","Bahasa Komering","Sumatera Selatan"
"letnan","5","Bahasa Komering","Sumatera Selatan"
"licik","5","Bahasa Komering","Sumatera Selatan"
"lidah","5","Bahasa Komering","Sumatera Selatan"
"lihat","5","Bahasa Komering","Sumatera Selatan"
"lingkaran","5","Bahasa Komering","Sumatera Selatan"
"lipat","5","Bahasa Komering","Sumatera Selatan"
"lokasi","5","Bahasa Komering","Sumatera Selatan"
"lomba","5","Bahasa Komering","Sumatera Selatan"
"loncat","5","Bahasa Komering","Sumatera Selatan"
"longgar","5","Bahasa Komering","Sumatera Selatan"
"luar","5","Bahasa Komering","Sumatera Selatan"
"luar biasa","5","Bahasa Komering","Sumatera Selatan"
"lubang","5","Bahasa Komering","Sumatera Selatan"
"lucu","5","Bahasa Komering","Sumatera Selatan"
"luka","5","Bahasa Komering","Sumatera Selatan"
"luka berat","5","Bahasa Komering","Sumatera Selatan"
"lulus","5","Bahasa Komering","Sumatera Selatan"
"lulusan","5","Bahasa Komering","Sumatera Selatan"
"lumayan","5","Bahasa Komering","Sumatera Selatan"
"lumba-lumba","5","Bahasa Komering","Sumatera Selatan"
"lumut","5","Bahasa Komering","Sumatera Selatan"
"lunak","5","Bahasa Komering","Sumatera Selatan"
"lunas","5","Bahasa Komering","Sumatera Selatan"
"luntur","5","Bahasa Komering","Sumatera Selatan"
"lupa","5","Bahasa Komering","Sumatera Selatan"
"lusa","5","Bahasa Komering","Sumatera Selatan"
"lutut","5","Bahasa Komering","Sumatera Selatan"
"maaf","5","Bahasa Komering","Sumatera Selatan"
"mabuk","5","Bahasa Komering","Sumatera Selatan"
"macam","5","Bahasa Komering","Sumatera Selatan"
"madya","5","Bahasa Komering","Sumatera Selatan"
"Magenta","5","Bahasa Komering","Sumatera Selatan"
"maghrib","5","Bahasa Komering","Sumatera Selatan"
"mahal","5","Bahasa Komering","Sumatera Selatan"
"mahasiswa","5","Bahasa Komering","Sumatera Selatan"
"mahir","5","Bahasa Komering","Sumatera Selatan"
"malam","5","Bahasa Komering","Sumatera Selatan"
"malas","5","Bahasa Komering","Sumatera Selatan"
"mancung","5","Bahasa Komering","Sumatera Selatan"
"mandek","5","Bahasa Komering","Sumatera Selatan"
"mandi","5","Bahasa Komering","Sumatera Selatan"
"manfaat","5","Bahasa Komering","Sumatera Selatan"
"manfaatnya","5","Bahasa Komering","Sumatera Selatan"
"manggis","5","Bahasa Komering","Sumatera Selatan"
"manis","5","Bahasa Komering","Sumatera Selatan"
"manja","5","Bahasa Komering","Sumatera Selatan"
"manusia","5","Bahasa Komering","Sumatera Selatan"
"manyun","5","Bahasa Komering","Sumatera Selatan"
"marah","5","Bahasa Komering","Sumatera Selatan"
"martabat","5","Bahasa Komering","Sumatera Selatan"
"masa","5","Bahasa Komering","Sumatera Selatan"
"masing","5","Bahasa Komering","Sumatera Selatan"
"masjid","5","Bahasa Komering","Sumatera Selatan"
"maskawin","5","Bahasa Komering","Sumatera Selatan"
"massa","5","Bahasa Komering","Sumatera Selatan"
"masuk","5","Bahasa Komering","Sumatera Selatan"
"masyarakat","5","Bahasa Komering","Sumatera Selatan"
"mata","5","Bahasa Komering","Sumatera Selatan"
"matahari","5","Bahasa Komering","Sumatera Selatan"
"matanya","5","Bahasa Komering","Sumatera Selatan"
"Mawar","5","Bahasa Komering","Sumatera Selatan"
"maya","5","Bahasa Komering","Sumatera Selatan"
"media","5","Bahasa Komering","Sumatera Selatan"
"medis","5","Bahasa Komering","Sumatera Selatan"
"mei","5","Bahasa Komering","Sumatera Selatan"
"meja","5","Bahasa Komering","Sumatera Selatan"
"mekanik","5","Bahasa Komering","Sumatera Selatan"
"mekaniknya","5","Bahasa Komering","Sumatera Selatan"
"mekar","5","Bahasa Komering","Sumatera Selatan"
"melacur","5","Bahasa Komering","Sumatera Selatan"
"melakukan","5","Bahasa Komering","Sumatera Selatan"
"melanda","5","Bahasa Komering","Sumatera Selatan"
"melanggar","5","Bahasa Komering","Sumatera Selatan"
"melanjutkan","5","Bahasa Komering","Sumatera Selatan"
"melantik","5","Bahasa Komering","Sumatera Selatan"
"melarikan","5","Bahasa Komering","Sumatera Selatan"
"melayani","5","Bahasa Komering","Sumatera Selatan"
"melecehkan","5","Bahasa Komering","Sumatera Selatan"
"melekat","5","Bahasa Komering","Sumatera Selatan"
"meleleh","5","Bahasa Komering","Sumatera Selatan"
"melengkung","5","Bahasa Komering","Sumatera Selatan"
"melengkungkan","5","Bahasa Komering","Sumatera Selatan"
"melepaskan","5","Bahasa Komering","Sumatera Selatan"
"meletakkan","5","Bahasa Komering","Sumatera Selatan"
"meletus","5","Bahasa Komering","Sumatera Selatan"
"melihat","5","Bahasa Komering","Sumatera Selatan"
"melihat-lihat","5","Bahasa Komering","Sumatera Selatan"
"melindungi","5","Bahasa Komering","Sumatera Selatan"
"meliputi","5","Bahasa Komering","Sumatera Selatan"
"melotot","5","Bahasa Komering","Sumatera Selatan"
"melunakkan","5","Bahasa Komering","Sumatera Selatan"
"melupakan","5","Bahasa Komering","Sumatera Selatan"
"memadai","5","Bahasa Komering","Sumatera Selatan"
"memagari","5","Bahasa Komering","Sumatera Selatan"
"memahami","5","Bahasa Komering","Sumatera Selatan"
"memakai","5","Bahasa Komering","Sumatera Selatan"
"memakainya","5","Bahasa Komering","Sumatera Selatan"
"memalukan","5","Bahasa Komering","Sumatera Selatan"
"memancing","5","Bahasa Komering","Sumatera Selatan"
"memandang","5","Bahasa Komering","Sumatera Selatan"
"memanggang","5","Bahasa Komering","Sumatera Selatan"
"memanggil/menelpon","5","Bahasa Komering","Sumatera Selatan"
"memanjakan","5","Bahasa Komering","Sumatera Selatan"
"memantau","5","Bahasa Komering","Sumatera Selatan"
"memarahi","5","Bahasa Komering","Sumatera Selatan"
"memastikan","5","Bahasa Komering","Sumatera Selatan"
"memasukkan","5","Bahasa Komering","Sumatera Selatan"
"mematuk","5","Bahasa Komering","Sumatera Selatan"
"membaca","5","Bahasa Komering","Sumatera Selatan"
"membacanya","5","Bahasa Komering","Sumatera Selatan"
"membangkang","5","Bahasa Komering","Sumatera Selatan"
"membangun","5","Bahasa Komering","Sumatera Selatan"
"membantah","5","Bahasa Komering","Sumatera Selatan"
"membantu","5","Bahasa Komering","Sumatera Selatan"
"membara","5","Bahasa Komering","Sumatera Selatan"
"membasuh","5","Bahasa Komering","Sumatera Selatan"
"membatas","5","Bahasa Komering","Sumatera Selatan"
"membawa","5","Bahasa Komering","Sumatera Selatan"
"membayar","5","Bahasa Komering","Sumatera Selatan"
"membeku","5","Bahasa Komering","Sumatera Selatan"
"membeli","5","Bahasa Komering","Sumatera Selatan"
"membendung","5","Bahasa Komering","Sumatera Selatan"
"membentak","5","Bahasa Komering","Sumatera Selatan"
"memberantas","5","Bahasa Komering","Sumatera Selatan"
"memberi","5","Bahasa Komering","Sumatera Selatan"
"memberitakan","5","Bahasa Komering","Sumatera Selatan"
"membiarkan","5","Bahasa Komering","Sumatera Selatan"
"membicarakan","5","Bahasa Komering","Sumatera Selatan"
"membidik","5","Bahasa Komering","Sumatera Selatan"
"membuat","5","Bahasa Komering","Sumatera Selatan"
"membuatkan","5","Bahasa Komering","Sumatera Selatan"
"membuka","5","Bahasa Komering","Sumatera Selatan"
"membutuhkan","5","Bahasa Komering","Sumatera Selatan"
"memegang","5","Bahasa Komering","Sumatera Selatan"
"memelintir","5","Bahasa Komering","Sumatera Selatan"
"memendekkan","5","Bahasa Komering","Sumatera Selatan"
"memenuhi","5","Bahasa Komering","Sumatera Selatan"
"memenuhinya","5","Bahasa Komering","Sumatera Selatan"
"memerangi","5","Bahasa Komering","Sumatera Selatan"
"memeras","5","Bahasa Komering","Sumatera Selatan"
"memercik","5","Bahasa Komering","Sumatera Selatan"
"memerlukan","5","Bahasa Komering","Sumatera Selatan"
"memesan","5","Bahasa Komering","Sumatera Selatan"
"memikirkannya","5","Bahasa Komering","Sumatera Selatan"
"memikul","5","Bahasa Komering","Sumatera Selatan"
"memilih","5","Bahasa Komering","Sumatera Selatan"
"memimpin","5","Bahasa Komering","Sumatera Selatan"
"meminta","5","Bahasa Komering","Sumatera Selatan"
"meminum","5","Bahasa Komering","Sumatera Selatan"
"memisahkan","5","Bahasa Komering","Sumatera Selatan"
"memotong","5","Bahasa Komering","Sumatera Selatan"
"mempelajari","5","Bahasa Komering","Sumatera Selatan"
"mempengaruhi","5","Bahasa Komering","Sumatera Selatan"
"memperbolehkannya","5","Bahasa Komering","Sumatera Selatan"
"mempercayai","5","Bahasa Komering","Sumatera Selatan"
"mempercayakan","5","Bahasa Komering","Sumatera Selatan"
"memperingati","5","Bahasa Komering","Sumatera Selatan"
"memperkenalkan","5","Bahasa Komering","Sumatera Selatan"
"memperkuat","5","Bahasa Komering","Sumatera Selatan"
"mempersiapkan","5","Bahasa Komering","Sumatera Selatan"
"mempertanyakan","5","Bahasa Komering","Sumatera Selatan"
"menabuh","5","Bahasa Komering","Sumatera Selatan"
"menagih","5","Bahasa Komering","Sumatera Selatan"
"menahan","5","Bahasa Komering","Sumatera Selatan"
"menambah","5","Bahasa Komering","Sumatera Selatan"
"menampilkan","5","Bahasa Komering","Sumatera Selatan"
"menampung","5","Bahasa Komering","Sumatera Selatan"
"menampungnya","5","Bahasa Komering","Sumatera Selatan"
"menanam","5","Bahasa Komering","Sumatera Selatan"
"menancap","5","Bahasa Komering","Sumatera Selatan"
"menancapkan","5","Bahasa Komering","Sumatera Selatan"
"menciptakan","5","Bahasa Komering","Sumatera Selatan"
"mencoba","5","Bahasa Komering","Sumatera Selatan"
"mendapat","5","Bahasa Komering","Sumatera Selatan"
"mendengar","5","Bahasa Komering","Sumatera Selatan"
"mendukung","5","Bahasa Komering","Sumatera Selatan"
"menemui","5","Bahasa Komering","Sumatera Selatan"
"menemukan","5","Bahasa Komering","Sumatera Selatan"
"menerapkan","5","Bahasa Komering","Sumatera Selatan"
"menerima","5","Bahasa Komering","Sumatera Selatan"
"menerpa","5","Bahasa Komering","Sumatera Selatan"
"menetes","5","Bahasa Komering","Sumatera Selatan"
"mengantongi","5","Bahasa Komering","Sumatera Selatan"
"mengapa","5","Bahasa Komering","Sumatera Selatan"
"mengarak","5","Bahasa Komering","Sumatera Selatan"
"mengatakan","5","Bahasa Komering","Sumatera Selatan"
"mengatasi","5","Bahasa Komering","Sumatera Selatan"
"mengayun","5","Bahasa Komering","Sumatera Selatan"
"mengebutkan","5","Bahasa Komering","Sumatera Selatan"
"mengecek","5","Bahasa Komering","Sumatera Selatan"
"mengecer","5","Bahasa Komering","Sumatera Selatan"
"mengecewakan","5","Bahasa Komering","Sumatera Selatan"
"mengeduk","5","Bahasa Komering","Sumatera Selatan"
"mengejar","5","Bahasa Komering","Sumatera Selatan"
"mengelak","5","Bahasa Komering","Sumatera Selatan"
"mengelas","5","Bahasa Komering","Sumatera Selatan"
"mengelola","5","Bahasa Komering","Sumatera Selatan"
"mengeluh","5","Bahasa Komering","Sumatera Selatan"
"mengembalikan","5","Bahasa Komering","Sumatera Selatan"
"mengembangkan","5","Bahasa Komering","Sumatera Selatan"
"menggunakan","5","Bahasa Komering","Sumatera Selatan"
"mengguncang","5","Bahasa Komering","Sumatera Selatan"
"menghabiskan","5","Bahasa Komering","Sumatera Selatan"
"menghadap","5","Bahasa Komering","Sumatera Selatan"
"menghadapi","5","Bahasa Komering","Sumatera Selatan"
"mengirim","5","Bahasa Komering","Sumatera Selatan"
"mengirimkan","5","Bahasa Komering","Sumatera Selatan"
"mengisi","5","Bahasa Komering","Sumatera Selatan"
"mengizinkan","5","Bahasa Komering","Sumatera Selatan"
"mengurusi","5","Bahasa Komering","Sumatera Selatan"
"mengusir","5","Bahasa Komering","Sumatera Selatan"
"mengusulkan","5","Bahasa Komering","Sumatera Selatan"
"mengutamakan","5","Bahasa Komering","Sumatera Selatan"
"mengutus","5","Bahasa Komering","Sumatera Selatan"
"meniadakan","5","Bahasa Komering","Sumatera Selatan"
"menikah","5","Bahasa Komering","Sumatera Selatan"
"menikahi","5","Bahasa Komering","Sumatera Selatan"
"menikahinya","5","Bahasa Komering","Sumatera Selatan"
"menikmati","5","Bahasa Komering","Sumatera Selatan"
"meniru","5","Bahasa Komering","Sumatera Selatan"
"menistakan","5","Bahasa Komering","Sumatera Selatan"
"menit","5","Bahasa Komering","Sumatera Selatan"
"menitan","5","Bahasa Komering","Sumatera Selatan"
"menjabat","5","Bahasa Komering","Sumatera Selatan"
"menjadi","5","Bahasa Komering","Sumatera Selatan"
"menjaga/menyimpan","5","Bahasa Komering","Sumatera Selatan"
"menjahit","5","Bahasa Komering","Sumatera Selatan"
"menjarangkan","5","Bahasa Komering","Sumatera Selatan"
"menjawab","5","Bahasa Komering","Sumatera Selatan"
"menjelaskan","5","Bahasa Komering","Sumatera Selatan"
"menjerat","5","Bahasa Komering","Sumatera Selatan"
"menjorok","5","Bahasa Komering","Sumatera Selatan"
"menjual","5","Bahasa Komering","Sumatera Selatan"
"menolak","5","Bahasa Komering","Sumatera Selatan"
"menolong","5","Bahasa Komering","Sumatera Selatan"
"menonton","5","Bahasa Komering","Sumatera Selatan"
"mentah","5","Bahasa Komering","Sumatera Selatan"
"menteri","5","Bahasa Komering","Sumatera Selatan"
"menua","5","Bahasa Komering","Sumatera Selatan"
"menuangkan","5","Bahasa Komering","Sumatera Selatan"
"menuduh","5","Bahasa Komering","Sumatera Selatan"
"menuju","5","Bahasa Komering","Sumatera Selatan"
"menukar","5","Bahasa Komering","Sumatera Selatan"
"menular","5","Bahasa Komering","Sumatera Selatan"
"menulis","5","Bahasa Komering","Sumatera Selatan"
"menuliskan","5","Bahasa Komering","Sumatera Selatan"
"menuliskannya","5","Bahasa Komering","Sumatera Selatan"
"menumbuhkan","5","Bahasa Komering","Sumatera Selatan"
"menumpang","5","Bahasa Komering","Sumatera Selatan"
"menumpuk","5","Bahasa Komering","Sumatera Selatan"
"menundukkan","5","Bahasa Komering","Sumatera Selatan"
"menunggu","5","Bahasa Komering","Sumatera Selatan"
"menunjangnya","5","Bahasa Komering","Sumatera Selatan"
"menunjuk","5","Bahasa Komering","Sumatera Selatan"
"menunjukkan","5","Bahasa Komering","Sumatera Selatan"
"menuntaskan","5","Bahasa Komering","Sumatera Selatan"
"menuntut","5","Bahasa Komering","Sumatera Selatan"
"menurun","5","Bahasa Komering","Sumatera Selatan"
"menurunkan","5","Bahasa Komering","Sumatera Selatan"
"menurunnya","5","Bahasa Komering","Sumatera Selatan"
"menurut","5","Bahasa Komering","Sumatera Selatan"
"menusuk","5","Bahasa Komering","Sumatera Selatan"
"menutupi","5","Bahasa Komering","Sumatera Selatan"
"menutupkan","5","Bahasa Komering","Sumatera Selatan"
"menuturkan","5","Bahasa Komering","Sumatera Selatan"
"menyabet","5","Bahasa Komering","Sumatera Selatan"
"menyadap","5","Bahasa Komering","Sumatera Selatan"
"menyadari","5","Bahasa Komering","Sumatera Selatan"
"menyakitkan","5","Bahasa Komering","Sumatera Selatan"
"menyaksikan","5","Bahasa Komering","Sumatera Selatan"
"menyala","5","Bahasa Komering","Sumatera Selatan"
"menyalahi","5","Bahasa Komering","Sumatera Selatan"
"menyalurkan","5","Bahasa Komering","Sumatera Selatan"
"menyamai","5","Bahasa Komering","Sumatera Selatan"
"menyamakan","5","Bahasa Komering","Sumatera Selatan"
"menyamar","5","Bahasa Komering","Sumatera Selatan"
"menyambar","5","Bahasa Komering","Sumatera Selatan"
"menyapu","5","Bahasa Komering","Sumatera Selatan"
"menyaring","5","Bahasa Komering","Sumatera Selatan"
"menyerbu","5","Bahasa Komering","Sumatera Selatan"
"menyeringai","5","Bahasa Komering","Sumatera Selatan"
"menyerupai","5","Bahasa Komering","Sumatera Selatan"
"menyumbat","5","Bahasa Komering","Sumatera Selatan"
"menyurati","5","Bahasa Komering","Sumatera Selatan"
"menyusul","5","Bahasa Komering","Sumatera Selatan"
"menyusun","5","Bahasa Komering","Sumatera Selatan"
"Merah","5","Bahasa Komering","Sumatera Selatan"
"Merah jambu","5","Bahasa Komering","Sumatera Selatan"
"Merah marun","5","Bahasa Komering","Sumatera Selatan"
"merasa","5","Bahasa Komering","Sumatera Selatan"
"merubah","5","Bahasa Komering","Sumatera Selatan"
"Minuman","5","Bahasa Komering","Sumatera Selatan"
"Mobil","5","Bahasa Komering","Sumatera Selatan"
"mungkin","5","Bahasa Komering","Sumatera Selatan"
"negatif","5","Bahasa Komering","Sumatera Selatan"
"negeri","5","Bahasa Komering","Sumatera Selatan"
"nelayan","5","Bahasa Komering","Sumatera Selatan"
"nenek","5","Bahasa Komering","Sumatera Selatan"
"niat","5","Bahasa Komering","Sumatera Selatan"
"orang","5","Bahasa Komering","Sumatera Selatan"
"pacet","5","Bahasa Komering","Sumatera Selatan"
"pada","5","Bahasa Komering","Sumatera Selatan"
"padahal","5","Bahasa Komering","Sumatera Selatan"
"padam","5","Bahasa Komering","Sumatera Selatan"
"padat","5","Bahasa Komering","Sumatera Selatan"
"padi","5","Bahasa Komering","Sumatera Selatan"
"paha","5","Bahasa Komering","Sumatera Selatan"
"paham","5","Bahasa Komering","Sumatera Selatan"
"pahlawan","5","Bahasa Komering","Sumatera Selatan"
"pakai","5","Bahasa Komering","Sumatera Selatan"
"pakaian","5","Bahasa Komering","Sumatera Selatan"
"palsu","5","Bahasa Komering","Sumatera Selatan"
"palu","5","Bahasa Komering","Sumatera Selatan"
"panjang","5","Bahasa Komering","Sumatera Selatan"
"pantai","5","Bahasa Komering","Sumatera Selatan"
"papan","5","Bahasa Komering","Sumatera Selatan"
"parah","5","Bahasa Komering","Sumatera Selatan"
"pedas","5","Bahasa Komering","Sumatera Selatan"
"pedih","5","Bahasa Komering","Sumatera Selatan"
"pejuang","5","Bahasa Komering","Sumatera Selatan"
"pelabuhan","5","Bahasa Komering","Sumatera Selatan"
"pelihara","5","Bahasa Komering","Sumatera Selatan"
"pemain","5","Bahasa Komering","Sumatera Selatan"
"pemilik","5","Bahasa Komering","Sumatera Selatan"
"pemuda","5","Bahasa Komering","Sumatera Selatan"
"penakut","5","Bahasa Komering","Sumatera Selatan"
"pengemudi","5","Bahasa Komering","Sumatera Selatan"
"penyu","5","Bahasa Komering","Sumatera Selatan"
"Perak","5","Bahasa Komering","Sumatera Selatan"
"pergi","5","Bahasa Komering","Sumatera Selatan"
"Perhiasan","5","Bahasa Komering","Sumatera Selatan"
"perunggu","5","Bahasa Komering","Sumatera Selatan"
"perusahaan","5","Bahasa Komering","Sumatera Selatan"
"pesan","5","Bahasa Komering","Sumatera Selatan"
"pesanan","5","Bahasa Komering","Sumatera Selatan"
"pesantren","5","Bahasa Komering","Sumatera Selatan"
"pesing","5","Bahasa Komering","Sumatera Selatan"
"pesisir","5","Bahasa Komering","Sumatera Selatan"
"petai","5","Bahasa Komering","Sumatera Selatan"
"petang","5","Bahasa Komering","Sumatera Selatan"
"petani","5","Bahasa Komering","Sumatera Selatan"
"petaninya","5","Bahasa Komering","Sumatera Selatan"
"pintu","5","Bahasa Komering","Sumatera Selatan"
"pisau","5","Bahasa Komering","Sumatera Selatan"
"pohon","5","Bahasa Komering","Sumatera Selatan"
"prakteknya","5","Bahasa Komering","Sumatera Selatan"
"pria","5","Bahasa Komering","Sumatera Selatan"
"pribadi","5","Bahasa Komering","Sumatera Selatan"
"pribumi","5","Bahasa Komering","Sumatera Selatan"
"produk","5","Bahasa Komering","Sumatera Selatan"
"produksi","5","Bahasa Komering","Sumatera Selatan"
"program","5","Bahasa Komering","Sumatera Selatan"
"pudar","5","Bahasa Komering","Sumatera Selatan"
"pula","5","Bahasa Komering","Sumatera Selatan"
"pulang","5","Bahasa Komering","Sumatera Selatan"
"pusat","5","Bahasa Komering","Sumatera Selatan"
"putar","5","Bahasa Komering","Sumatera Selatan"
"putih","5","Bahasa Komering","Sumatera Selatan"
"rakyat","5","Bahasa Komering","Sumatera Selatan"
"ramadhan","5","Bahasa Komering","Sumatera Selatan"
"rambut","5","Bahasa Komering","Sumatera Selatan"
"rame","5","Bahasa Komering","Sumatera Selatan"
"rampok","5","Bahasa Komering","Sumatera Selatan"
"rapi","5","Bahasa Komering","Sumatera Selatan"
"rasa","5","Bahasa Komering","Sumatera Selatan"
"rata","5","Bahasa Komering","Sumatera Selatan"
"ratu","5","Bahasa Komering","Sumatera Selatan"
"rawa","5","Bahasa Komering","Sumatera Selatan"
"rayap","5","Bahasa Komering","Sumatera Selatan"
"remaja","5","Bahasa Komering","Sumatera Selatan"
"rindu","5","Bahasa Komering","Sumatera Selatan"
"rokok","5","Bahasa Komering","Sumatera Selatan"
"rokoknya","5","Bahasa Komering","Sumatera Selatan"
"rontok","5","Bahasa Komering","Sumatera Selatan"
"rotan","5","Bahasa Komering","Sumatera Selatan"
"ruangan","5","Bahasa Komering","Sumatera Selatan"
"rugi","5","Bahasa Komering","Sumatera Selatan"
"rujukan","5","Bahasa Komering","Sumatera Selatan"
"rukun","5","Bahasa Komering","Sumatera Selatan"
"rumah","5","Bahasa Komering","Sumatera Selatan"
"rumah tangga","5","Bahasa Komering","Sumatera Selatan"
"rumpun","5","Bahasa Komering","Sumatera Selatan"
"rupanya","5","Bahasa Komering","Sumatera Selatan"
"rusa","5","Bahasa Komering","Sumatera Selatan"
"rutinnya","5","Bahasa Komering","Sumatera Selatan"
"saat","5","Bahasa Komering","Sumatera Selatan"
"sakit-sakitan","5","Bahasa Komering","Sumatera Selatan"
"saksikan","5","Bahasa Komering","Sumatera Selatan"
"salah satu","5","Bahasa Komering","Sumatera Selatan"
"salah satunya","5","Bahasa Komering","Sumatera Selatan"
"seberang","5","Bahasa Komering","Sumatera Selatan"
"seberapa","5","Bahasa Komering","Sumatera Selatan"
"sejajar","5","Bahasa Komering","Sumatera Selatan"
"sejalan","5","Bahasa Komering","Sumatera Selatan"
"sejarah","5","Bahasa Komering","Sumatera Selatan"
"sekolah","5","Bahasa Komering","Sumatera Selatan"
"sekolahnya","5","Bahasa Komering","Sumatera Selatan"
"sekongkol","5","Bahasa Komering","Sumatera Selatan"
"sekotamadya","5","Bahasa Komering","Sumatera Selatan"
"seks","5","Bahasa Komering","Sumatera Selatan"
"sekurang-kurangnya","5","Bahasa Komering","Sumatera Selatan"
"sel","5","Bahasa Komering","Sumatera Selatan"
"selain","5","Bahasa Komering","Sumatera Selatan"
"selain itu","5","Bahasa Komering","Sumatera Selatan"
"selaku","5","Bahasa Komering","Sumatera Selatan"
"sempitnya","5","Bahasa Komering","Sumatera Selatan"
"sempurna","5","Bahasa Komering","Sumatera Selatan"
"semut","5","Bahasa Komering","Sumatera Selatan"
"senang","5","Bahasa Komering","Sumatera Selatan"
"senapan","5","Bahasa Komering","Sumatera Selatan"
"senapannya","5","Bahasa Komering","Sumatera Selatan"
"senat","5","Bahasa Komering","Sumatera Selatan"
"senator","5","Bahasa Komering","Sumatera Selatan"
"sendirian","5","Bahasa Komering","Sumatera Selatan"
"sendok","5","Bahasa Komering","Sumatera Selatan"
"seng","5","Bahasa Komering","Sumatera Selatan"
"senggol","5","Bahasa Komering","Sumatera Selatan"
"sengsara","5","Bahasa Komering","Sumatera Selatan"
"Seni","5","Bahasa Komering","Sumatera Selatan"
"sentuh","5","Bahasa Komering","Sumatera Selatan"
"sering","5","Bahasa Komering","Sumatera Selatan"
"sesuai","5","Bahasa Komering","Sumatera Selatan"
"sial","5","Bahasa Komering","Sumatera Selatan"
"siap","5","Bahasa Komering","Sumatera Selatan"
"siapa","5","Bahasa Komering","Sumatera Selatan"
"siapakah","5","Bahasa Komering","Sumatera Selatan"
"siapapun","5","Bahasa Komering","Sumatera Selatan"
"siapkan","5","Bahasa Komering","Sumatera Selatan"
"sifat","5","Bahasa Komering","Sumatera Selatan"
"simpul","5","Bahasa Komering","Sumatera Selatan"
"sindiran","5","Bahasa Komering","Sumatera Selatan"
"singa","5","Bahasa Komering","Sumatera Selatan"
"singkat","5","Bahasa Komering","Sumatera Selatan"
"singkatan","5","Bahasa Komering","Sumatera Selatan"
"singkong","5","Bahasa Komering","Sumatera Selatan"
"suami","5","Bahasa Komering","Sumatera Selatan"
"suamiku","5","Bahasa Komering","Sumatera Selatan"
"suaminya","5","Bahasa Komering","Sumatera Selatan"
"suara","5","Bahasa Komering","Sumatera Selatan"
"suaranya","5","Bahasa Komering","Sumatera Selatan"
"suci","5","Bahasa Komering","Sumatera Selatan"
"sulit","5","Bahasa Komering","Sumatera Selatan"
"sumur","5","Bahasa Komering","Sumatera Selatan"
"sungai","5","Bahasa Komering","Sumatera Selatan"
"supaya","5","Bahasa Komering","Sumatera Selatan"
"susu","5","Bahasa Komering","Sumatera Selatan"
"susunan","5","Bahasa Komering","Sumatera Selatan"
"taat","5","Bahasa Komering","Sumatera Selatan"
"tabiat","5","Bahasa Komering","Sumatera Selatan"
"tablig","5","Bahasa Komering","Sumatera Selatan"
"tabu","5","Bahasa Komering","Sumatera Selatan"
"tadi","5","Bahasa Komering","Sumatera Selatan"
"takut","5","Bahasa Komering","Sumatera Selatan"
"tambahan","5","Bahasa Komering","Sumatera Selatan"
"tambat","5","Bahasa Komering","Sumatera Selatan"
"tampak","5","Bahasa Komering","Sumatera Selatan"
"tampung","5","Bahasa Komering","Sumatera Selatan"
"tamu","5","Bahasa Komering","Sumatera Selatan"
"tanam","5","Bahasa Komering","Sumatera Selatan"
"tegas","5","Bahasa Komering","Sumatera Selatan"
"teguh","5","Bahasa Komering","Sumatera Selatan"
"tema","5","Bahasa Komering","Sumatera Selatan"
"teman","5","Bahasa Komering","Sumatera Selatan"
"tenaga","5","Bahasa Komering","Sumatera Selatan"
"tenang","5","Bahasa Komering","Sumatera Selatan"
"tentu","5","Bahasa Komering","Sumatera Selatan"
"teorinya","5","Bahasa Komering","Sumatera Selatan"
"tepat","5","Bahasa Komering","Sumatera Selatan"
"tepatnya","5","Bahasa Komering","Sumatera Selatan"
"tepung","5","Bahasa Komering","Sumatera Selatan"
"terakhir","5","Bahasa Komering","Sumatera Selatan"
"teralami","5","Bahasa Komering","Sumatera Selatan"
"teramati","5","Bahasa Komering","Sumatera Selatan"
"terang","5","Bahasa Komering","Sumatera Selatan"
"terigu","5","Bahasa Komering","Sumatera Selatan"
"terima","5","Bahasa Komering","Sumatera Selatan"
"terima kasih","5","Bahasa Komering","Sumatera Selatan"
"tewas","5","Bahasa Komering","Sumatera Selatan"
"tiba","5","Bahasa Komering","Sumatera Selatan"
"tikus","5","Bahasa Komering","Sumatera Selatan"
"tinggal","5","Bahasa Komering","Sumatera Selatan"
"tokoh","5","Bahasa Komering","Sumatera Selatan"
"tolak","5","Bahasa Komering","Sumatera Selatan"
"toleransi","5","Bahasa Komering","Sumatera Selatan"
"tolong","5","Bahasa Komering","Sumatera Selatan"
"tuan","5","Bahasa Komering","Sumatera Selatan"
"tumbuh","5","Bahasa Komering","Sumatera Selatan"
"Tumbuhan","5","Bahasa Komering","Sumatera Selatan"
"tumpul","5","Bahasa Komering","Sumatera Selatan"
"tupai","5","Bahasa Komering","Sumatera Selatan"
"udang","5","Bahasa Komering","Sumatera Selatan"
"ular","5","Bahasa Komering","Sumatera Selatan"
"ulat","5","Bahasa Komering","Sumatera Selatan"
"umat","5","Bahasa Komering","Sumatera Selatan"
"umbi","5","Bahasa Komering","Sumatera Selatan"
"umpama","5","Bahasa Komering","Sumatera Selatan"
"upacara","5","Bahasa Komering","Sumatera Selatan"
"urusan","5","Bahasa Komering","Sumatera Selatan"
"usaha","5","Bahasa Komering","Sumatera Selatan"
"usia","5","Bahasa Komering","Sumatera Selatan"
"usul","5","Bahasa Komering","Sumatera Selatan"
"usus","5","Bahasa Komering","Sumatera Selatan"
"utama","5","Bahasa Komering","Sumatera Selatan"
"utang","5","Bahasa Komering","Sumatera Selatan"
"utara","5","Bahasa Komering","Sumatera Selatan"
"Violet","5","Bahasa Komering","Sumatera Selatan"
"wajah","5","Bahasa Komering","Sumatera Selatan"
"wajahnya","5","Bahasa Komering","Sumatera Selatan"
"wajar","5","Bahasa Komering","Sumatera Selatan"
"wajib","5","Bahasa Komering","Sumatera Selatan"
"waktunya","5","Bahasa Komering","Sumatera Selatan"
"wanita","5","Bahasa Komering","Sumatera Selatan"
"warna","5","Bahasa Komering","Sumatera Selatan"