"abad","1","Bahasa Tolaki","Sulawesi Tenggara"
"abadi","2","Bahasa Tolaki","Sulawesi Tenggara"
"abang","3","Bahasa Tolaki","Sulawesi Tenggara"
"acak","4","Bahasa Tolaki","Sulawesi Tenggara"
"acara","5","Bahasa Tolaki","Sulawesi Tenggara"
"acaranya","5","Bahasa Tolaki","Sulawesi Tenggara"
"ada","5","Bahasa Tolaki","Sulawesi Tenggara"
"adu","5","Bahasa Tolaki","Sulawesi Tenggara"
"agak","5","Bahasa Tolaki","Sulawesi Tenggara"
"agar","5","Bahasa Tolaki","Sulawesi Tenggara"
"air","5","Bahasa Tolaki","Sulawesi Tenggara"
"ajaran","5","Bahasa Tolaki","Sulawesi Tenggara"
"akal","5","Bahasa Tolaki","Sulawesi Tenggara"
"akan","5","Bahasa Tolaki","Sulawesi Tenggara"
"akar","5","Bahasa Tolaki","Sulawesi Tenggara"
"akhir","5","Bahasa Tolaki","Sulawesi Tenggara"
"akhirat","5","Bahasa Tolaki","Sulawesi Tenggara"
"akhirnya","5","Bahasa Tolaki","Sulawesi Tenggara"
"akibat","5","Bahasa Tolaki","Sulawesi Tenggara"
"aktif","5","Bahasa Tolaki","Sulawesi Tenggara"
"akun","5","Bahasa Tolaki","Sulawesi Tenggara"
"akur","5","Bahasa Tolaki","Sulawesi Tenggara"
"alam","5","Bahasa Tolaki","Sulawesi Tenggara"
"alamat","5","Bahasa Tolaki","Sulawesi Tenggara"
"aman","5","Bahasa Tolaki","Sulawesi Tenggara"
"amanah","5","Bahasa Tolaki","Sulawesi Tenggara"
"anak","5","Bahasa Tolaki","Sulawesi Tenggara"
"anak-anak","5","Bahasa Tolaki","Sulawesi Tenggara"
"anggota","5","Bahasa Tolaki","Sulawesi Tenggara"
"angsa","5","Bahasa Tolaki","Sulawesi Tenggara"
"anjing","5","Bahasa Tolaki","Sulawesi Tenggara"
"anting","5","Bahasa Tolaki","Sulawesi Tenggara"
"antri","5","Bahasa Tolaki","Sulawesi Tenggara"
"anugerah","5","Bahasa Tolaki","Sulawesi Tenggara"
"apa","5","Bahasa Tolaki","Sulawesi Tenggara"
"api","5","Bahasa Tolaki","Sulawesi Tenggara"
"asin","5","Bahasa Tolaki","Sulawesi Tenggara"
"asing","5","Bahasa Tolaki","Sulawesi Tenggara"
"asli","5","Bahasa Tolaki","Sulawesi Tenggara"
"aslinya","5","Bahasa Tolaki","Sulawesi Tenggara"
"asri","5","Bahasa Tolaki","Sulawesi Tenggara"
"asyik","5","Bahasa Tolaki","Sulawesi Tenggara"
"atap","5","Bahasa Tolaki","Sulawesi Tenggara"
"atas","5","Bahasa Tolaki","Sulawesi Tenggara"
"atlet","5","Bahasa Tolaki","Sulawesi Tenggara"
"awet","5","Bahasa Tolaki","Sulawesi Tenggara"
"ayah","5","Bahasa Tolaki","Sulawesi Tenggara"
"ayahnya","5","Bahasa Tolaki","Sulawesi Tenggara"
"ayam","5","Bahasa Tolaki","Sulawesi Tenggara"
"ayo","5","Bahasa Tolaki","Sulawesi Tenggara"
"babak","5","Bahasa Tolaki","Sulawesi Tenggara"
"babi","5","Bahasa Tolaki","Sulawesi Tenggara"
"bacaan","5","Bahasa Tolaki","Sulawesi Tenggara"
"bada","5","Bahasa Tolaki","Sulawesi Tenggara"
"badakÂ ","5","Bahasa Tolaki","Sulawesi Tenggara"
"bagian","5","Bahasa Tolaki","Sulawesi Tenggara"
"bagus","5","Bahasa Tolaki","Sulawesi Tenggara"
"bahagia","5","Bahasa Tolaki","Sulawesi Tenggara"
"bahan","5","Bahasa Tolaki","Sulawesi Tenggara"
"bahasa","5","Bahasa Tolaki","Sulawesi Tenggara"
"bahkan","5","Bahasa Tolaki","Sulawesi Tenggara"
"baik","5","Bahasa Tolaki","Sulawesi Tenggara"
"baiknya","5","Bahasa Tolaki","Sulawesi Tenggara"
"bait","5","Bahasa Tolaki","Sulawesi Tenggara"
"baja","5","Bahasa Tolaki","Sulawesi Tenggara"
"baju","5","Bahasa Tolaki","Sulawesi Tenggara"
"bakal","5","Bahasa Tolaki","Sulawesi Tenggara"
"bakar","5","Bahasa Tolaki","Sulawesi Tenggara"
"bakat","5","Bahasa Tolaki","Sulawesi Tenggara"
"bakti","5","Bahasa Tolaki","Sulawesi Tenggara"
"balai","5","Bahasa Tolaki","Sulawesi Tenggara"
"balas","5","Bahasa Tolaki","Sulawesi Tenggara"
"balasan","5","Bahasa Tolaki","Sulawesi Tenggara"
"balik","5","Bahasa Tolaki","Sulawesi Tenggara"
"bambu","5","Bahasa Tolaki","Sulawesi Tenggara"
"banding","5","Bahasa Tolaki","Sulawesi Tenggara"
"banget","5","Bahasa Tolaki","Sulawesi Tenggara"
"bangga","5","Bahasa Tolaki","Sulawesi Tenggara"
"bangganya","5","Bahasa Tolaki","Sulawesi Tenggara"
"bangkai","5","Bahasa Tolaki","Sulawesi Tenggara"
"bangkit","5","Bahasa Tolaki","Sulawesi Tenggara"
"bangsa","5","Bahasa Tolaki","Sulawesi Tenggara"
"bangunan","5","Bahasa Tolaki","Sulawesi Tenggara"
"banjir","5","Bahasa Tolaki","Sulawesi Tenggara"
"bank","5","Bahasa Tolaki","Sulawesi Tenggara"
"banteng","5","Bahasa Tolaki","Sulawesi Tenggara"
"banting","5","Bahasa Tolaki","Sulawesi Tenggara"
"bantingan","5","Bahasa Tolaki","Sulawesi Tenggara"
"bantu","5","Bahasa Tolaki","Sulawesi Tenggara"
"bantuan","5","Bahasa Tolaki","Sulawesi Tenggara"
"banyak","5","Bahasa Tolaki","Sulawesi Tenggara"
"bapak","5","Bahasa Tolaki","Sulawesi Tenggara"
"barang","5","Bahasa Tolaki","Sulawesi Tenggara"
"barangkali","5","Bahasa Tolaki","Sulawesi Tenggara"
"basi","5","Bahasa Tolaki","Sulawesi Tenggara"
"batuk","5","Bahasa Tolaki","Sulawesi Tenggara"
"bau","5","Bahasa Tolaki","Sulawesi Tenggara"
"bawah","5","Bahasa Tolaki","Sulawesi Tenggara"
"Bawang Merah","5","Bahasa Tolaki","Sulawesi Tenggara"
"Bawang Putih","5","Bahasa Tolaki","Sulawesi Tenggara"
"bayi","5","Bahasa Tolaki","Sulawesi Tenggara"
"beban","5","Bahasa Tolaki","Sulawesi Tenggara"
"bebas","5","Bahasa Tolaki","Sulawesi Tenggara"
"bekerja","5","Bahasa Tolaki","Sulawesi Tenggara"
"belajar","5","Bahasa Tolaki","Sulawesi Tenggara"
"belalang","5","Bahasa Tolaki","Sulawesi Tenggara"
"belanja","5","Bahasa Tolaki","Sulawesi Tenggara"
"belasan","5","Bahasa Tolaki","Sulawesi Tenggara"
"beli","5","Bahasa Tolaki","Sulawesi Tenggara"
"belum","5","Bahasa Tolaki","Sulawesi Tenggara"
"bencana","5","Bahasa Tolaki","Sulawesi Tenggara"
"benda","5","Bahasa Tolaki","Sulawesi Tenggara"
"bendera","5","Bahasa Tolaki","Sulawesi Tenggara"
"benih","5","Bahasa Tolaki","Sulawesi Tenggara"
"bentuk","5","Bahasa Tolaki","Sulawesi Tenggara"
"beradu","5","Bahasa Tolaki","Sulawesi Tenggara"
"beragam","5","Bahasa Tolaki","Sulawesi Tenggara"
"berair","5","Bahasa Tolaki","Sulawesi Tenggara"
"beraksi","5","Bahasa Tolaki","Sulawesi Tenggara"
"berang-berang","5","Bahasa Tolaki","Sulawesi Tenggara"
"berani","5","Bahasa Tolaki","Sulawesi Tenggara"
"berantakan","5","Bahasa Tolaki","Sulawesi Tenggara"
"berapa","5","Bahasa Tolaki","Sulawesi Tenggara"
"berapi","5","Bahasa Tolaki","Sulawesi Tenggara"
"berarti","5","Bahasa Tolaki","Sulawesi Tenggara"
"beras","5","Bahasa Tolaki","Sulawesi Tenggara"
"berat","5","Bahasa Tolaki","Sulawesi Tenggara"
"berayun","5","Bahasa Tolaki","Sulawesi Tenggara"
"berbagai","5","Bahasa Tolaki","Sulawesi Tenggara"
"berbagi","5","Bahasa Tolaki","Sulawesi Tenggara"
"berbahaya","5","Bahasa Tolaki","Sulawesi Tenggara"
"berbakti","5","Bahasa Tolaki","Sulawesi Tenggara"
"berbantah","5","Bahasa Tolaki","Sulawesi Tenggara"
"berbantahan","5","Bahasa Tolaki","Sulawesi Tenggara"
"berbarengan","5","Bahasa Tolaki","Sulawesi Tenggara"
"berbekal","5","Bahasa Tolaki","Sulawesi Tenggara"
"berbisnis","5","Bahasa Tolaki","Sulawesi Tenggara"
"berburu","5","Bahasa Tolaki","Sulawesi Tenggara"
"bercakap","5","Bahasa Tolaki","Sulawesi Tenggara"
"berceceran","5","Bahasa Tolaki","Sulawesi Tenggara"
"bercengkrama","5","Bahasa Tolaki","Sulawesi Tenggara"
"bercerai","5","Bahasa Tolaki","Sulawesi Tenggara"
"bercermin","5","Bahasa Tolaki","Sulawesi Tenggara"
"bercocok tanam","5","Bahasa Tolaki","Sulawesi Tenggara"
"berdasar","5","Bahasa Tolaki","Sulawesi Tenggara"
"berdecak","5","Bahasa Tolaki","Sulawesi Tenggara"
"berdekatan","5","Bahasa Tolaki","Sulawesi Tenggara"
"berdering","5","Bahasa Tolaki","Sulawesi Tenggara"
"berdikari","5","Bahasa Tolaki","Sulawesi Tenggara"
"berdiri","5","Bahasa Tolaki","Sulawesi Tenggara"
"berdua","5","Bahasa Tolaki","Sulawesi Tenggara"
"berduaan","5","Bahasa Tolaki","Sulawesi Tenggara"
"beres","5","Bahasa Tolaki","Sulawesi Tenggara"
"berfikir","5","Bahasa Tolaki","Sulawesi Tenggara"
"berganti","5","Bahasa Tolaki","Sulawesi Tenggara"
"bergelar","5","Bahasa Tolaki","Sulawesi Tenggara"
"bergerak","5","Bahasa Tolaki","Sulawesi Tenggara"
"berharap","5","Bahasa Tolaki","Sulawesi Tenggara"
"berhenti","5","Bahasa Tolaki","Sulawesi Tenggara"
"beri","5","Bahasa Tolaki","Sulawesi Tenggara"
"beringas","5","Bahasa Tolaki","Sulawesi Tenggara"
"berisi","5","Bahasa Tolaki","Sulawesi Tenggara"
"berjuang","5","Bahasa Tolaki","Sulawesi Tenggara"
"berjumpa","5","Bahasa Tolaki","Sulawesi Tenggara"
"berlari","5","Bahasa Tolaki","Sulawesi Tenggara"
"bermain","5","Bahasa Tolaki","Sulawesi Tenggara"
"beruang","5","Bahasa Tolaki","Sulawesi Tenggara"
"biawak","5","Bahasa Tolaki","Sulawesi Tenggara"
"Binatang","5","Bahasa Tolaki","Sulawesi Tenggara"
"Biru","5","Bahasa Tolaki","Sulawesi Tenggara"
"Buah-buahan","5","Bahasa Tolaki","Sulawesi Tenggara"
"buaya","5","Bahasa Tolaki","Sulawesi Tenggara"
"Buku","5","Bahasa Tolaki","Sulawesi Tenggara"
"bunda","5","Bahasa Tolaki","Sulawesi Tenggara"
"bunga","5","Bahasa Tolaki","Sulawesi Tenggara"
"bungkam","5","Bahasa Tolaki","Sulawesi Tenggara"
"bungkuk","5","Bahasa Tolaki","Sulawesi Tenggara"
"bungkus","5","Bahasa Tolaki","Sulawesi Tenggara"
"bungkusnya","5","Bahasa Tolaki","Sulawesi Tenggara"
"bunglon","5","Bahasa Tolaki","Sulawesi Tenggara"
"bungsu","5","Bahasa Tolaki","Sulawesi Tenggara"
"bunyi","5","Bahasa Tolaki","Sulawesi Tenggara"
"buram","5","Bahasa Tolaki","Sulawesi Tenggara"
"buruh","5","Bahasa Tolaki","Sulawesi Tenggara"
"burung","5","Bahasa Tolaki","Sulawesi Tenggara"
"buta","5","Bahasa Tolaki","Sulawesi Tenggara"
"cabai","5","Bahasa Tolaki","Sulawesi Tenggara"
"cabang","5","Bahasa Tolaki","Sulawesi Tenggara"
"cacat","5","Bahasa Tolaki","Sulawesi Tenggara"
"cacing","5","Bahasa Tolaki","Sulawesi Tenggara"
"cadangan","5","Bahasa Tolaki","Sulawesi Tenggara"
"cahaya","5","Bahasa Tolaki","Sulawesi Tenggara"
"cakap","5","Bahasa Tolaki","Sulawesi Tenggara"
"cakupan","5","Bahasa Tolaki","Sulawesi Tenggara"
"calon","5","Bahasa Tolaki","Sulawesi Tenggara"
"campur","5","Bahasa Tolaki","Sulawesi Tenggara"
"campuran","5","Bahasa Tolaki","Sulawesi Tenggara"
"capung","5","Bahasa Tolaki","Sulawesi Tenggara"
"cara","5","Bahasa Tolaki","Sulawesi Tenggara"
"cari","5","Bahasa Tolaki","Sulawesi Tenggara"
"cecak","5","Bahasa Tolaki","Sulawesi Tenggara"
"cemberut","5","Bahasa Tolaki","Sulawesi Tenggara"
"cerdas","5","Bahasa Tolaki","Sulawesi Tenggara"
"cicit","5","Bahasa Tolaki","Sulawesi Tenggara"
"cincin","5","Bahasa Tolaki","Sulawesi Tenggara"
"cinta","5","Bahasa Tolaki","Sulawesi Tenggara"
"Coklat","5","Bahasa Tolaki","Sulawesi Tenggara"
"cucu","5","Bahasa Tolaki","Sulawesi Tenggara"
"dalam","5","Bahasa Tolaki","Sulawesi Tenggara"
"dapat","5","Bahasa Tolaki","Sulawesi Tenggara"
"dapur","5","Bahasa Tolaki","Sulawesi Tenggara"
"debug","5","Bahasa Tolaki","Sulawesi Tenggara"
"delta","5","Bahasa Tolaki","Sulawesi Tenggara"
"dermawan","5","Bahasa Tolaki","Sulawesi Tenggara"
"desain","5","Bahasa Tolaki","Sulawesi Tenggara"
"detail","5","Bahasa Tolaki","Sulawesi Tenggara"
"doktor","5","Bahasa Tolaki","Sulawesi Tenggara"
"doktrin","5","Bahasa Tolaki","Sulawesi Tenggara"
"dokumen","5","Bahasa Tolaki","Sulawesi Tenggara"
"domba","5","Bahasa Tolaki","Sulawesi Tenggara"
"dosa","5","Bahasa Tolaki","Sulawesi Tenggara"
"duanya","5","Bahasa Tolaki","Sulawesi Tenggara"
"dubur","5","Bahasa Tolaki","Sulawesi Tenggara"
"duda","5","Bahasa Tolaki","Sulawesi Tenggara"
"duduk","5","Bahasa Tolaki","Sulawesi Tenggara"
"duitnya","5","Bahasa Tolaki","Sulawesi Tenggara"
"dukung","5","Bahasa Tolaki","Sulawesi Tenggara"
"dulunya","5","Bahasa Tolaki","Sulawesi Tenggara"
"dunia","5","Bahasa Tolaki","Sulawesi Tenggara"
"edarkan","5","Bahasa Tolaki","Sulawesi Tenggara"
"ekor","5","Bahasa Tolaki","Sulawesi Tenggara"
"Emas","5","Bahasa Tolaki","Sulawesi Tenggara"
"embun","5","Bahasa Tolaki","Sulawesi Tenggara"
"empat","5","Bahasa Tolaki","Sulawesi Tenggara"
"empedu","5","Bahasa Tolaki","Sulawesi Tenggara"
"empuk","5","Bahasa Tolaki","Sulawesi Tenggara"
"enak","5","Bahasa Tolaki","Sulawesi Tenggara"
"erat","5","Bahasa Tolaki","Sulawesi Tenggara"
"fasih","5","Bahasa Tolaki","Sulawesi Tenggara"
"februari","5","Bahasa Tolaki","Sulawesi Tenggara"
"foto","5","Bahasa Tolaki","Sulawesi Tenggara"
"fotonya","5","Bahasa Tolaki","Sulawesi Tenggara"
"gajah","5","Bahasa Tolaki","Sulawesi Tenggara"
"ganda","5","Bahasa Tolaki","Sulawesi Tenggara"
"ganteng","5","Bahasa Tolaki","Sulawesi Tenggara"
"garis","5","Bahasa Tolaki","Sulawesi Tenggara"
"gelang","5","Bahasa Tolaki","Sulawesi Tenggara"
"gerhana","5","Bahasa Tolaki","Sulawesi Tenggara"
"geser","5","Bahasa Tolaki","Sulawesi Tenggara"
"gesit","5","Bahasa Tolaki","Sulawesi Tenggara"
"gigi","5","Bahasa Tolaki","Sulawesi Tenggara"
"gila","5","Bahasa Tolaki","Sulawesi Tenggara"
"Gitar","5","Bahasa Tolaki","Sulawesi Tenggara"
"golok","5","Bahasa Tolaki","Sulawesi Tenggara"
"gorila","5","Bahasa Tolaki","Sulawesi Tenggara"
"gratisan","5","Bahasa Tolaki","Sulawesi Tenggara"
"gudang","5","Bahasa Tolaki","Sulawesi Tenggara"
"gula","5","Bahasa Tolaki","Sulawesi Tenggara"
"gulat","5","Bahasa Tolaki","Sulawesi Tenggara"
"gunanya","5","Bahasa Tolaki","Sulawesi Tenggara"
"guncang","5","Bahasa Tolaki","Sulawesi Tenggara"
"gunung","5","Bahasa Tolaki","Sulawesi Tenggara"
"gurih","5","Bahasa Tolaki","Sulawesi Tenggara"
"guru","5","Bahasa Tolaki","Sulawesi Tenggara"
"habis","5","Bahasa Tolaki","Sulawesi Tenggara"
"habis-habisan","5","Bahasa Tolaki","Sulawesi Tenggara"
"habiskan","5","Bahasa Tolaki","Sulawesi Tenggara"
"hadapi","5","Bahasa Tolaki","Sulawesi Tenggara"
"hadir","5","Bahasa Tolaki","Sulawesi Tenggara"
"hajat","5","Bahasa Tolaki","Sulawesi Tenggara"
"haji","5","Bahasa Tolaki","Sulawesi Tenggara"
"hak","5","Bahasa Tolaki","Sulawesi Tenggara"
"hakim","5","Bahasa Tolaki","Sulawesi Tenggara"
"hal","5","Bahasa Tolaki","Sulawesi Tenggara"
"halangi","5","Bahasa Tolaki","Sulawesi Tenggara"
"hambatan","5","Bahasa Tolaki","Sulawesi Tenggara"
"hangat","5","Bahasa Tolaki","Sulawesi Tenggara"
"hanyut","5","Bahasa Tolaki","Sulawesi Tenggara"
"harga","5","Bahasa Tolaki","Sulawesi Tenggara"
"harimau","5","Bahasa Tolaki","Sulawesi Tenggara"
"harimau/macan","5","Bahasa Tolaki","Sulawesi Tenggara"
"harinya","5","Bahasa Tolaki","Sulawesi Tenggara"
"harum","5","Bahasa Tolaki","Sulawesi Tenggara"
"harus","5","Bahasa Tolaki","Sulawesi Tenggara"
"hasilnya","5","Bahasa Tolaki","Sulawesi Tenggara"
"hati","5","Bahasa Tolaki","Sulawesi Tenggara"
"hati-hati","5","Bahasa Tolaki","Sulawesi Tenggara"
"hendak","5","Bahasa Tolaki","Sulawesi Tenggara"
"hendaknya","5","Bahasa Tolaki","Sulawesi Tenggara"
"herbivora","5","Bahasa Tolaki","Sulawesi Tenggara"
"heroik","5","Bahasa Tolaki","Sulawesi Tenggara"
"Hewan Peliharaan","5","Bahasa Tolaki","Sulawesi Tenggara"
"hiburan","5","Bahasa Tolaki","Sulawesi Tenggara"
"hidup","5","Bahasa Tolaki","Sulawesi Tenggara"
"hidupnya","5","Bahasa Tolaki","Sulawesi Tenggara"
"Hijau","5","Bahasa Tolaki","Sulawesi Tenggara"
"hikmah","5","Bahasa Tolaki","Sulawesi Tenggara"
"hitam","5","Bahasa Tolaki","Sulawesi Tenggara"
"hitung","5","Bahasa Tolaki","Sulawesi Tenggara"
"hiu","5","Bahasa Tolaki","Sulawesi Tenggara"
"honor","5","Bahasa Tolaki","Sulawesi Tenggara"
"hormat","5","Bahasa Tolaki","Sulawesi Tenggara"
"hotel","5","Bahasa Tolaki","Sulawesi Tenggara"
"ikan","5","Bahasa Tolaki","Sulawesi Tenggara"
"ingin","5","Bahasa Tolaki","Sulawesi Tenggara"
"intinya","5","Bahasa Tolaki","Sulawesi Tenggara"
"istana","5","Bahasa Tolaki","Sulawesi Tenggara"
"isteri","5","Bahasa Tolaki","Sulawesi Tenggara"
"istirahat","5","Bahasa Tolaki","Sulawesi Tenggara"
"istri","5","Bahasa Tolaki","Sulawesi Tenggara"
"izin","5","Bahasa Tolaki","Sulawesi Tenggara"
"jadi","5","Bahasa Tolaki","Sulawesi Tenggara"
"jadwal","5","Bahasa Tolaki","Sulawesi Tenggara"
"jagat","5","Bahasa Tolaki","Sulawesi Tenggara"
"jago","5","Bahasa Tolaki","Sulawesi Tenggara"
"Jahe","5","Bahasa Tolaki","Sulawesi Tenggara"
"jahil","5","Bahasa Tolaki","Sulawesi Tenggara"
"jahit","5","Bahasa Tolaki","Sulawesi Tenggara"
"jajahan","5","Bahasa Tolaki","Sulawesi Tenggara"
"jajaran","5","Bahasa Tolaki","Sulawesi Tenggara"
"Jakarta","5","Bahasa Tolaki","Sulawesi Tenggara"
"jalan","5","Bahasa Tolaki","Sulawesi Tenggara"
"jalani","5","Bahasa Tolaki","Sulawesi Tenggara"
"jalankan","5","Bahasa Tolaki","Sulawesi Tenggara"
"jamur","5","Bahasa Tolaki","Sulawesi Tenggara"
"janda","5","Bahasa Tolaki","Sulawesi Tenggara"
"jangan","5","Bahasa Tolaki","Sulawesi Tenggara"
"jangankan","5","Bahasa Tolaki","Sulawesi Tenggara"
"jantan","5","Bahasa Tolaki","Sulawesi Tenggara"
"jari","5","Bahasa Tolaki","Sulawesi Tenggara"
"jaringan","5","Bahasa Tolaki","Sulawesi Tenggara"
"jatuh","5","Bahasa Tolaki","Sulawesi Tenggara"
"jawabnya","5","Bahasa Tolaki","Sulawesi Tenggara"
"jelantah","5","Bahasa Tolaki","Sulawesi Tenggara"
"jelek","5","Bahasa Tolaki","Sulawesi Tenggara"
"Jenis Kain","5","Bahasa Tolaki","Sulawesi Tenggara"
"jenis kelamin","5","Bahasa Tolaki","Sulawesi Tenggara"
"jera","5","Bahasa Tolaki","Sulawesi Tenggara"
"jerapah","5","Bahasa Tolaki","Sulawesi Tenggara"
"Jeruk","5","Bahasa Tolaki","Sulawesi Tenggara"
"Jeruk Nipis","5","Bahasa Tolaki","Sulawesi Tenggara"
"Jeruk Purut","5","Bahasa Tolaki","Sulawesi Tenggara"
"jewer","5","Bahasa Tolaki","Sulawesi Tenggara"
"kagum","5","Bahasa Tolaki","Sulawesi Tenggara"
"kail","5","Bahasa Tolaki","Sulawesi Tenggara"
"karena","5","Bahasa Tolaki","Sulawesi Tenggara"
"kebanyakan","5","Bahasa Tolaki","Sulawesi Tenggara"
"kebijakan","5","Bahasa Tolaki","Sulawesi Tenggara"
"kecintaan","5","Bahasa Tolaki","Sulawesi Tenggara"
"kediaman","5","Bahasa Tolaki","Sulawesi Tenggara"
"kedipan","5","Bahasa Tolaki","Sulawesi Tenggara"
"kedudukan","5","Bahasa Tolaki","Sulawesi Tenggara"
"kehilangan","5","Bahasa Tolaki","Sulawesi Tenggara"
"kehilangan/kalah","5","Bahasa Tolaki","Sulawesi Tenggara"
"kehormatan","5","Bahasa Tolaki","Sulawesi Tenggara"
"kehutanan","5","Bahasa Tolaki","Sulawesi Tenggara"
"kejam","5","Bahasa Tolaki","Sulawesi Tenggara"
"kejar","5","Bahasa Tolaki","Sulawesi Tenggara"
"kekacauan","5","Bahasa Tolaki","Sulawesi Tenggara"
"kekar","5","Bahasa Tolaki","Sulawesi Tenggara"
"kekayaan","5","Bahasa Tolaki","Sulawesi Tenggara"
"kekhawatiran","5","Bahasa Tolaki","Sulawesi Tenggara"
"kelak","5","Bahasa Tolaki","Sulawesi Tenggara"
"kelas","5","Bahasa Tolaki","Sulawesi Tenggara"
"keledai","5","Bahasa Tolaki","Sulawesi Tenggara"
"kelelawar","5","Bahasa Tolaki","Sulawesi Tenggara"
"kelihatan","5","Bahasa Tolaki","Sulawesi Tenggara"
"kelihatannya","5","Bahasa Tolaki","Sulawesi Tenggara"
"keliling","5","Bahasa Tolaki","Sulawesi Tenggara"
"kelima","5","Bahasa Tolaki","Sulawesi Tenggara"
"kelinci","5","Bahasa Tolaki","Sulawesi Tenggara"
"keliru","5","Bahasa Tolaki","Sulawesi Tenggara"
"kelompok","5","Bahasa Tolaki","Sulawesi Tenggara"
"keluar","5","Bahasa Tolaki","Sulawesi Tenggara"
"kelurahan","5","Bahasa Tolaki","Sulawesi Tenggara"
"keluyuran","5","Bahasa Tolaki","Sulawesi Tenggara"
"kemampuan","5","Bahasa Tolaki","Sulawesi Tenggara"
"kemandirian","5","Bahasa Tolaki","Sulawesi Tenggara"
"kemarau","5","Bahasa Tolaki","Sulawesi Tenggara"
"kematian","5","Bahasa Tolaki","Sulawesi Tenggara"
"kembali","5","Bahasa Tolaki","Sulawesi Tenggara"
"kemekaran","5","Bahasa Tolaki","Sulawesi Tenggara"
"Kemiri","5","Bahasa Tolaki","Sulawesi Tenggara"
"kendaraan","5","Bahasa Tolaki","Sulawesi Tenggara"
"kendati","5","Bahasa Tolaki","Sulawesi Tenggara"
"kental","5","Bahasa Tolaki","Sulawesi Tenggara"
"kentut","5","Bahasa Tolaki","Sulawesi Tenggara"
"kepadanya","5","Bahasa Tolaki","Sulawesi Tenggara"
"kepal","5","Bahasa Tolaki","Sulawesi Tenggara"
"kepala","5","Bahasa Tolaki","Sulawesi Tenggara"
"kepiting","5","Bahasa Tolaki","Sulawesi Tenggara"
"kera/monyet","5","Bahasa Tolaki","Sulawesi Tenggara"
"kerudung","5","Bahasa Tolaki","Sulawesi Tenggara"
"kerusakan","5","Bahasa Tolaki","Sulawesi Tenggara"
"kerusakannya","5","Bahasa Tolaki","Sulawesi Tenggara"
"kesadaran","5","Bahasa Tolaki","Sulawesi Tenggara"
"kesal","5","Bahasa Tolaki","Sulawesi Tenggara"
"kesalahan","5","Bahasa Tolaki","Sulawesi Tenggara"
"kesejahteraan","5","Bahasa Tolaki","Sulawesi Tenggara"
"keselamatan","5","Bahasa Tolaki","Sulawesi Tenggara"
"Ketumbar","5","Bahasa Tolaki","Sulawesi Tenggara"
"kewajiban","5","Bahasa Tolaki","Sulawesi Tenggara"
"kewalahan","5","Bahasa Tolaki","Sulawesi Tenggara"
"keyakinan","5","Bahasa Tolaki","Sulawesi Tenggara"
"kiamat","5","Bahasa Tolaki","Sulawesi Tenggara"
"kidal","5","Bahasa Tolaki","Sulawesi Tenggara"
"kilometer","5","Bahasa Tolaki","Sulawesi Tenggara"
"kiosnya","5","Bahasa Tolaki","Sulawesi Tenggara"
"kira","5","Bahasa Tolaki","Sulawesi Tenggara"
"kiranya","5","Bahasa Tolaki","Sulawesi Tenggara"
"kiri","5","Bahasa Tolaki","Sulawesi Tenggara"
"kirim","5","Bahasa Tolaki","Sulawesi Tenggara"
"kita","5","Bahasa Tolaki","Sulawesi Tenggara"
"kodok","5","Bahasa Tolaki","Sulawesi Tenggara"
"kok","5","Bahasa Tolaki","Sulawesi Tenggara"
"kolom","5","Bahasa Tolaki","Sulawesi Tenggara"
"koma","5","Bahasa Tolaki","Sulawesi Tenggara"
"Kopi","5","Bahasa Tolaki","Sulawesi Tenggara"
"korosi","5","Bahasa Tolaki","Sulawesi Tenggara"
"krisis","5","Bahasa Tolaki","Sulawesi Tenggara"
"kristen","5","Bahasa Tolaki","Sulawesi Tenggara"
"kritik","5","Bahasa Tolaki","Sulawesi Tenggara"
"kritis","5","Bahasa Tolaki","Sulawesi Tenggara"
"kuasa","5","Bahasa Tolaki","Sulawesi Tenggara"
"kuatir","5","Bahasa Tolaki","Sulawesi Tenggara"
"kucing","5","Bahasa Tolaki","Sulawesi Tenggara"
"kuda","5","Bahasa Tolaki","Sulawesi Tenggara"
"kudeta","5","Bahasa Tolaki","Sulawesi Tenggara"
"kue","5","Bahasa Tolaki","Sulawesi Tenggara"
"kukuh","5","Bahasa Tolaki","Sulawesi Tenggara"
"kulum","5","Bahasa Tolaki","Sulawesi Tenggara"
"kumpul","5","Bahasa Tolaki","Sulawesi Tenggara"
"kumur","5","Bahasa Tolaki","Sulawesi Tenggara"
"kunang-kunang","5","Bahasa Tolaki","Sulawesi Tenggara"
"kunci","5","Bahasa Tolaki","Sulawesi Tenggara"
"kuning","5","Bahasa Tolaki","Sulawesi Tenggara"
"Kunyit","5","Bahasa Tolaki","Sulawesi Tenggara"
"kura-kura","5","Bahasa Tolaki","Sulawesi Tenggara"
"kurang","5","Bahasa Tolaki","Sulawesi Tenggara"
"kurus","5","Bahasa Tolaki","Sulawesi Tenggara"
"kusut","5","Bahasa Tolaki","Sulawesi Tenggara"
"laba-laba","5","Bahasa Tolaki","Sulawesi Tenggara"
"lagu","5","Bahasa Tolaki","Sulawesi Tenggara"
"lagunya","5","Bahasa Tolaki","Sulawesi Tenggara"
"lahan","5","Bahasa Tolaki","Sulawesi Tenggara"
"lahannya","5","Bahasa Tolaki","Sulawesi Tenggara"
"lahir","5","Bahasa Tolaki","Sulawesi Tenggara"
"lain","5","Bahasa Tolaki","Sulawesi Tenggara"
"lainnya","5","Bahasa Tolaki","Sulawesi Tenggara"
"laksamana","5","Bahasa Tolaki","Sulawesi Tenggara"
"laku","5","Bahasa Tolaki","Sulawesi Tenggara"
"lakukan","5","Bahasa Tolaki","Sulawesi Tenggara"
"lalu","5","Bahasa Tolaki","Sulawesi Tenggara"
"lalu lintas","5","Bahasa Tolaki","Sulawesi Tenggara"
"lama","5","Bahasa Tolaki","Sulawesi Tenggara"
"lancip","5","Bahasa Tolaki","Sulawesi Tenggara"
"langganan","5","Bahasa Tolaki","Sulawesi Tenggara"
"langit","5","Bahasa Tolaki","Sulawesi Tenggara"
"langka","5","Bahasa Tolaki","Sulawesi Tenggara"
"langkah","5","Bahasa Tolaki","Sulawesi Tenggara"
"langkahi","5","Bahasa Tolaki","Sulawesi Tenggara"
"lanjut","5","Bahasa Tolaki","Sulawesi Tenggara"
"lanjutnya","5","Bahasa Tolaki","Sulawesi Tenggara"
"lari","5","Bahasa Tolaki","Sulawesi Tenggara"
"laron","5","Bahasa Tolaki","Sulawesi Tenggara"
"latar","5","Bahasa Tolaki","Sulawesi Tenggara"
"layak","5","Bahasa Tolaki","Sulawesi Tenggara"
"lebah","5","Bahasa Tolaki","Sulawesi Tenggara"
"lebar","5","Bahasa Tolaki","Sulawesi Tenggara"
"lega","5","Bahasa Tolaki","Sulawesi Tenggara"
"leher","5","Bahasa Tolaki","Sulawesi Tenggara"
"lelah","5","Bahasa Tolaki","Sulawesi Tenggara"
"lelaki","5","Bahasa Tolaki","Sulawesi Tenggara"
"leluasa","5","Bahasa Tolaki","Sulawesi Tenggara"
"leluhur","5","Bahasa Tolaki","Sulawesi Tenggara"
"lemari","5","Bahasa Tolaki","Sulawesi Tenggara"
"lembab","5","Bahasa Tolaki","Sulawesi Tenggara"
"lempar","5","Bahasa Tolaki","Sulawesi Tenggara"
"lengah","5","Bahasa Tolaki","Sulawesi Tenggara"
"lengang","5","Bahasa Tolaki","Sulawesi Tenggara"
"lengkap","5","Bahasa Tolaki","Sulawesi Tenggara"
"lengkapnya","5","Bahasa Tolaki","Sulawesi Tenggara"
"lengkong","5","Bahasa Tolaki","Sulawesi Tenggara"
"lengkuas","5","Bahasa Tolaki","Sulawesi Tenggara"
"lengkung","5","Bahasa Tolaki","Sulawesi Tenggara"
"lepas","5","Bahasa Tolaki","Sulawesi Tenggara"
"letkol","5","Bahasa Tolaki","Sulawesi Tenggara"
"letnan","5","Bahasa Tolaki","Sulawesi Tenggara"
"licik","5","Bahasa Tolaki","Sulawesi Tenggara"
"lidah","5","Bahasa Tolaki","Sulawesi Tenggara"
"lihat","5","Bahasa Tolaki","Sulawesi Tenggara"
"lingkaran","5","Bahasa Tolaki","Sulawesi Tenggara"
"lipat","5","Bahasa Tolaki","Sulawesi Tenggara"
"lokasi","5","Bahasa Tolaki","Sulawesi Tenggara"
"lomba","5","Bahasa Tolaki","Sulawesi Tenggara"
"loncat","5","Bahasa Tolaki","Sulawesi Tenggara"
"longgar","5","Bahasa Tolaki","Sulawesi Tenggara"
"luar","5","Bahasa Tolaki","Sulawesi Tenggara"
"luar biasa","5","Bahasa Tolaki","Sulawesi Tenggara"
"lubang","5","Bahasa Tolaki","Sulawesi Tenggara"
"lucu","5","Bahasa Tolaki","Sulawesi Tenggara"
"luka","5","Bahasa Tolaki","Sulawesi Tenggara"
"luka berat","5","Bahasa Tolaki","Sulawesi Tenggara"
"lulus","5","Bahasa Tolaki","Sulawesi Tenggara"
"lulusan","5","Bahasa Tolaki","Sulawesi Tenggara"
"lumayan","5","Bahasa Tolaki","Sulawesi Tenggara"
"lumba-lumba","5","Bahasa Tolaki","Sulawesi Tenggara"
"lumut","5","Bahasa Tolaki","Sulawesi Tenggara"
"lunak","5","Bahasa Tolaki","Sulawesi Tenggara"
"lunas","5","Bahasa Tolaki","Sulawesi Tenggara"
"luntur","5","Bahasa Tolaki","Sulawesi Tenggara"
"lupa","5","Bahasa Tolaki","Sulawesi Tenggara"
"lusa","5","Bahasa Tolaki","Sulawesi Tenggara"
"lutut","5","Bahasa Tolaki","Sulawesi Tenggara"
"maaf","5","Bahasa Tolaki","Sulawesi Tenggara"
"mabuk","5","Bahasa Tolaki","Sulawesi Tenggara"
"macam","5","Bahasa Tolaki","Sulawesi Tenggara"
"madya","5","Bahasa Tolaki","Sulawesi Tenggara"
"Magenta","5","Bahasa Tolaki","Sulawesi Tenggara"
"maghrib","5","Bahasa Tolaki","Sulawesi Tenggara"
"mahal","5","Bahasa Tolaki","Sulawesi Tenggara"
"mahasiswa","5","Bahasa Tolaki","Sulawesi Tenggara"
"mahir","5","Bahasa Tolaki","Sulawesi Tenggara"
"malam","5","Bahasa Tolaki","Sulawesi Tenggara"
"malas","5","Bahasa Tolaki","Sulawesi Tenggara"
"mancung","5","Bahasa Tolaki","Sulawesi Tenggara"
"mandek","5","Bahasa Tolaki","Sulawesi Tenggara"
"mandi","5","Bahasa Tolaki","Sulawesi Tenggara"
"manfaat","5","Bahasa Tolaki","Sulawesi Tenggara"
"manfaatnya","5","Bahasa Tolaki","Sulawesi Tenggara"
"manggis","5","Bahasa Tolaki","Sulawesi Tenggara"
"manis","5","Bahasa Tolaki","Sulawesi Tenggara"
"manja","5","Bahasa Tolaki","Sulawesi Tenggara"
"manusia","5","Bahasa Tolaki","Sulawesi Tenggara"
"manyun","5","Bahasa Tolaki","Sulawesi Tenggara"
"marah","5","Bahasa Tolaki","Sulawesi Tenggara"
"martabat","5","Bahasa Tolaki","Sulawesi Tenggara"
"masa","5","Bahasa Tolaki","Sulawesi Tenggara"
"masing","5","Bahasa Tolaki","Sulawesi Tenggara"
"masjid","5","Bahasa Tolaki","Sulawesi Tenggara"
"maskawin","5","Bahasa Tolaki","Sulawesi Tenggara"
"massa","5","Bahasa Tolaki","Sulawesi Tenggara"
"masuk","5","Bahasa Tolaki","Sulawesi Tenggara"
"masyarakat","5","Bahasa Tolaki","Sulawesi Tenggara"
"mata","5","Bahasa Tolaki","Sulawesi Tenggara"
"matahari","5","Bahasa Tolaki","Sulawesi Tenggara"
"matanya","5","Bahasa Tolaki","Sulawesi Tenggara"
"Mawar","5","Bahasa Tolaki","Sulawesi Tenggara"
"maya","5","Bahasa Tolaki","Sulawesi Tenggara"
"media","5","Bahasa Tolaki","Sulawesi Tenggara"
"medis","5","Bahasa Tolaki","Sulawesi Tenggara"
"mei","5","Bahasa Tolaki","Sulawesi Tenggara"
"meja","5","Bahasa Tolaki","Sulawesi Tenggara"
"mekanik","5","Bahasa Tolaki","Sulawesi Tenggara"
"mekaniknya","5","Bahasa Tolaki","Sulawesi Tenggara"
"mekar","5","Bahasa Tolaki","Sulawesi Tenggara"
"melacur","5","Bahasa Tolaki","Sulawesi Tenggara"
"melakukan","5","Bahasa Tolaki","Sulawesi Tenggara"
"melanda","5","Bahasa Tolaki","Sulawesi Tenggara"
"melanggar","5","Bahasa Tolaki","Sulawesi Tenggara"
"melanjutkan","5","Bahasa Tolaki","Sulawesi Tenggara"
"melantik","5","Bahasa Tolaki","Sulawesi Tenggara"
"melarikan","5","Bahasa Tolaki","Sulawesi Tenggara"
"melayani","5","Bahasa Tolaki","Sulawesi Tenggara"
"melecehkan","5","Bahasa Tolaki","Sulawesi Tenggara"
"melekat","5","Bahasa Tolaki","Sulawesi Tenggara"
"meleleh","5","Bahasa Tolaki","Sulawesi Tenggara"
"melengkung","5","Bahasa Tolaki","Sulawesi Tenggara"
"melengkungkan","5","Bahasa Tolaki","Sulawesi Tenggara"
"melepaskan","5","Bahasa Tolaki","Sulawesi Tenggara"
"meletakkan","5","Bahasa Tolaki","Sulawesi Tenggara"
"meletus","5","Bahasa Tolaki","Sulawesi Tenggara"
"melihat","5","Bahasa Tolaki","Sulawesi Tenggara"
"melihat-lihat","5","Bahasa Tolaki","Sulawesi Tenggara"
"melindungi","5","Bahasa Tolaki","Sulawesi Tenggara"
"meliputi","5","Bahasa Tolaki","Sulawesi Tenggara"
"melotot","5","Bahasa Tolaki","Sulawesi Tenggara"
"melunakkan","5","Bahasa Tolaki","Sulawesi Tenggara"
"melupakan","5","Bahasa Tolaki","Sulawesi Tenggara"
"memadai","5","Bahasa Tolaki","Sulawesi Tenggara"
"memagari","5","Bahasa Tolaki","Sulawesi Tenggara"
"memahami","5","Bahasa Tolaki","Sulawesi Tenggara"
"memakai","5","Bahasa Tolaki","Sulawesi Tenggara"
"memakainya","5","Bahasa Tolaki","Sulawesi Tenggara"
"memalukan","5","Bahasa Tolaki","Sulawesi Tenggara"
"memancing","5","Bahasa Tolaki","Sulawesi Tenggara"
"memandang","5","Bahasa Tolaki","Sulawesi Tenggara"
"memanggang","5","Bahasa Tolaki","Sulawesi Tenggara"
"memanggil/menelpon","5","Bahasa Tolaki","Sulawesi Tenggara"
"memanjakan","5","Bahasa Tolaki","Sulawesi Tenggara"
"memantau","5","Bahasa Tolaki","Sulawesi Tenggara"
"memarahi","5","Bahasa Tolaki","Sulawesi Tenggara"
"memastikan","5","Bahasa Tolaki","Sulawesi Tenggara"
"memasukkan","5","Bahasa Tolaki","Sulawesi Tenggara"
"mematuk","5","Bahasa Tolaki","Sulawesi Tenggara"
"membaca","5","Bahasa Tolaki","Sulawesi Tenggara"
"membacanya","5","Bahasa Tolaki","Sulawesi Tenggara"
"membangkang","5","Bahasa Tolaki","Sulawesi Tenggara"
"membangun","5","Bahasa Tolaki","Sulawesi Tenggara"
"membantah","5","Bahasa Tolaki","Sulawesi Tenggara"
"membantu","5","Bahasa Tolaki","Sulawesi Tenggara"
"membara","5","Bahasa Tolaki","Sulawesi Tenggara"
"membasuh","5","Bahasa Tolaki","Sulawesi Tenggara"
"membatas","5","Bahasa Tolaki","Sulawesi Tenggara"
"membawa","5","Bahasa Tolaki","Sulawesi Tenggara"
"membayar","5","Bahasa Tolaki","Sulawesi Tenggara"
"membeku","5","Bahasa Tolaki","Sulawesi Tenggara"
"membeli","5","Bahasa Tolaki","Sulawesi Tenggara"
"membendung","5","Bahasa Tolaki","Sulawesi Tenggara"
"membentak","5","Bahasa Tolaki","Sulawesi Tenggara"
"memberantas","5","Bahasa Tolaki","Sulawesi Tenggara"
"memberi","5","Bahasa Tolaki","Sulawesi Tenggara"
"memberitakan","5","Bahasa Tolaki","Sulawesi Tenggara"
"membiarkan","5","Bahasa Tolaki","Sulawesi Tenggara"
"membicarakan","5","Bahasa Tolaki","Sulawesi Tenggara"
"membidik","5","Bahasa Tolaki","Sulawesi Tenggara"
"membuat","5","Bahasa Tolaki","Sulawesi Tenggara"
"membuatkan","5","Bahasa Tolaki","Sulawesi Tenggara"
"membuka","5","Bahasa Tolaki","Sulawesi Tenggara"
"membutuhkan","5","Bahasa Tolaki","Sulawesi Tenggara"
"memegang","5","Bahasa Tolaki","Sulawesi Tenggara"
"memelintir","5","Bahasa Tolaki","Sulawesi Tenggara"
"memendekkan","5","Bahasa Tolaki","Sulawesi Tenggara"
"memenuhi","5","Bahasa Tolaki","Sulawesi Tenggara"
"memenuhinya","5","Bahasa Tolaki","Sulawesi Tenggara"
"memerangi","5","Bahasa Tolaki","Sulawesi Tenggara"
"memeras","5","Bahasa Tolaki","Sulawesi Tenggara"
"memercik","5","Bahasa Tolaki","Sulawesi Tenggara"
"memerlukan","5","Bahasa Tolaki","Sulawesi Tenggara"
"memesan","5","Bahasa Tolaki","Sulawesi Tenggara"
"memikirkannya","5","Bahasa Tolaki","Sulawesi Tenggara"
"memikul","5","Bahasa Tolaki","Sulawesi Tenggara"
"memilih","5","Bahasa Tolaki","Sulawesi Tenggara"
"memimpin","5","Bahasa Tolaki","Sulawesi Tenggara"
"meminta","5","Bahasa Tolaki","Sulawesi Tenggara"
"meminum","5","Bahasa Tolaki","Sulawesi Tenggara"
"memisahkan","5","Bahasa Tolaki","Sulawesi Tenggara"
"memotong","5","Bahasa Tolaki","Sulawesi Tenggara"
"mempelajari","5","Bahasa Tolaki","Sulawesi Tenggara"
"mempengaruhi","5","Bahasa Tolaki","Sulawesi Tenggara"
"memperbolehkannya","5","Bahasa Tolaki","Sulawesi Tenggara"
"mempercayai","5","Bahasa Tolaki","Sulawesi Tenggara"
"mempercayakan","5","Bahasa Tolaki","Sulawesi Tenggara"
"memperingati","5","Bahasa Tolaki","Sulawesi Tenggara"
"memperkenalkan","5","Bahasa Tolaki","Sulawesi Tenggara"
"memperkuat","5","Bahasa Tolaki","Sulawesi Tenggara"
"mempersiapkan","5","Bahasa Tolaki","Sulawesi Tenggara"
"mempertanyakan","5","Bahasa Tolaki","Sulawesi Tenggara"
"menabuh","5","Bahasa Tolaki","Sulawesi Tenggara"
"menagih","5","Bahasa Tolaki","Sulawesi Tenggara"
"menahan","5","Bahasa Tolaki","Sulawesi Tenggara"
"menambah","5","Bahasa Tolaki","Sulawesi Tenggara"
"menampilkan","5","Bahasa Tolaki","Sulawesi Tenggara"
"menampung","5","Bahasa Tolaki","Sulawesi Tenggara"
"menampungnya","5","Bahasa Tolaki","Sulawesi Tenggara"
"menanam","5","Bahasa Tolaki","Sulawesi Tenggara"
"menancap","5","Bahasa Tolaki","Sulawesi Tenggara"
"menancapkan","5","Bahasa Tolaki","Sulawesi Tenggara"
"menciptakan","5","Bahasa Tolaki","Sulawesi Tenggara"
"mencoba","5","Bahasa Tolaki","Sulawesi Tenggara"
"mendapat","5","Bahasa Tolaki","Sulawesi Tenggara"
"mendengar","5","Bahasa Tolaki","Sulawesi Tenggara"
"mendukung","5","Bahasa Tolaki","Sulawesi Tenggara"
"menemui","5","Bahasa Tolaki","Sulawesi Tenggara"
"menemukan","5","Bahasa Tolaki","Sulawesi Tenggara"
"menerapkan","5","Bahasa Tolaki","Sulawesi Tenggara"
"menerima","5","Bahasa Tolaki","Sulawesi Tenggara"
"menerpa","5","Bahasa Tolaki","Sulawesi Tenggara"
"menetes","5","Bahasa Tolaki","Sulawesi Tenggara"
"mengantongi","5","Bahasa Tolaki","Sulawesi Tenggara"
"mengapa","5","Bahasa Tolaki","Sulawesi Tenggara"
"mengarak","5","Bahasa Tolaki","Sulawesi Tenggara"
"mengatakan","5","Bahasa Tolaki","Sulawesi Tenggara"
"mengatasi","5","Bahasa Tolaki","Sulawesi Tenggara"
"mengayun","5","Bahasa Tolaki","Sulawesi Tenggara"
"mengebutkan","5","Bahasa Tolaki","Sulawesi Tenggara"
"mengecek","5","Bahasa Tolaki","Sulawesi Tenggara"
"mengecer","5","Bahasa Tolaki","Sulawesi Tenggara"
"mengecewakan","5","Bahasa Tolaki","Sulawesi Tenggara"
"mengeduk","5","Bahasa Tolaki","Sulawesi Tenggara"
"mengejar","5","Bahasa Tolaki","Sulawesi Tenggara"
"mengelak","5","Bahasa Tolaki","Sulawesi Tenggara"
"mengelas","5","Bahasa Tolaki","Sulawesi Tenggara"
"mengelola","5","Bahasa Tolaki","Sulawesi Tenggara"
"mengeluh","5","Bahasa Tolaki","Sulawesi Tenggara"
"mengembalikan","5","Bahasa Tolaki","Sulawesi Tenggara"
"mengembangkan","5","Bahasa Tolaki","Sulawesi Tenggara"
"menggunakan","5","Bahasa Tolaki","Sulawesi Tenggara"
"mengguncang","5","Bahasa Tolaki","Sulawesi Tenggara"
"menghabiskan","5","Bahasa Tolaki","Sulawesi Tenggara"
"menghadap","5","Bahasa Tolaki","Sulawesi Tenggara"
"menghadapi","5","Bahasa Tolaki","Sulawesi Tenggara"
"mengirim","5","Bahasa Tolaki","Sulawesi Tenggara"
"mengirimkan","5","Bahasa Tolaki","Sulawesi Tenggara"
"mengisi","5","Bahasa Tolaki","Sulawesi Tenggara"
"mengizinkan","5","Bahasa Tolaki","Sulawesi Tenggara"
"mengurusi","5","Bahasa Tolaki","Sulawesi Tenggara"
"mengusir","5","Bahasa Tolaki","Sulawesi Tenggara"
"mengusulkan","5","Bahasa Tolaki","Sulawesi Tenggara"
"mengutamakan","5","Bahasa Tolaki","Sulawesi Tenggara"
"mengutus","5","Bahasa Tolaki","Sulawesi Tenggara"
"meniadakan","5","Bahasa Tolaki","Sulawesi Tenggara"
"menikah","5","Bahasa Tolaki","Sulawesi Tenggara"
"menikahi","5","Bahasa Tolaki","Sulawesi Tenggara"
"menikahinya","5","Bahasa Tolaki","Sulawesi Tenggara"
"menikmati","5","Bahasa Tolaki","Sulawesi Tenggara"
"meniru","5","Bahasa Tolaki","Sulawesi Tenggara"
"menistakan","5","Bahasa Tolaki","Sulawesi Tenggara"
"menit","5","Bahasa Tolaki","Sulawesi Tenggara"
"menitan","5","Bahasa Tolaki","Sulawesi Tenggara"
"menjabat","5","Bahasa Tolaki","Sulawesi Tenggara"
"menjadi","5","Bahasa Tolaki","Sulawesi Tenggara"
"menjaga/menyimpan","5","Bahasa Tolaki","Sulawesi Tenggara"
"menjahit","5","Bahasa Tolaki","Sulawesi Tenggara"
"menjarangkan","5","Bahasa Tolaki","Sulawesi Tenggara"
"menjawab","5","Bahasa Tolaki","Sulawesi Tenggara"
"menjelaskan","5","Bahasa Tolaki","Sulawesi Tenggara"
"menjerat","5","Bahasa Tolaki","Sulawesi Tenggara"
"menjorok","5","Bahasa Tolaki","Sulawesi Tenggara"
"menjual","5","Bahasa Tolaki","Sulawesi Tenggara"
"menolak","5","Bahasa Tolaki","Sulawesi Tenggara"
"menolong","5","Bahasa Tolaki","Sulawesi Tenggara"
"menonton","5","Bahasa Tolaki","Sulawesi Tenggara"
"mentah","5","Bahasa Tolaki","Sulawesi Tenggara"
"menteri","5","Bahasa Tolaki","Sulawesi Tenggara"
"menua","5","Bahasa Tolaki","Sulawesi Tenggara"
"menuangkan","5","Bahasa Tolaki","Sulawesi Tenggara"
"menuduh","5","Bahasa Tolaki","Sulawesi Tenggara"
"menuju","5","Bahasa Tolaki","Sulawesi Tenggara"
"menukar","5","Bahasa Tolaki","Sulawesi Tenggara"
"menular","5","Bahasa Tolaki","Sulawesi Tenggara"
"menulis","5","Bahasa Tolaki","Sulawesi Tenggara"
"menuliskan","5","Bahasa Tolaki","Sulawesi Tenggara"
"menuliskannya","5","Bahasa Tolaki","Sulawesi Tenggara"
"menumbuhkan","5","Bahasa Tolaki","Sulawesi Tenggara"
"menumpang","5","Bahasa Tolaki","Sulawesi Tenggara"
"menumpuk","5","Bahasa Tolaki","Sulawesi Tenggara"
"menundukkan","5","Bahasa Tolaki","Sulawesi Tenggara"
"menunggu","5","Bahasa Tolaki","Sulawesi Tenggara"
"menunjangnya","5","Bahasa Tolaki","Sulawesi Tenggara"
"menunjuk","5","Bahasa Tolaki","Sulawesi Tenggara"
"menunjukkan","5","Bahasa Tolaki","Sulawesi Tenggara"
"menuntaskan","5","Bahasa Tolaki","Sulawesi Tenggara"
"menuntut","5","Bahasa Tolaki","Sulawesi Tenggara"
"menurun","5","Bahasa Tolaki","Sulawesi Tenggara"
"menurunkan","5","Bahasa Tolaki","Sulawesi Tenggara"
"menurunnya","5","Bahasa Tolaki","Sulawesi Tenggara"
"menurut","5","Bahasa Tolaki","Sulawesi Tenggara"
"menusuk","5","Bahasa Tolaki","Sulawesi Tenggara"
"menutupi","5","Bahasa Tolaki","Sulawesi Tenggara"
"menutupkan","5","Bahasa Tolaki","Sulawesi Tenggara"
"menuturkan","5","Bahasa Tolaki","Sulawesi Tenggara"
"menyabet","5","Bahasa Tolaki","Sulawesi Tenggara"
"menyadap","5","Bahasa Tolaki","Sulawesi Tenggara"
"menyadari","5","Bahasa Tolaki","Sulawesi Tenggara"
"menyakitkan","5","Bahasa Tolaki","Sulawesi Tenggara"
"menyaksikan","5","Bahasa Tolaki","Sulawesi Tenggara"
"menyala","5","Bahasa Tolaki","Sulawesi Tenggara"
"menyalahi","5","Bahasa Tolaki","Sulawesi Tenggara"
"menyalurkan","5","Bahasa Tolaki","Sulawesi Tenggara"
"menyamai","5","Bahasa Tolaki","Sulawesi Tenggara"
"menyamakan","5","Bahasa Tolaki","Sulawesi Tenggara"
"menyamar","5","Bahasa Tolaki","Sulawesi Tenggara"
"menyambar","5","Bahasa Tolaki","Sulawesi Tenggara"
"menyapu","5","Bahasa Tolaki","Sulawesi Tenggara"
"menyaring","5","Bahasa Tolaki","Sulawesi Tenggara"
"menyerbu","5","Bahasa Tolaki","Sulawesi Tenggara"
"menyeringai","5","Bahasa Tolaki","Sulawesi Tenggara"
"menyerupai","5","Bahasa Tolaki","Sulawesi Tenggara"
"menyumbat","5","Bahasa Tolaki","Sulawesi Tenggara"
"menyurati","5","Bahasa Tolaki","Sulawesi Tenggara"
"menyusul","5","Bahasa Tolaki","Sulawesi Tenggara"
"menyusun","5","Bahasa Tolaki","Sulawesi Tenggara"
"Merah","5","Bahasa Tolaki","Sulawesi Tenggara"
"Merah jambu","5","Bahasa Tolaki","Sulawesi Tenggara"
"Merah marun","5","Bahasa Tolaki","Sulawesi Tenggara"
"merasa","5","Bahasa Tolaki","Sulawesi Tenggara"
"merubah","5","Bahasa Tolaki","Sulawesi Tenggara"
"Minuman","5","Bahasa Tolaki","Sulawesi Tenggara"
"Mobil","5","Bahasa Tolaki","Sulawesi Tenggara"
"mungkin","5","Bahasa Tolaki","Sulawesi Tenggara"
"negatif","5","Bahasa Tolaki","Sulawesi Tenggara"
"negeri","5","Bahasa Tolaki","Sulawesi Tenggara"
"nelayan","5","Bahasa Tolaki","Sulawesi Tenggara"
"nenek","5","Bahasa Tolaki","Sulawesi Tenggara"
"niat","5","Bahasa Tolaki","Sulawesi Tenggara"
"orang","5","Bahasa Tolaki","Sulawesi Tenggara"
"pacet","5","Bahasa Tolaki","Sulawesi Tenggara"
"pada","5","Bahasa Tolaki","Sulawesi Tenggara"
"padahal","5","Bahasa Tolaki","Sulawesi Tenggara"
"padam","5","Bahasa Tolaki","Sulawesi Tenggara"
"padat","5","Bahasa Tolaki","Sulawesi Tenggara"
"padi","5","Bahasa Tolaki","Sulawesi Tenggara"
"paha","5","Bahasa Tolaki","Sulawesi Tenggara"
"paham","5","Bahasa Tolaki","Sulawesi Tenggara"
"pahlawan","5","Bahasa Tolaki","Sulawesi Tenggara"
"pakai","5","Bahasa Tolaki","Sulawesi Tenggara"
"pakaian","5","Bahasa Tolaki","Sulawesi Tenggara"
"palsu","5","Bahasa Tolaki","Sulawesi Tenggara"
"palu","5","Bahasa Tolaki","Sulawesi Tenggara"
"panjang","5","Bahasa Tolaki","Sulawesi Tenggara"
"pantai","5","Bahasa Tolaki","Sulawesi Tenggara"
"papan","5","Bahasa Tolaki","Sulawesi Tenggara"
"parah","5","Bahasa Tolaki","Sulawesi Tenggara"
"pedas","5","Bahasa Tolaki","Sulawesi Tenggara"
"pedih","5","Bahasa Tolaki","Sulawesi Tenggara"
"pejuang","5","Bahasa Tolaki","Sulawesi Tenggara"
"pelabuhan","5","Bahasa Tolaki","Sulawesi Tenggara"
"pelihara","5","Bahasa Tolaki","Sulawesi Tenggara"
"pemain","5","Bahasa Tolaki","Sulawesi Tenggara"
"pemilik","5","Bahasa Tolaki","Sulawesi Tenggara"
"pemuda","5","Bahasa Tolaki","Sulawesi Tenggara"
"penakut","5","Bahasa Tolaki","Sulawesi Tenggara"
"pengemudi","5","Bahasa Tolaki","Sulawesi Tenggara"
"penyu","5","Bahasa Tolaki","Sulawesi Tenggara"
"Perak","5","Bahasa Tolaki","Sulawesi Tenggara"
"pergi","5","Bahasa Tolaki","Sulawesi Tenggara"
"Perhiasan","5","Bahasa Tolaki","Sulawesi Tenggara"
"perunggu","5","Bahasa Tolaki","Sulawesi Tenggara"
"perusahaan","5","Bahasa Tolaki","Sulawesi Tenggara"
"pesan","5","Bahasa Tolaki","Sulawesi Tenggara"
"pesanan","5","Bahasa Tolaki","Sulawesi Tenggara"
"pesantren","5","Bahasa Tolaki","Sulawesi Tenggara"
"pesing","5","Bahasa Tolaki","Sulawesi Tenggara"
"pesisir","5","Bahasa Tolaki","Sulawesi Tenggara"
"petai","5","Bahasa Tolaki","Sulawesi Tenggara"
"petang","5","Bahasa Tolaki","Sulawesi Tenggara"
"petani","5","Bahasa Tolaki","Sulawesi Tenggara"
"petaninya","5","Bahasa Tolaki","Sulawesi Tenggara"
"pintu","5","Bahasa Tolaki","Sulawesi Tenggara"
"pisau","5","Bahasa Tolaki","Sulawesi Tenggara"
"pohon","5","Bahasa Tolaki","Sulawesi Tenggara"
"prakteknya","5","Bahasa Tolaki","Sulawesi Tenggara"
"pria","5","Bahasa Tolaki","Sulawesi Tenggara"
"pribadi","5","Bahasa Tolaki","Sulawesi Tenggara"
"pribumi","5","Bahasa Tolaki","Sulawesi Tenggara"
"produk","5","Bahasa Tolaki","Sulawesi Tenggara"
"produksi","5","Bahasa Tolaki","Sulawesi Tenggara"
"program","5","Bahasa Tolaki","Sulawesi Tenggara"
"pudar","5","Bahasa Tolaki","Sulawesi Tenggara"
"pula","5","Bahasa Tolaki","Sulawesi Tenggara"
"pulang","5","Bahasa Tolaki","Sulawesi Tenggara"
"pusat","5","Bahasa Tolaki","Sulawesi Tenggara"
"putar","5","Bahasa Tolaki","Sulawesi Tenggara"
"putih","5","Bahasa Tolaki","Sulawesi Tenggara"
"rakyat","5","Bahasa Tolaki","Sulawesi Tenggara"
"ramadhan","5","Bahasa Tolaki","Sulawesi Tenggara"
"rambut","5","Bahasa Tolaki","Sulawesi Tenggara"
"rame","5","Bahasa Tolaki","Sulawesi Tenggara"
"rampok","5","Bahasa Tolaki","Sulawesi Tenggara"
"rapi","5","Bahasa Tolaki","Sulawesi Tenggara"
"rasa","5","Bahasa Tolaki","Sulawesi Tenggara"
"rata","5","Bahasa Tolaki","Sulawesi Tenggara"
"ratu","5","Bahasa Tolaki","Sulawesi Tenggara"
"rawa","5","Bahasa Tolaki","Sulawesi Tenggara"
"rayap","5","Bahasa Tolaki","Sulawesi Tenggara"
"remaja","5","Bahasa Tolaki","Sulawesi Tenggara"
"rindu","5","Bahasa Tolaki","Sulawesi Tenggara"
"rokok","5","Bahasa Tolaki","Sulawesi Tenggara"
"rokoknya","5","Bahasa Tolaki","Sulawesi Tenggara"
"rontok","5","Bahasa Tolaki","Sulawesi Tenggara"
"rotan","5","Bahasa Tolaki","Sulawesi Tenggara"
"ruangan","5","Bahasa Tolaki","Sulawesi Tenggara"
"rugi","5","Bahasa Tolaki","Sulawesi Tenggara"
"rujukan","5","Bahasa Tolaki","Sulawesi Tenggara"
"rukun","5","Bahasa Tolaki","Sulawesi Tenggara"
"rumah","5","Bahasa Tolaki","Sulawesi Tenggara"
"rumah tangga","5","Bahasa Tolaki","Sulawesi Tenggara"
"rumpun","5","Bahasa Tolaki","Sulawesi Tenggara"
"rupanya","5","Bahasa Tolaki","Sulawesi Tenggara"
"rusa","5","Bahasa Tolaki","Sulawesi Tenggara"
"rutinnya","5","Bahasa Tolaki","Sulawesi Tenggara"
"saat","5","Bahasa Tolaki","Sulawesi Tenggara"
"sakit-sakitan","5","Bahasa Tolaki","Sulawesi Tenggara"
"saksikan","5","Bahasa Tolaki","Sulawesi Tenggara"
"salah satu","5","Bahasa Tolaki","Sulawesi Tenggara"
"salah satunya","5","Bahasa Tolaki","Sulawesi Tenggara"
"seberang","5","Bahasa Tolaki","Sulawesi Tenggara"
"seberapa","5","Bahasa Tolaki","Sulawesi Tenggara"
"sejajar","5","Bahasa Tolaki","Sulawesi Tenggara"
"sejalan","5","Bahasa Tolaki","Sulawesi Tenggara"
"sejarah","5","Bahasa Tolaki","Sulawesi Tenggara"
"sekolah","5","Bahasa Tolaki","Sulawesi Tenggara"
"sekolahnya","5","Bahasa Tolaki","Sulawesi Tenggara"
"sekongkol","5","Bahasa Tolaki","Sulawesi Tenggara"
"sekotamadya","5","Bahasa Tolaki","Sulawesi Tenggara"
"seks","5","Bahasa Tolaki","Sulawesi Tenggara"
"sekurang-kurangnya","5","Bahasa Tolaki","Sulawesi Tenggara"
"sel","5","Bahasa Tolaki","Sulawesi Tenggara"
"selain","5","Bahasa Tolaki","Sulawesi Tenggara"
"selain itu","5","Bahasa Tolaki","Sulawesi Tenggara"
"selaku","5","Bahasa Tolaki","Sulawesi Tenggara"
"sempitnya","5","Bahasa Tolaki","Sulawesi Tenggara"
"sempurna","5","Bahasa Tolaki","Sulawesi Tenggara"
"semut","5","Bahasa Tolaki","Sulawesi Tenggara"
"senang","5","Bahasa Tolaki","Sulawesi Tenggara"
"senapan","5","Bahasa Tolaki","Sulawesi Tenggara"
"senapannya","5","Bahasa Tolaki","Sulawesi Tenggara"
"senat","5","Bahasa Tolaki","Sulawesi Tenggara"
"senator","5","Bahasa Tolaki","Sulawesi Tenggara"
"sendirian","5","Bahasa Tolaki","Sulawesi Tenggara"
"sendok","5","Bahasa Tolaki","Sulawesi Tenggara"
"seng","5","Bahasa Tolaki","Sulawesi Tenggara"
"senggol","5","Bahasa Tolaki","Sulawesi Tenggara"
"sengsara","5","Bahasa Tolaki","Sulawesi Tenggara"
"Seni","5","Bahasa Tolaki","Sulawesi Tenggara"
"sentuh","5","Bahasa Tolaki","Sulawesi Tenggara"
"sering","5","Bahasa Tolaki","Sulawesi Tenggara"
"sesuai","5","Bahasa Tolaki","Sulawesi Tenggara"
"sial","5","Bahasa Tolaki","Sulawesi Tenggara"
"siap","5","Bahasa Tolaki","Sulawesi Tenggara"
"siapa","5","Bahasa Tolaki","Sulawesi Tenggara"
"siapakah","5","Bahasa Tolaki","Sulawesi Tenggara"
"siapapun","5","Bahasa Tolaki","Sulawesi Tenggara"
"siapkan","5","Bahasa Tolaki","Sulawesi Tenggara"
"sifat","5","Bahasa Tolaki","Sulawesi Tenggara"
"simpul","5","Bahasa Tolaki","Sulawesi Tenggara"
"sindiran","5","Bahasa Tolaki","Sulawesi Tenggara"
"singa","5","Bahasa Tolaki","Sulawesi Tenggara"
"singkat","5","Bahasa Tolaki","Sulawesi Tenggara"
"singkatan","5","Bahasa Tolaki","Sulawesi Tenggara"
"singkong","5","Bahasa Tolaki","Sulawesi Tenggara"
"suami","5","Bahasa Tolaki","Sulawesi Tenggara"
"suamiku","5","Bahasa Tolaki","Sulawesi Tenggara"
"suaminya","5","Bahasa Tolaki","Sulawesi Tenggara"
"suara","5","Bahasa Tolaki","Sulawesi Tenggara"
"suaranya","5","Bahasa Tolaki","Sulawesi Tenggara"
"suci","5","Bahasa Tolaki","Sulawesi Tenggara"
"sulit","5","Bahasa Tolaki","Sulawesi Tenggara"
"sumur","5","Bahasa Tolaki","Sulawesi Tenggara"
"sungai","5","Bahasa Tolaki","Sulawesi Tenggara"
"supaya","5","Bahasa Tolaki","Sulawesi Tenggara"
"susu","5","Bahasa Tolaki","Sulawesi Tenggara"
"susunan","5","Bahasa Tolaki","Sulawesi Tenggara"
"taat","5","Bahasa Tolaki","Sulawesi Tenggara"
"tabiat","5","Bahasa Tolaki","Sulawesi Tenggara"
"tablig","5","Bahasa Tolaki","Sulawesi Tenggara"
"tabu","5","Bahasa Tolaki","Sulawesi Tenggara"
"tadi","5","Bahasa Tolaki","Sulawesi Tenggara"
"takut","5","Bahasa Tolaki","Sulawesi Tenggara"
"tambahan","5","Bahasa Tolaki","Sulawesi Tenggara"
"tambat","5","Bahasa Tolaki","Sulawesi Tenggara"
"tampak","5","Bahasa Tolaki","Sulawesi Tenggara"
"tampung","5","Bahasa Tolaki","Sulawesi Tenggara"
"tamu","5","Bahasa Tolaki","Sulawesi Tenggara"
"tanam","5","Bahasa Tolaki","Sulawesi Tenggara"
"tegas","5","Bahasa Tolaki","Sulawesi Tenggara"
"teguh","5","Bahasa Tolaki","Sulawesi Tenggara"
"tema","5","Bahasa Tolaki","Sulawesi Tenggara"
"teman","5","Bahasa Tolaki","Sulawesi Tenggara"
"tenaga","5","Bahasa Tolaki","Sulawesi Tenggara"
"tenang","5","Bahasa Tolaki","Sulawesi Tenggara"
"tentu","5","Bahasa Tolaki","Sulawesi Tenggara"
"teorinya","5","Bahasa Tolaki","Sulawesi Tenggara"
"tepat","5","Bahasa Tolaki","Sulawesi Tenggara"
"tepatnya","5","Bahasa Tolaki","Sulawesi Tenggara"
"tepung","5","Bahasa Tolaki","Sulawesi Tenggara"
"terakhir","5","Bahasa Tolaki","Sulawesi Tenggara"
"teralami","5","Bahasa Tolaki","Sulawesi Tenggara"
"teramati","5","Bahasa Tolaki","Sulawesi Tenggara"
"terang","5","Bahasa Tolaki","Sulawesi Tenggara"
"terigu","5","Bahasa Tolaki","Sulawesi Tenggara"
"terima","5","Bahasa Tolaki","Sulawesi Tenggara"
"terima kasih","5","Bahasa Tolaki","Sulawesi Tenggara"
"tewas","5","Bahasa Tolaki","Sulawesi Tenggara"
"tiba","5","Bahasa Tolaki","Sulawesi Tenggara"
"tikus","5","Bahasa Tolaki","Sulawesi Tenggara"
"tinggal","5","Bahasa Tolaki","Sulawesi Tenggara"
"tokoh","5","Bahasa Tolaki","Sulawesi Tenggara"
"tolak","5","Bahasa Tolaki","Sulawesi Tenggara"
"toleransi","5","Bahasa Tolaki","Sulawesi Tenggara"
"tolong","5","Bahasa Tolaki","Sulawesi Tenggara"
"tuan","5","Bahasa Tolaki","Sulawesi Tenggara"
"tumbuh","5","Bahasa Tolaki","Sulawesi Tenggara"
"Tumbuhan","5","Bahasa Tolaki","Sulawesi Tenggara"
"tumpul","5","Bahasa Tolaki","Sulawesi Tenggara"
"tupai","5","Bahasa Tolaki","Sulawesi Tenggara"
"udang","5","Bahasa Tolaki","Sulawesi Tenggara"
"ular","5","Bahasa Tolaki","Sulawesi Tenggara"
"ulat","5","Bahasa Tolaki","Sulawesi Tenggara"
"umat","5","Bahasa Tolaki","Sulawesi Tenggara"
"umbi","5","Bahasa Tolaki","Sulawesi Tenggara"
"umpama","5","Bahasa Tolaki","Sulawesi Tenggara"
"upacara","5","Bahasa Tolaki","Sulawesi Tenggara"
"urusan","5","Bahasa Tolaki","Sulawesi Tenggara"
"usaha","5","Bahasa Tolaki","Sulawesi Tenggara"
"usia","5","Bahasa Tolaki","Sulawesi Tenggara"
"usul","5","Bahasa Tolaki","Sulawesi Tenggara"
"usus","5","Bahasa Tolaki","Sulawesi Tenggara"
"utama","5","Bahasa Tolaki","Sulawesi Tenggara"
"utang","5","Bahasa Tolaki","Sulawesi Tenggara"
"utara","5","Bahasa Tolaki","Sulawesi Tenggara"
"Violet","5","Bahasa Tolaki","Sulawesi Tenggara"
"wajah","5","Bahasa Tolaki","Sulawesi Tenggara"
"wajahnya","5","Bahasa Tolaki","Sulawesi Tenggara"
"wajar","5","Bahasa Tolaki","Sulawesi Tenggara"
"wajib","5","Bahasa Tolaki","Sulawesi Tenggara"
"waktunya","5","Bahasa Tolaki","Sulawesi Tenggara"
"wanita","5","Bahasa Tolaki","Sulawesi Tenggara"
"warna","5","Bahasa Tolaki","Sulawesi Tenggara"