"abad","1","Bahasa Madura","Jawa Timur"
"abadi","2","Bahasa Madura","Jawa Timur"
"abang","3","Bahasa Madura","Jawa Timur"
"acak","4","Bahasa Madura","Jawa Timur"
"acara","5","Bahasa Madura","Jawa Timur"
"acaranya","5","Bahasa Madura","Jawa Timur"
"ada","5","Bahasa Madura","Jawa Timur"
"adu","5","Bahasa Madura","Jawa Timur"
"agak","5","Bahasa Madura","Jawa Timur"
"agar","5","Bahasa Madura","Jawa Timur"
"air","5","Bahasa Madura","Jawa Timur"
"ajaran","5","Bahasa Madura","Jawa Timur"
"akal","5","Bahasa Madura","Jawa Timur"
"akan","5","Bahasa Madura","Jawa Timur"
"akar","5","Bahasa Madura","Jawa Timur"
"akhir","5","Bahasa Madura","Jawa Timur"
"akhirat","5","Bahasa Madura","Jawa Timur"
"akhirnya","5","Bahasa Madura","Jawa Timur"
"akibat","5","Bahasa Madura","Jawa Timur"
"aktif","5","Bahasa Madura","Jawa Timur"
"akun","5","Bahasa Madura","Jawa Timur"
"akur","5","Bahasa Madura","Jawa Timur"
"alam","5","Bahasa Madura","Jawa Timur"
"alamat","5","Bahasa Madura","Jawa Timur"
"aman","5","Bahasa Madura","Jawa Timur"
"amanah","5","Bahasa Madura","Jawa Timur"
"anak","5","Bahasa Madura","Jawa Timur"
"anak-anak","5","Bahasa Madura","Jawa Timur"
"anggota","5","Bahasa Madura","Jawa Timur"
"angsa","5","Bahasa Madura","Jawa Timur"
"anjing","5","Bahasa Madura","Jawa Timur"
"anting","5","Bahasa Madura","Jawa Timur"
"antri","5","Bahasa Madura","Jawa Timur"
"anugerah","5","Bahasa Madura","Jawa Timur"
"apa","5","Bahasa Madura","Jawa Timur"
"api","5","Bahasa Madura","Jawa Timur"
"asin","5","Bahasa Madura","Jawa Timur"
"asing","5","Bahasa Madura","Jawa Timur"
"asli","5","Bahasa Madura","Jawa Timur"
"aslinya","5","Bahasa Madura","Jawa Timur"
"asri","5","Bahasa Madura","Jawa Timur"
"asyik","5","Bahasa Madura","Jawa Timur"
"atap","5","Bahasa Madura","Jawa Timur"
"atas","5","Bahasa Madura","Jawa Timur"
"atlet","5","Bahasa Madura","Jawa Timur"
"awet","5","Bahasa Madura","Jawa Timur"
"ayah","5","Bahasa Madura","Jawa Timur"
"ayahnya","5","Bahasa Madura","Jawa Timur"
"ayam","5","Bahasa Madura","Jawa Timur"
"ayo","5","Bahasa Madura","Jawa Timur"
"babak","5","Bahasa Madura","Jawa Timur"
"babi","5","Bahasa Madura","Jawa Timur"
"bacaan","5","Bahasa Madura","Jawa Timur"
"bada","5","Bahasa Madura","Jawa Timur"
"badakÂ ","5","Bahasa Madura","Jawa Timur"
"bagian","5","Bahasa Madura","Jawa Timur"
"bagus","5","Bahasa Madura","Jawa Timur"
"bahagia","5","Bahasa Madura","Jawa Timur"
"bahan","5","Bahasa Madura","Jawa Timur"
"bahasa","5","Bahasa Madura","Jawa Timur"
"bahkan","5","Bahasa Madura","Jawa Timur"
"baik","5","Bahasa Madura","Jawa Timur"
"baiknya","5","Bahasa Madura","Jawa Timur"
"bait","5","Bahasa Madura","Jawa Timur"
"baja","5","Bahasa Madura","Jawa Timur"
"baju","5","Bahasa Madura","Jawa Timur"
"bakal","5","Bahasa Madura","Jawa Timur"
"bakar","5","Bahasa Madura","Jawa Timur"
"bakat","5","Bahasa Madura","Jawa Timur"
"bakti","5","Bahasa Madura","Jawa Timur"
"balai","5","Bahasa Madura","Jawa Timur"
"balas","5","Bahasa Madura","Jawa Timur"
"balasan","5","Bahasa Madura","Jawa Timur"
"balik","5","Bahasa Madura","Jawa Timur"
"bambu","5","Bahasa Madura","Jawa Timur"
"banding","5","Bahasa Madura","Jawa Timur"
"banget","5","Bahasa Madura","Jawa Timur"
"bangga","5","Bahasa Madura","Jawa Timur"
"bangganya","5","Bahasa Madura","Jawa Timur"
"bangkai","5","Bahasa Madura","Jawa Timur"
"bangkit","5","Bahasa Madura","Jawa Timur"
"bangsa","5","Bahasa Madura","Jawa Timur"
"bangunan","5","Bahasa Madura","Jawa Timur"
"banjir","5","Bahasa Madura","Jawa Timur"
"bank","5","Bahasa Madura","Jawa Timur"
"banteng","5","Bahasa Madura","Jawa Timur"
"banting","5","Bahasa Madura","Jawa Timur"
"bantingan","5","Bahasa Madura","Jawa Timur"
"bantu","5","Bahasa Madura","Jawa Timur"
"bantuan","5","Bahasa Madura","Jawa Timur"
"banyak","5","Bahasa Madura","Jawa Timur"
"bapak","5","Bahasa Madura","Jawa Timur"
"barang","5","Bahasa Madura","Jawa Timur"
"barangkali","5","Bahasa Madura","Jawa Timur"
"basi","5","Bahasa Madura","Jawa Timur"
"batuk","5","Bahasa Madura","Jawa Timur"
"bau","5","Bahasa Madura","Jawa Timur"
"bawah","5","Bahasa Madura","Jawa Timur"
"Bawang Merah","5","Bahasa Madura","Jawa Timur"
"Bawang Putih","5","Bahasa Madura","Jawa Timur"
"bayi","5","Bahasa Madura","Jawa Timur"
"beban","5","Bahasa Madura","Jawa Timur"
"bebas","5","Bahasa Madura","Jawa Timur"
"bekerja","5","Bahasa Madura","Jawa Timur"
"belajar","5","Bahasa Madura","Jawa Timur"
"belalang","5","Bahasa Madura","Jawa Timur"
"belanja","5","Bahasa Madura","Jawa Timur"
"belasan","5","Bahasa Madura","Jawa Timur"
"beli","5","Bahasa Madura","Jawa Timur"
"belum","5","Bahasa Madura","Jawa Timur"
"bencana","5","Bahasa Madura","Jawa Timur"
"benda","5","Bahasa Madura","Jawa Timur"
"bendera","5","Bahasa Madura","Jawa Timur"
"benih","5","Bahasa Madura","Jawa Timur"
"bentuk","5","Bahasa Madura","Jawa Timur"
"beradu","5","Bahasa Madura","Jawa Timur"
"beragam","5","Bahasa Madura","Jawa Timur"
"berair","5","Bahasa Madura","Jawa Timur"
"beraksi","5","Bahasa Madura","Jawa Timur"
"berang-berang","5","Bahasa Madura","Jawa Timur"
"berani","5","Bahasa Madura","Jawa Timur"
"berantakan","5","Bahasa Madura","Jawa Timur"
"berapa","5","Bahasa Madura","Jawa Timur"
"berapi","5","Bahasa Madura","Jawa Timur"
"berarti","5","Bahasa Madura","Jawa Timur"
"beras","5","Bahasa Madura","Jawa Timur"
"berat","5","Bahasa Madura","Jawa Timur"
"berayun","5","Bahasa Madura","Jawa Timur"
"berbagai","5","Bahasa Madura","Jawa Timur"
"berbagi","5","Bahasa Madura","Jawa Timur"
"berbahaya","5","Bahasa Madura","Jawa Timur"
"berbakti","5","Bahasa Madura","Jawa Timur"
"berbantah","5","Bahasa Madura","Jawa Timur"
"berbantahan","5","Bahasa Madura","Jawa Timur"
"berbarengan","5","Bahasa Madura","Jawa Timur"
"berbekal","5","Bahasa Madura","Jawa Timur"
"berbisnis","5","Bahasa Madura","Jawa Timur"
"berburu","5","Bahasa Madura","Jawa Timur"
"bercakap","5","Bahasa Madura","Jawa Timur"
"berceceran","5","Bahasa Madura","Jawa Timur"
"bercengkrama","5","Bahasa Madura","Jawa Timur"
"bercerai","5","Bahasa Madura","Jawa Timur"
"bercermin","5","Bahasa Madura","Jawa Timur"
"bercocok tanam","5","Bahasa Madura","Jawa Timur"
"berdasar","5","Bahasa Madura","Jawa Timur"
"berdecak","5","Bahasa Madura","Jawa Timur"
"berdekatan","5","Bahasa Madura","Jawa Timur"
"berdering","5","Bahasa Madura","Jawa Timur"
"berdikari","5","Bahasa Madura","Jawa Timur"
"berdiri","5","Bahasa Madura","Jawa Timur"
"berdua","5","Bahasa Madura","Jawa Timur"
"berduaan","5","Bahasa Madura","Jawa Timur"
"beres","5","Bahasa Madura","Jawa Timur"
"berfikir","5","Bahasa Madura","Jawa Timur"
"berganti","5","Bahasa Madura","Jawa Timur"
"bergelar","5","Bahasa Madura","Jawa Timur"
"bergerak","5","Bahasa Madura","Jawa Timur"
"berharap","5","Bahasa Madura","Jawa Timur"
"berhenti","5","Bahasa Madura","Jawa Timur"
"beri","5","Bahasa Madura","Jawa Timur"
"beringas","5","Bahasa Madura","Jawa Timur"
"berisi","5","Bahasa Madura","Jawa Timur"
"berjuang","5","Bahasa Madura","Jawa Timur"
"berjumpa","5","Bahasa Madura","Jawa Timur"
"berlari","5","Bahasa Madura","Jawa Timur"
"bermain","5","Bahasa Madura","Jawa Timur"
"beruang","5","Bahasa Madura","Jawa Timur"
"biawak","5","Bahasa Madura","Jawa Timur"
"Binatang","5","Bahasa Madura","Jawa Timur"
"Biru","5","Bahasa Madura","Jawa Timur"
"Buah-buahan","5","Bahasa Madura","Jawa Timur"
"buaya","5","Bahasa Madura","Jawa Timur"
"Buku","5","Bahasa Madura","Jawa Timur"
"bunda","5","Bahasa Madura","Jawa Timur"
"bunga","5","Bahasa Madura","Jawa Timur"
"bungkam","5","Bahasa Madura","Jawa Timur"
"bungkuk","5","Bahasa Madura","Jawa Timur"
"bungkus","5","Bahasa Madura","Jawa Timur"
"bungkusnya","5","Bahasa Madura","Jawa Timur"
"bunglon","5","Bahasa Madura","Jawa Timur"
"bungsu","5","Bahasa Madura","Jawa Timur"
"bunyi","5","Bahasa Madura","Jawa Timur"
"buram","5","Bahasa Madura","Jawa Timur"
"buruh","5","Bahasa Madura","Jawa Timur"
"burung","5","Bahasa Madura","Jawa Timur"
"buta","5","Bahasa Madura","Jawa Timur"
"cabai","5","Bahasa Madura","Jawa Timur"
"cabang","5","Bahasa Madura","Jawa Timur"
"cacat","5","Bahasa Madura","Jawa Timur"
"cacing","5","Bahasa Madura","Jawa Timur"
"cadangan","5","Bahasa Madura","Jawa Timur"
"cahaya","5","Bahasa Madura","Jawa Timur"
"cakap","5","Bahasa Madura","Jawa Timur"
"cakupan","5","Bahasa Madura","Jawa Timur"
"calon","5","Bahasa Madura","Jawa Timur"
"campur","5","Bahasa Madura","Jawa Timur"
"campuran","5","Bahasa Madura","Jawa Timur"
"capung","5","Bahasa Madura","Jawa Timur"
"cara","5","Bahasa Madura","Jawa Timur"
"cari","5","Bahasa Madura","Jawa Timur"
"cecak","5","Bahasa Madura","Jawa Timur"
"cemberut","5","Bahasa Madura","Jawa Timur"
"cerdas","5","Bahasa Madura","Jawa Timur"
"cicit","5","Bahasa Madura","Jawa Timur"
"cincin","5","Bahasa Madura","Jawa Timur"
"cinta","5","Bahasa Madura","Jawa Timur"
"Coklat","5","Bahasa Madura","Jawa Timur"
"cucu","5","Bahasa Madura","Jawa Timur"
"dalam","5","Bahasa Madura","Jawa Timur"
"dapat","5","Bahasa Madura","Jawa Timur"
"dapur","5","Bahasa Madura","Jawa Timur"
"debug","5","Bahasa Madura","Jawa Timur"
"delta","5","Bahasa Madura","Jawa Timur"
"dermawan","5","Bahasa Madura","Jawa Timur"
"desain","5","Bahasa Madura","Jawa Timur"
"detail","5","Bahasa Madura","Jawa Timur"
"doktor","5","Bahasa Madura","Jawa Timur"
"doktrin","5","Bahasa Madura","Jawa Timur"
"dokumen","5","Bahasa Madura","Jawa Timur"
"domba","5","Bahasa Madura","Jawa Timur"
"dosa","5","Bahasa Madura","Jawa Timur"
"duanya","5","Bahasa Madura","Jawa Timur"
"dubur","5","Bahasa Madura","Jawa Timur"
"duda","5","Bahasa Madura","Jawa Timur"
"duduk","5","Bahasa Madura","Jawa Timur"
"duitnya","5","Bahasa Madura","Jawa Timur"
"dukung","5","Bahasa Madura","Jawa Timur"
"dulunya","5","Bahasa Madura","Jawa Timur"
"dunia","5","Bahasa Madura","Jawa Timur"
"edarkan","5","Bahasa Madura","Jawa Timur"
"ekor","5","Bahasa Madura","Jawa Timur"
"Emas","5","Bahasa Madura","Jawa Timur"
"embun","5","Bahasa Madura","Jawa Timur"
"empat","5","Bahasa Madura","Jawa Timur"
"empedu","5","Bahasa Madura","Jawa Timur"
"empuk","5","Bahasa Madura","Jawa Timur"
"enak","5","Bahasa Madura","Jawa Timur"
"erat","5","Bahasa Madura","Jawa Timur"
"fasih","5","Bahasa Madura","Jawa Timur"
"februari","5","Bahasa Madura","Jawa Timur"
"foto","5","Bahasa Madura","Jawa Timur"
"fotonya","5","Bahasa Madura","Jawa Timur"
"gajah","5","Bahasa Madura","Jawa Timur"
"ganda","5","Bahasa Madura","Jawa Timur"
"ganteng","5","Bahasa Madura","Jawa Timur"
"garis","5","Bahasa Madura","Jawa Timur"
"gelang","5","Bahasa Madura","Jawa Timur"
"gerhana","5","Bahasa Madura","Jawa Timur"
"geser","5","Bahasa Madura","Jawa Timur"
"gesit","5","Bahasa Madura","Jawa Timur"
"gigi","5","Bahasa Madura","Jawa Timur"
"gila","5","Bahasa Madura","Jawa Timur"
"Gitar","5","Bahasa Madura","Jawa Timur"
"golok","5","Bahasa Madura","Jawa Timur"
"gorila","5","Bahasa Madura","Jawa Timur"
"gratisan","5","Bahasa Madura","Jawa Timur"
"gudang","5","Bahasa Madura","Jawa Timur"
"gula","5","Bahasa Madura","Jawa Timur"
"gulat","5","Bahasa Madura","Jawa Timur"
"gunanya","5","Bahasa Madura","Jawa Timur"
"guncang","5","Bahasa Madura","Jawa Timur"
"gunung","5","Bahasa Madura","Jawa Timur"
"gurih","5","Bahasa Madura","Jawa Timur"
"guru","5","Bahasa Madura","Jawa Timur"
"habis","5","Bahasa Madura","Jawa Timur"
"habis-habisan","5","Bahasa Madura","Jawa Timur"
"habiskan","5","Bahasa Madura","Jawa Timur"
"hadapi","5","Bahasa Madura","Jawa Timur"
"hadir","5","Bahasa Madura","Jawa Timur"
"hajat","5","Bahasa Madura","Jawa Timur"
"haji","5","Bahasa Madura","Jawa Timur"
"hak","5","Bahasa Madura","Jawa Timur"
"hakim","5","Bahasa Madura","Jawa Timur"
"hal","5","Bahasa Madura","Jawa Timur"
"halangi","5","Bahasa Madura","Jawa Timur"
"hambatan","5","Bahasa Madura","Jawa Timur"
"hangat","5","Bahasa Madura","Jawa Timur"
"hanyut","5","Bahasa Madura","Jawa Timur"
"harga","5","Bahasa Madura","Jawa Timur"
"harimau","5","Bahasa Madura","Jawa Timur"
"harimau/macan","5","Bahasa Madura","Jawa Timur"
"harinya","5","Bahasa Madura","Jawa Timur"
"harum","5","Bahasa Madura","Jawa Timur"
"harus","5","Bahasa Madura","Jawa Timur"
"hasilnya","5","Bahasa Madura","Jawa Timur"
"hati","5","Bahasa Madura","Jawa Timur"
"hati-hati","5","Bahasa Madura","Jawa Timur"
"hendak","5","Bahasa Madura","Jawa Timur"
"hendaknya","5","Bahasa Madura","Jawa Timur"
"herbivora","5","Bahasa Madura","Jawa Timur"
"heroik","5","Bahasa Madura","Jawa Timur"
"Hewan Peliharaan","5","Bahasa Madura","Jawa Timur"
"hiburan","5","Bahasa Madura","Jawa Timur"
"hidup","5","Bahasa Madura","Jawa Timur"
"hidupnya","5","Bahasa Madura","Jawa Timur"
"Hijau","5","Bahasa Madura","Jawa Timur"
"hikmah","5","Bahasa Madura","Jawa Timur"
"hitam","5","Bahasa Madura","Jawa Timur"
"hitung","5","Bahasa Madura","Jawa Timur"
"hiu","5","Bahasa Madura","Jawa Timur"
"honor","5","Bahasa Madura","Jawa Timur"
"hormat","5","Bahasa Madura","Jawa Timur"
"hotel","5","Bahasa Madura","Jawa Timur"
"ikan","5","Bahasa Madura","Jawa Timur"
"ingin","5","Bahasa Madura","Jawa Timur"
"intinya","5","Bahasa Madura","Jawa Timur"
"istana","5","Bahasa Madura","Jawa Timur"
"isteri","5","Bahasa Madura","Jawa Timur"
"istirahat","5","Bahasa Madura","Jawa Timur"
"istri","5","Bahasa Madura","Jawa Timur"
"izin","5","Bahasa Madura","Jawa Timur"
"jadi","5","Bahasa Madura","Jawa Timur"
"jadwal","5","Bahasa Madura","Jawa Timur"
"jagat","5","Bahasa Madura","Jawa Timur"
"jago","5","Bahasa Madura","Jawa Timur"
"Jahe","5","Bahasa Madura","Jawa Timur"
"jahil","5","Bahasa Madura","Jawa Timur"
"jahit","5","Bahasa Madura","Jawa Timur"
"jajahan","5","Bahasa Madura","Jawa Timur"
"jajaran","5","Bahasa Madura","Jawa Timur"
"Jakarta","5","Bahasa Madura","Jawa Timur"
"jalan","5","Bahasa Madura","Jawa Timur"
"jalani","5","Bahasa Madura","Jawa Timur"
"jalankan","5","Bahasa Madura","Jawa Timur"
"jamur","5","Bahasa Madura","Jawa Timur"
"janda","5","Bahasa Madura","Jawa Timur"
"jangan","5","Bahasa Madura","Jawa Timur"
"jangankan","5","Bahasa Madura","Jawa Timur"
"jantan","5","Bahasa Madura","Jawa Timur"
"jari","5","Bahasa Madura","Jawa Timur"
"jaringan","5","Bahasa Madura","Jawa Timur"
"jatuh","5","Bahasa Madura","Jawa Timur"
"jawabnya","5","Bahasa Madura","Jawa Timur"
"jelantah","5","Bahasa Madura","Jawa Timur"
"jelek","5","Bahasa Madura","Jawa Timur"
"Jenis Kain","5","Bahasa Madura","Jawa Timur"
"jenis kelamin","5","Bahasa Madura","Jawa Timur"
"jera","5","Bahasa Madura","Jawa Timur"
"jerapah","5","Bahasa Madura","Jawa Timur"
"Jeruk","5","Bahasa Madura","Jawa Timur"
"Jeruk Nipis","5","Bahasa Madura","Jawa Timur"
"Jeruk Purut","5","Bahasa Madura","Jawa Timur"
"jewer","5","Bahasa Madura","Jawa Timur"
"kagum","5","Bahasa Madura","Jawa Timur"
"kail","5","Bahasa Madura","Jawa Timur"
"karena","5","Bahasa Madura","Jawa Timur"
"kebanyakan","5","Bahasa Madura","Jawa Timur"
"kebijakan","5","Bahasa Madura","Jawa Timur"
"kecintaan","5","Bahasa Madura","Jawa Timur"
"kediaman","5","Bahasa Madura","Jawa Timur"
"kedipan","5","Bahasa Madura","Jawa Timur"
"kedudukan","5","Bahasa Madura","Jawa Timur"
"kehilangan","5","Bahasa Madura","Jawa Timur"
"kehilangan/kalah","5","Bahasa Madura","Jawa Timur"
"kehormatan","5","Bahasa Madura","Jawa Timur"
"kehutanan","5","Bahasa Madura","Jawa Timur"
"kejam","5","Bahasa Madura","Jawa Timur"
"kejar","5","Bahasa Madura","Jawa Timur"
"kekacauan","5","Bahasa Madura","Jawa Timur"
"kekar","5","Bahasa Madura","Jawa Timur"
"kekayaan","5","Bahasa Madura","Jawa Timur"
"kekhawatiran","5","Bahasa Madura","Jawa Timur"
"kelak","5","Bahasa Madura","Jawa Timur"
"kelas","5","Bahasa Madura","Jawa Timur"
"keledai","5","Bahasa Madura","Jawa Timur"
"kelelawar","5","Bahasa Madura","Jawa Timur"
"kelihatan","5","Bahasa Madura","Jawa Timur"
"kelihatannya","5","Bahasa Madura","Jawa Timur"
"keliling","5","Bahasa Madura","Jawa Timur"
"kelima","5","Bahasa Madura","Jawa Timur"
"kelinci","5","Bahasa Madura","Jawa Timur"
"keliru","5","Bahasa Madura","Jawa Timur"
"kelompok","5","Bahasa Madura","Jawa Timur"
"keluar","5","Bahasa Madura","Jawa Timur"
"kelurahan","5","Bahasa Madura","Jawa Timur"
"keluyuran","5","Bahasa Madura","Jawa Timur"
"kemampuan","5","Bahasa Madura","Jawa Timur"
"kemandirian","5","Bahasa Madura","Jawa Timur"
"kemarau","5","Bahasa Madura","Jawa Timur"
"kematian","5","Bahasa Madura","Jawa Timur"
"kembali","5","Bahasa Madura","Jawa Timur"
"kemekaran","5","Bahasa Madura","Jawa Timur"
"Kemiri","5","Bahasa Madura","Jawa Timur"
"kendaraan","5","Bahasa Madura","Jawa Timur"
"kendati","5","Bahasa Madura","Jawa Timur"
"kental","5","Bahasa Madura","Jawa Timur"
"kentut","5","Bahasa Madura","Jawa Timur"
"kepadanya","5","Bahasa Madura","Jawa Timur"
"kepal","5","Bahasa Madura","Jawa Timur"
"kepala","5","Bahasa Madura","Jawa Timur"
"kepiting","5","Bahasa Madura","Jawa Timur"
"kera/monyet","5","Bahasa Madura","Jawa Timur"
"kerudung","5","Bahasa Madura","Jawa Timur"
"kerusakan","5","Bahasa Madura","Jawa Timur"
"kerusakannya","5","Bahasa Madura","Jawa Timur"
"kesadaran","5","Bahasa Madura","Jawa Timur"
"kesal","5","Bahasa Madura","Jawa Timur"
"kesalahan","5","Bahasa Madura","Jawa Timur"
"kesejahteraan","5","Bahasa Madura","Jawa Timur"
"keselamatan","5","Bahasa Madura","Jawa Timur"
"Ketumbar","5","Bahasa Madura","Jawa Timur"
"kewajiban","5","Bahasa Madura","Jawa Timur"
"kewalahan","5","Bahasa Madura","Jawa Timur"
"keyakinan","5","Bahasa Madura","Jawa Timur"
"kiamat","5","Bahasa Madura","Jawa Timur"
"kidal","5","Bahasa Madura","Jawa Timur"
"kilometer","5","Bahasa Madura","Jawa Timur"
"kiosnya","5","Bahasa Madura","Jawa Timur"
"kira","5","Bahasa Madura","Jawa Timur"
"kiranya","5","Bahasa Madura","Jawa Timur"
"kiri","5","Bahasa Madura","Jawa Timur"
"kirim","5","Bahasa Madura","Jawa Timur"
"kita","5","Bahasa Madura","Jawa Timur"
"kodok","5","Bahasa Madura","Jawa Timur"
"kok","5","Bahasa Madura","Jawa Timur"
"kolom","5","Bahasa Madura","Jawa Timur"
"koma","5","Bahasa Madura","Jawa Timur"
"Kopi","5","Bahasa Madura","Jawa Timur"
"korosi","5","Bahasa Madura","Jawa Timur"
"krisis","5","Bahasa Madura","Jawa Timur"
"kristen","5","Bahasa Madura","Jawa Timur"
"kritik","5","Bahasa Madura","Jawa Timur"
"kritis","5","Bahasa Madura","Jawa Timur"
"kuasa","5","Bahasa Madura","Jawa Timur"
"kuatir","5","Bahasa Madura","Jawa Timur"
"kucing","5","Bahasa Madura","Jawa Timur"
"kuda","5","Bahasa Madura","Jawa Timur"
"kudeta","5","Bahasa Madura","Jawa Timur"
"kue","5","Bahasa Madura","Jawa Timur"
"kukuh","5","Bahasa Madura","Jawa Timur"
"kulum","5","Bahasa Madura","Jawa Timur"
"kumpul","5","Bahasa Madura","Jawa Timur"
"kumur","5","Bahasa Madura","Jawa Timur"
"kunang-kunang","5","Bahasa Madura","Jawa Timur"
"kunci","5","Bahasa Madura","Jawa Timur"
"kuning","5","Bahasa Madura","Jawa Timur"
"Kunyit","5","Bahasa Madura","Jawa Timur"
"kura-kura","5","Bahasa Madura","Jawa Timur"
"kurang","5","Bahasa Madura","Jawa Timur"
"kurus","5","Bahasa Madura","Jawa Timur"
"kusut","5","Bahasa Madura","Jawa Timur"
"laba-laba","5","Bahasa Madura","Jawa Timur"
"lagu","5","Bahasa Madura","Jawa Timur"
"lagunya","5","Bahasa Madura","Jawa Timur"
"lahan","5","Bahasa Madura","Jawa Timur"
"lahannya","5","Bahasa Madura","Jawa Timur"
"lahir","5","Bahasa Madura","Jawa Timur"
"lain","5","Bahasa Madura","Jawa Timur"
"lainnya","5","Bahasa Madura","Jawa Timur"
"laksamana","5","Bahasa Madura","Jawa Timur"
"laku","5","Bahasa Madura","Jawa Timur"
"lakukan","5","Bahasa Madura","Jawa Timur"
"lalu","5","Bahasa Madura","Jawa Timur"
"lalu lintas","5","Bahasa Madura","Jawa Timur"
"lama","5","Bahasa Madura","Jawa Timur"
"lancip","5","Bahasa Madura","Jawa Timur"
"langganan","5","Bahasa Madura","Jawa Timur"
"langit","5","Bahasa Madura","Jawa Timur"
"langka","5","Bahasa Madura","Jawa Timur"
"langkah","5","Bahasa Madura","Jawa Timur"
"langkahi","5","Bahasa Madura","Jawa Timur"
"lanjut","5","Bahasa Madura","Jawa Timur"
"lanjutnya","5","Bahasa Madura","Jawa Timur"
"lari","5","Bahasa Madura","Jawa Timur"
"laron","5","Bahasa Madura","Jawa Timur"
"latar","5","Bahasa Madura","Jawa Timur"
"layak","5","Bahasa Madura","Jawa Timur"
"lebah","5","Bahasa Madura","Jawa Timur"
"lebar","5","Bahasa Madura","Jawa Timur"
"lega","5","Bahasa Madura","Jawa Timur"
"leher","5","Bahasa Madura","Jawa Timur"
"lelah","5","Bahasa Madura","Jawa Timur"
"lelaki","5","Bahasa Madura","Jawa Timur"
"leluasa","5","Bahasa Madura","Jawa Timur"
"leluhur","5","Bahasa Madura","Jawa Timur"
"lemari","5","Bahasa Madura","Jawa Timur"
"lembab","5","Bahasa Madura","Jawa Timur"
"lempar","5","Bahasa Madura","Jawa Timur"
"lengah","5","Bahasa Madura","Jawa Timur"
"lengang","5","Bahasa Madura","Jawa Timur"
"lengkap","5","Bahasa Madura","Jawa Timur"
"lengkapnya","5","Bahasa Madura","Jawa Timur"
"lengkong","5","Bahasa Madura","Jawa Timur"
"lengkuas","5","Bahasa Madura","Jawa Timur"
"lengkung","5","Bahasa Madura","Jawa Timur"
"lepas","5","Bahasa Madura","Jawa Timur"
"letkol","5","Bahasa Madura","Jawa Timur"
"letnan","5","Bahasa Madura","Jawa Timur"
"licik","5","Bahasa Madura","Jawa Timur"
"lidah","5","Bahasa Madura","Jawa Timur"
"lihat","5","Bahasa Madura","Jawa Timur"
"lingkaran","5","Bahasa Madura","Jawa Timur"
"lipat","5","Bahasa Madura","Jawa Timur"
"lokasi","5","Bahasa Madura","Jawa Timur"
"lomba","5","Bahasa Madura","Jawa Timur"
"loncat","5","Bahasa Madura","Jawa Timur"
"longgar","5","Bahasa Madura","Jawa Timur"
"luar","5","Bahasa Madura","Jawa Timur"
"luar biasa","5","Bahasa Madura","Jawa Timur"
"lubang","5","Bahasa Madura","Jawa Timur"
"lucu","5","Bahasa Madura","Jawa Timur"
"luka","5","Bahasa Madura","Jawa Timur"
"luka berat","5","Bahasa Madura","Jawa Timur"
"lulus","5","Bahasa Madura","Jawa Timur"
"lulusan","5","Bahasa Madura","Jawa Timur"
"lumayan","5","Bahasa Madura","Jawa Timur"
"lumba-lumba","5","Bahasa Madura","Jawa Timur"
"lumut","5","Bahasa Madura","Jawa Timur"
"lunak","5","Bahasa Madura","Jawa Timur"
"lunas","5","Bahasa Madura","Jawa Timur"
"luntur","5","Bahasa Madura","Jawa Timur"
"lupa","5","Bahasa Madura","Jawa Timur"
"lusa","5","Bahasa Madura","Jawa Timur"
"lutut","5","Bahasa Madura","Jawa Timur"
"maaf","5","Bahasa Madura","Jawa Timur"
"mabuk","5","Bahasa Madura","Jawa Timur"
"macam","5","Bahasa Madura","Jawa Timur"
"madya","5","Bahasa Madura","Jawa Timur"
"Magenta","5","Bahasa Madura","Jawa Timur"
"maghrib","5","Bahasa Madura","Jawa Timur"
"mahal","5","Bahasa Madura","Jawa Timur"
"mahasiswa","5","Bahasa Madura","Jawa Timur"
"mahir","5","Bahasa Madura","Jawa Timur"
"malam","5","Bahasa Madura","Jawa Timur"
"malas","5","Bahasa Madura","Jawa Timur"
"mancung","5","Bahasa Madura","Jawa Timur"
"mandek","5","Bahasa Madura","Jawa Timur"
"mandi","5","Bahasa Madura","Jawa Timur"
"manfaat","5","Bahasa Madura","Jawa Timur"
"manfaatnya","5","Bahasa Madura","Jawa Timur"
"manggis","5","Bahasa Madura","Jawa Timur"
"manis","5","Bahasa Madura","Jawa Timur"
"manja","5","Bahasa Madura","Jawa Timur"
"manusia","5","Bahasa Madura","Jawa Timur"
"manyun","5","Bahasa Madura","Jawa Timur"
"marah","5","Bahasa Madura","Jawa Timur"
"martabat","5","Bahasa Madura","Jawa Timur"
"masa","5","Bahasa Madura","Jawa Timur"
"masing","5","Bahasa Madura","Jawa Timur"
"masjid","5","Bahasa Madura","Jawa Timur"
"maskawin","5","Bahasa Madura","Jawa Timur"
"massa","5","Bahasa Madura","Jawa Timur"
"masuk","5","Bahasa Madura","Jawa Timur"
"masyarakat","5","Bahasa Madura","Jawa Timur"
"mata","5","Bahasa Madura","Jawa Timur"
"matahari","5","Bahasa Madura","Jawa Timur"
"matanya","5","Bahasa Madura","Jawa Timur"
"Mawar","5","Bahasa Madura","Jawa Timur"
"maya","5","Bahasa Madura","Jawa Timur"
"media","5","Bahasa Madura","Jawa Timur"
"medis","5","Bahasa Madura","Jawa Timur"
"mei","5","Bahasa Madura","Jawa Timur"
"meja","5","Bahasa Madura","Jawa Timur"
"mekanik","5","Bahasa Madura","Jawa Timur"
"mekaniknya","5","Bahasa Madura","Jawa Timur"
"mekar","5","Bahasa Madura","Jawa Timur"
"melacur","5","Bahasa Madura","Jawa Timur"
"melakukan","5","Bahasa Madura","Jawa Timur"
"melanda","5","Bahasa Madura","Jawa Timur"
"melanggar","5","Bahasa Madura","Jawa Timur"
"melanjutkan","5","Bahasa Madura","Jawa Timur"
"melantik","5","Bahasa Madura","Jawa Timur"
"melarikan","5","Bahasa Madura","Jawa Timur"
"melayani","5","Bahasa Madura","Jawa Timur"
"melecehkan","5","Bahasa Madura","Jawa Timur"
"melekat","5","Bahasa Madura","Jawa Timur"
"meleleh","5","Bahasa Madura","Jawa Timur"
"melengkung","5","Bahasa Madura","Jawa Timur"
"melengkungkan","5","Bahasa Madura","Jawa Timur"
"melepaskan","5","Bahasa Madura","Jawa Timur"
"meletakkan","5","Bahasa Madura","Jawa Timur"
"meletus","5","Bahasa Madura","Jawa Timur"
"melihat","5","Bahasa Madura","Jawa Timur"
"melihat-lihat","5","Bahasa Madura","Jawa Timur"
"melindungi","5","Bahasa Madura","Jawa Timur"
"meliputi","5","Bahasa Madura","Jawa Timur"
"melotot","5","Bahasa Madura","Jawa Timur"
"melunakkan","5","Bahasa Madura","Jawa Timur"
"melupakan","5","Bahasa Madura","Jawa Timur"
"memadai","5","Bahasa Madura","Jawa Timur"
"memagari","5","Bahasa Madura","Jawa Timur"
"memahami","5","Bahasa Madura","Jawa Timur"
"memakai","5","Bahasa Madura","Jawa Timur"
"memakainya","5","Bahasa Madura","Jawa Timur"
"memalukan","5","Bahasa Madura","Jawa Timur"
"memancing","5","Bahasa Madura","Jawa Timur"
"memandang","5","Bahasa Madura","Jawa Timur"
"memanggang","5","Bahasa Madura","Jawa Timur"
"memanggil/menelpon","5","Bahasa Madura","Jawa Timur"
"memanjakan","5","Bahasa Madura","Jawa Timur"
"memantau","5","Bahasa Madura","Jawa Timur"
"memarahi","5","Bahasa Madura","Jawa Timur"
"memastikan","5","Bahasa Madura","Jawa Timur"
"memasukkan","5","Bahasa Madura","Jawa Timur"
"mematuk","5","Bahasa Madura","Jawa Timur"
"membaca","5","Bahasa Madura","Jawa Timur"
"membacanya","5","Bahasa Madura","Jawa Timur"
"membangkang","5","Bahasa Madura","Jawa Timur"
"membangun","5","Bahasa Madura","Jawa Timur"
"membantah","5","Bahasa Madura","Jawa Timur"
"membantu","5","Bahasa Madura","Jawa Timur"
"membara","5","Bahasa Madura","Jawa Timur"
"membasuh","5","Bahasa Madura","Jawa Timur"
"membatas","5","Bahasa Madura","Jawa Timur"
"membawa","5","Bahasa Madura","Jawa Timur"
"membayar","5","Bahasa Madura","Jawa Timur"
"membeku","5","Bahasa Madura","Jawa Timur"
"membeli","5","Bahasa Madura","Jawa Timur"
"membendung","5","Bahasa Madura","Jawa Timur"
"membentak","5","Bahasa Madura","Jawa Timur"
"memberantas","5","Bahasa Madura","Jawa Timur"
"memberi","5","Bahasa Madura","Jawa Timur"
"memberitakan","5","Bahasa Madura","Jawa Timur"
"membiarkan","5","Bahasa Madura","Jawa Timur"
"membicarakan","5","Bahasa Madura","Jawa Timur"
"membidik","5","Bahasa Madura","Jawa Timur"
"membuat","5","Bahasa Madura","Jawa Timur"
"membuatkan","5","Bahasa Madura","Jawa Timur"
"membuka","5","Bahasa Madura","Jawa Timur"
"membutuhkan","5","Bahasa Madura","Jawa Timur"
"memegang","5","Bahasa Madura","Jawa Timur"
"memelintir","5","Bahasa Madura","Jawa Timur"
"memendekkan","5","Bahasa Madura","Jawa Timur"
"memenuhi","5","Bahasa Madura","Jawa Timur"
"memenuhinya","5","Bahasa Madura","Jawa Timur"
"memerangi","5","Bahasa Madura","Jawa Timur"
"memeras","5","Bahasa Madura","Jawa Timur"
"memercik","5","Bahasa Madura","Jawa Timur"
"memerlukan","5","Bahasa Madura","Jawa Timur"
"memesan","5","Bahasa Madura","Jawa Timur"
"memikirkannya","5","Bahasa Madura","Jawa Timur"
"memikul","5","Bahasa Madura","Jawa Timur"
"memilih","5","Bahasa Madura","Jawa Timur"
"memimpin","5","Bahasa Madura","Jawa Timur"
"meminta","5","Bahasa Madura","Jawa Timur"
"meminum","5","Bahasa Madura","Jawa Timur"
"memisahkan","5","Bahasa Madura","Jawa Timur"
"memotong","5","Bahasa Madura","Jawa Timur"
"mempelajari","5","Bahasa Madura","Jawa Timur"
"mempengaruhi","5","Bahasa Madura","Jawa Timur"
"memperbolehkannya","5","Bahasa Madura","Jawa Timur"
"mempercayai","5","Bahasa Madura","Jawa Timur"
"mempercayakan","5","Bahasa Madura","Jawa Timur"
"memperingati","5","Bahasa Madura","Jawa Timur"
"memperkenalkan","5","Bahasa Madura","Jawa Timur"
"memperkuat","5","Bahasa Madura","Jawa Timur"
"mempersiapkan","5","Bahasa Madura","Jawa Timur"
"mempertanyakan","5","Bahasa Madura","Jawa Timur"
"menabuh","5","Bahasa Madura","Jawa Timur"
"menagih","5","Bahasa Madura","Jawa Timur"
"menahan","5","Bahasa Madura","Jawa Timur"
"menambah","5","Bahasa Madura","Jawa Timur"
"menampilkan","5","Bahasa Madura","Jawa Timur"
"menampung","5","Bahasa Madura","Jawa Timur"
"menampungnya","5","Bahasa Madura","Jawa Timur"
"menanam","5","Bahasa Madura","Jawa Timur"
"menancap","5","Bahasa Madura","Jawa Timur"
"menancapkan","5","Bahasa Madura","Jawa Timur"
"menciptakan","5","Bahasa Madura","Jawa Timur"
"mencoba","5","Bahasa Madura","Jawa Timur"
"mendapat","5","Bahasa Madura","Jawa Timur"
"mendengar","5","Bahasa Madura","Jawa Timur"
"mendukung","5","Bahasa Madura","Jawa Timur"
"menemui","5","Bahasa Madura","Jawa Timur"
"menemukan","5","Bahasa Madura","Jawa Timur"
"menerapkan","5","Bahasa Madura","Jawa Timur"
"menerima","5","Bahasa Madura","Jawa Timur"
"menerpa","5","Bahasa Madura","Jawa Timur"
"menetes","5","Bahasa Madura","Jawa Timur"
"mengantongi","5","Bahasa Madura","Jawa Timur"
"mengapa","5","Bahasa Madura","Jawa Timur"
"mengarak","5","Bahasa Madura","Jawa Timur"
"mengatakan","5","Bahasa Madura","Jawa Timur"
"mengatasi","5","Bahasa Madura","Jawa Timur"
"mengayun","5","Bahasa Madura","Jawa Timur"
"mengebutkan","5","Bahasa Madura","Jawa Timur"
"mengecek","5","Bahasa Madura","Jawa Timur"
"mengecer","5","Bahasa Madura","Jawa Timur"
"mengecewakan","5","Bahasa Madura","Jawa Timur"
"mengeduk","5","Bahasa Madura","Jawa Timur"
"mengejar","5","Bahasa Madura","Jawa Timur"
"mengelak","5","Bahasa Madura","Jawa Timur"
"mengelas","5","Bahasa Madura","Jawa Timur"
"mengelola","5","Bahasa Madura","Jawa Timur"
"mengeluh","5","Bahasa Madura","Jawa Timur"
"mengembalikan","5","Bahasa Madura","Jawa Timur"
"mengembangkan","5","Bahasa Madura","Jawa Timur"
"menggunakan","5","Bahasa Madura","Jawa Timur"
"mengguncang","5","Bahasa Madura","Jawa Timur"
"menghabiskan","5","Bahasa Madura","Jawa Timur"
"menghadap","5","Bahasa Madura","Jawa Timur"
"menghadapi","5","Bahasa Madura","Jawa Timur"
"mengirim","5","Bahasa Madura","Jawa Timur"
"mengirimkan","5","Bahasa Madura","Jawa Timur"
"mengisi","5","Bahasa Madura","Jawa Timur"
"mengizinkan","5","Bahasa Madura","Jawa Timur"
"mengurusi","5","Bahasa Madura","Jawa Timur"
"mengusir","5","Bahasa Madura","Jawa Timur"
"mengusulkan","5","Bahasa Madura","Jawa Timur"
"mengutamakan","5","Bahasa Madura","Jawa Timur"
"mengutus","5","Bahasa Madura","Jawa Timur"
"meniadakan","5","Bahasa Madura","Jawa Timur"
"menikah","5","Bahasa Madura","Jawa Timur"
"menikahi","5","Bahasa Madura","Jawa Timur"
"menikahinya","5","Bahasa Madura","Jawa Timur"
"menikmati","5","Bahasa Madura","Jawa Timur"
"meniru","5","Bahasa Madura","Jawa Timur"
"menistakan","5","Bahasa Madura","Jawa Timur"
"menit","5","Bahasa Madura","Jawa Timur"
"menitan","5","Bahasa Madura","Jawa Timur"
"menjabat","5","Bahasa Madura","Jawa Timur"
"menjadi","5","Bahasa Madura","Jawa Timur"
"menjaga/menyimpan","5","Bahasa Madura","Jawa Timur"
"menjahit","5","Bahasa Madura","Jawa Timur"
"menjarangkan","5","Bahasa Madura","Jawa Timur"
"menjawab","5","Bahasa Madura","Jawa Timur"
"menjelaskan","5","Bahasa Madura","Jawa Timur"
"menjerat","5","Bahasa Madura","Jawa Timur"
"menjorok","5","Bahasa Madura","Jawa Timur"
"menjual","5","Bahasa Madura","Jawa Timur"
"menolak","5","Bahasa Madura","Jawa Timur"
"menolong","5","Bahasa Madura","Jawa Timur"
"menonton","5","Bahasa Madura","Jawa Timur"
"mentah","5","Bahasa Madura","Jawa Timur"
"menteri","5","Bahasa Madura","Jawa Timur"
"menua","5","Bahasa Madura","Jawa Timur"
"menuangkan","5","Bahasa Madura","Jawa Timur"
"menuduh","5","Bahasa Madura","Jawa Timur"
"menuju","5","Bahasa Madura","Jawa Timur"
"menukar","5","Bahasa Madura","Jawa Timur"
"menular","5","Bahasa Madura","Jawa Timur"
"menulis","5","Bahasa Madura","Jawa Timur"
"menuliskan","5","Bahasa Madura","Jawa Timur"
"menuliskannya","5","Bahasa Madura","Jawa Timur"
"menumbuhkan","5","Bahasa Madura","Jawa Timur"
"menumpang","5","Bahasa Madura","Jawa Timur"
"menumpuk","5","Bahasa Madura","Jawa Timur"
"menundukkan","5","Bahasa Madura","Jawa Timur"
"menunggu","5","Bahasa Madura","Jawa Timur"
"menunjangnya","5","Bahasa Madura","Jawa Timur"
"menunjuk","5","Bahasa Madura","Jawa Timur"
"menunjukkan","5","Bahasa Madura","Jawa Timur"
"menuntaskan","5","Bahasa Madura","Jawa Timur"
"menuntut","5","Bahasa Madura","Jawa Timur"
"menurun","5","Bahasa Madura","Jawa Timur"
"menurunkan","5","Bahasa Madura","Jawa Timur"
"menurunnya","5","Bahasa Madura","Jawa Timur"
"menurut","5","Bahasa Madura","Jawa Timur"
"menusuk","5","Bahasa Madura","Jawa Timur"
"menutupi","5","Bahasa Madura","Jawa Timur"
"menutupkan","5","Bahasa Madura","Jawa Timur"
"menuturkan","5","Bahasa Madura","Jawa Timur"
"menyabet","5","Bahasa Madura","Jawa Timur"
"menyadap","5","Bahasa Madura","Jawa Timur"
"menyadari","5","Bahasa Madura","Jawa Timur"
"menyakitkan","5","Bahasa Madura","Jawa Timur"
"menyaksikan","5","Bahasa Madura","Jawa Timur"
"menyala","5","Bahasa Madura","Jawa Timur"
"menyalahi","5","Bahasa Madura","Jawa Timur"
"menyalurkan","5","Bahasa Madura","Jawa Timur"
"menyamai","5","Bahasa Madura","Jawa Timur"
"menyamakan","5","Bahasa Madura","Jawa Timur"
"menyamar","5","Bahasa Madura","Jawa Timur"
"menyambar","5","Bahasa Madura","Jawa Timur"
"menyapu","5","Bahasa Madura","Jawa Timur"
"menyaring","5","Bahasa Madura","Jawa Timur"
"menyerbu","5","Bahasa Madura","Jawa Timur"
"menyeringai","5","Bahasa Madura","Jawa Timur"
"menyerupai","5","Bahasa Madura","Jawa Timur"
"menyumbat","5","Bahasa Madura","Jawa Timur"
"menyurati","5","Bahasa Madura","Jawa Timur"
"menyusul","5","Bahasa Madura","Jawa Timur"
"menyusun","5","Bahasa Madura","Jawa Timur"
"Merah","5","Bahasa Madura","Jawa Timur"
"Merah jambu","5","Bahasa Madura","Jawa Timur"
"Merah marun","5","Bahasa Madura","Jawa Timur"
"merasa","5","Bahasa Madura","Jawa Timur"
"merubah","5","Bahasa Madura","Jawa Timur"
"Minuman","5","Bahasa Madura","Jawa Timur"
"Mobil","5","Bahasa Madura","Jawa Timur"
"mungkin","5","Bahasa Madura","Jawa Timur"
"negatif","5","Bahasa Madura","Jawa Timur"
"negeri","5","Bahasa Madura","Jawa Timur"
"nelayan","5","Bahasa Madura","Jawa Timur"
"nenek","5","Bahasa Madura","Jawa Timur"
"niat","5","Bahasa Madura","Jawa Timur"
"orang","5","Bahasa Madura","Jawa Timur"
"pacet","5","Bahasa Madura","Jawa Timur"
"pada","5","Bahasa Madura","Jawa Timur"
"padahal","5","Bahasa Madura","Jawa Timur"
"padam","5","Bahasa Madura","Jawa Timur"
"padat","5","Bahasa Madura","Jawa Timur"
"padi","5","Bahasa Madura","Jawa Timur"
"paha","5","Bahasa Madura","Jawa Timur"
"paham","5","Bahasa Madura","Jawa Timur"
"pahlawan","5","Bahasa Madura","Jawa Timur"
"pakai","5","Bahasa Madura","Jawa Timur"
"pakaian","5","Bahasa Madura","Jawa Timur"
"palsu","5","Bahasa Madura","Jawa Timur"
"palu","5","Bahasa Madura","Jawa Timur"
"panjang","5","Bahasa Madura","Jawa Timur"
"pantai","5","Bahasa Madura","Jawa Timur"
"papan","5","Bahasa Madura","Jawa Timur"
"parah","5","Bahasa Madura","Jawa Timur"
"pedas","5","Bahasa Madura","Jawa Timur"
"pedih","5","Bahasa Madura","Jawa Timur"
"pejuang","5","Bahasa Madura","Jawa Timur"
"pelabuhan","5","Bahasa Madura","Jawa Timur"
"pelihara","5","Bahasa Madura","Jawa Timur"
"pemain","5","Bahasa Madura","Jawa Timur"
"pemilik","5","Bahasa Madura","Jawa Timur"
"pemuda","5","Bahasa Madura","Jawa Timur"
"penakut","5","Bahasa Madura","Jawa Timur"
"pengemudi","5","Bahasa Madura","Jawa Timur"
"penyu","5","Bahasa Madura","Jawa Timur"
"Perak","5","Bahasa Madura","Jawa Timur"
"pergi","5","Bahasa Madura","Jawa Timur"
"Perhiasan","5","Bahasa Madura","Jawa Timur"
"perunggu","5","Bahasa Madura","Jawa Timur"
"perusahaan","5","Bahasa Madura","Jawa Timur"
"pesan","5","Bahasa Madura","Jawa Timur"
"pesanan","5","Bahasa Madura","Jawa Timur"
"pesantren","5","Bahasa Madura","Jawa Timur"
"pesing","5","Bahasa Madura","Jawa Timur"
"pesisir","5","Bahasa Madura","Jawa Timur"
"petai","5","Bahasa Madura","Jawa Timur"
"petang","5","Bahasa Madura","Jawa Timur"
"petani","5","Bahasa Madura","Jawa Timur"
"petaninya","5","Bahasa Madura","Jawa Timur"
"pintu","5","Bahasa Madura","Jawa Timur"
"pisau","5","Bahasa Madura","Jawa Timur"
"pohon","5","Bahasa Madura","Jawa Timur"
"prakteknya","5","Bahasa Madura","Jawa Timur"
"pria","5","Bahasa Madura","Jawa Timur"
"pribadi","5","Bahasa Madura","Jawa Timur"
"pribumi","5","Bahasa Madura","Jawa Timur"
"produk","5","Bahasa Madura","Jawa Timur"
"produksi","5","Bahasa Madura","Jawa Timur"
"program","5","Bahasa Madura","Jawa Timur"
"pudar","5","Bahasa Madura","Jawa Timur"
"pula","5","Bahasa Madura","Jawa Timur"
"pulang","5","Bahasa Madura","Jawa Timur"
"pusat","5","Bahasa Madura","Jawa Timur"
"putar","5","Bahasa Madura","Jawa Timur"
"putih","5","Bahasa Madura","Jawa Timur"
"rakyat","5","Bahasa Madura","Jawa Timur"
"ramadhan","5","Bahasa Madura","Jawa Timur"
"rambut","5","Bahasa Madura","Jawa Timur"
"rame","5","Bahasa Madura","Jawa Timur"
"rampok","5","Bahasa Madura","Jawa Timur"
"rapi","5","Bahasa Madura","Jawa Timur"
"rasa","5","Bahasa Madura","Jawa Timur"
"rata","5","Bahasa Madura","Jawa Timur"
"ratu","5","Bahasa Madura","Jawa Timur"
"rawa","5","Bahasa Madura","Jawa Timur"
"rayap","5","Bahasa Madura","Jawa Timur"
"remaja","5","Bahasa Madura","Jawa Timur"
"rindu","5","Bahasa Madura","Jawa Timur"
"rokok","5","Bahasa Madura","Jawa Timur"
"rokoknya","5","Bahasa Madura","Jawa Timur"
"rontok","5","Bahasa Madura","Jawa Timur"
"rotan","5","Bahasa Madura","Jawa Timur"
"ruangan","5","Bahasa Madura","Jawa Timur"
"rugi","5","Bahasa Madura","Jawa Timur"
"rujukan","5","Bahasa Madura","Jawa Timur"
"rukun","5","Bahasa Madura","Jawa Timur"
"rumah","5","Bahasa Madura","Jawa Timur"
"rumah tangga","5","Bahasa Madura","Jawa Timur"
"rumpun","5","Bahasa Madura","Jawa Timur"
"rupanya","5","Bahasa Madura","Jawa Timur"
"rusa","5","Bahasa Madura","Jawa Timur"
"rutinnya","5","Bahasa Madura","Jawa Timur"
"saat","5","Bahasa Madura","Jawa Timur"
"sakit-sakitan","5","Bahasa Madura","Jawa Timur"
"saksikan","5","Bahasa Madura","Jawa Timur"
"salah satu","5","Bahasa Madura","Jawa Timur"
"salah satunya","5","Bahasa Madura","Jawa Timur"
"seberang","5","Bahasa Madura","Jawa Timur"
"seberapa","5","Bahasa Madura","Jawa Timur"
"sejajar","5","Bahasa Madura","Jawa Timur"
"sejalan","5","Bahasa Madura","Jawa Timur"
"sejarah","5","Bahasa Madura","Jawa Timur"
"sekolah","5","Bahasa Madura","Jawa Timur"
"sekolahnya","5","Bahasa Madura","Jawa Timur"
"sekongkol","5","Bahasa Madura","Jawa Timur"
"sekotamadya","5","Bahasa Madura","Jawa Timur"
"seks","5","Bahasa Madura","Jawa Timur"
"sekurang-kurangnya","5","Bahasa Madura","Jawa Timur"
"sel","5","Bahasa Madura","Jawa Timur"
"selain","5","Bahasa Madura","Jawa Timur"
"selain itu","5","Bahasa Madura","Jawa Timur"
"selaku","5","Bahasa Madura","Jawa Timur"
"sempitnya","5","Bahasa Madura","Jawa Timur"
"sempurna","5","Bahasa Madura","Jawa Timur"
"semut","5","Bahasa Madura","Jawa Timur"
"senang","5","Bahasa Madura","Jawa Timur"
"senapan","5","Bahasa Madura","Jawa Timur"
"senapannya","5","Bahasa Madura","Jawa Timur"
"senat","5","Bahasa Madura","Jawa Timur"
"senator","5","Bahasa Madura","Jawa Timur"
"sendirian","5","Bahasa Madura","Jawa Timur"
"sendok","5","Bahasa Madura","Jawa Timur"
"seng","5","Bahasa Madura","Jawa Timur"
"senggol","5","Bahasa Madura","Jawa Timur"
"sengsara","5","Bahasa Madura","Jawa Timur"
"Seni","5","Bahasa Madura","Jawa Timur"
"sentuh","5","Bahasa Madura","Jawa Timur"
"sering","5","Bahasa Madura","Jawa Timur"
"sesuai","5","Bahasa Madura","Jawa Timur"
"sial","5","Bahasa Madura","Jawa Timur"
"siap","5","Bahasa Madura","Jawa Timur"
"siapa","5","Bahasa Madura","Jawa Timur"
"siapakah","5","Bahasa Madura","Jawa Timur"
"siapapun","5","Bahasa Madura","Jawa Timur"
"siapkan","5","Bahasa Madura","Jawa Timur"
"sifat","5","Bahasa Madura","Jawa Timur"
"simpul","5","Bahasa Madura","Jawa Timur"
"sindiran","5","Bahasa Madura","Jawa Timur"
"singa","5","Bahasa Madura","Jawa Timur"
"singkat","5","Bahasa Madura","Jawa Timur"
"singkatan","5","Bahasa Madura","Jawa Timur"
"singkong","5","Bahasa Madura","Jawa Timur"
"suami","5","Bahasa Madura","Jawa Timur"
"suamiku","5","Bahasa Madura","Jawa Timur"
"suaminya","5","Bahasa Madura","Jawa Timur"
"suara","5","Bahasa Madura","Jawa Timur"
"suaranya","5","Bahasa Madura","Jawa Timur"
"suci","5","Bahasa Madura","Jawa Timur"
"sulit","5","Bahasa Madura","Jawa Timur"
"sumur","5","Bahasa Madura","Jawa Timur"
"sungai","5","Bahasa Madura","Jawa Timur"
"supaya","5","Bahasa Madura","Jawa Timur"
"susu","5","Bahasa Madura","Jawa Timur"
"susunan","5","Bahasa Madura","Jawa Timur"
"taat","5","Bahasa Madura","Jawa Timur"
"tabiat","5","Bahasa Madura","Jawa Timur"
"tablig","5","Bahasa Madura","Jawa Timur"
"tabu","5","Bahasa Madura","Jawa Timur"
"tadi","5","Bahasa Madura","Jawa Timur"
"takut","5","Bahasa Madura","Jawa Timur"
"tambahan","5","Bahasa Madura","Jawa Timur"
"tambat","5","Bahasa Madura","Jawa Timur"
"tampak","5","Bahasa Madura","Jawa Timur"
"tampung","5","Bahasa Madura","Jawa Timur"
"tamu","5","Bahasa Madura","Jawa Timur"
"tanam","5","Bahasa Madura","Jawa Timur"
"tegas","5","Bahasa Madura","Jawa Timur"
"teguh","5","Bahasa Madura","Jawa Timur"
"tema","5","Bahasa Madura","Jawa Timur"
"teman","5","Bahasa Madura","Jawa Timur"
"tenaga","5","Bahasa Madura","Jawa Timur"
"tenang","5","Bahasa Madura","Jawa Timur"
"tentu","5","Bahasa Madura","Jawa Timur"
"teorinya","5","Bahasa Madura","Jawa Timur"
"tepat","5","Bahasa Madura","Jawa Timur"
"tepatnya","5","Bahasa Madura","Jawa Timur"
"tepung","5","Bahasa Madura","Jawa Timur"
"terakhir","5","Bahasa Madura","Jawa Timur"
"teralami","5","Bahasa Madura","Jawa Timur"
"teramati","5","Bahasa Madura","Jawa Timur"
"terang","5","Bahasa Madura","Jawa Timur"
"terigu","5","Bahasa Madura","Jawa Timur"
"terima","5","Bahasa Madura","Jawa Timur"
"terima kasih","5","Bahasa Madura","Jawa Timur"
"tewas","5","Bahasa Madura","Jawa Timur"
"tiba","5","Bahasa Madura","Jawa Timur"
"tikus","5","Bahasa Madura","Jawa Timur"
"tinggal","5","Bahasa Madura","Jawa Timur"
"tokoh","5","Bahasa Madura","Jawa Timur"
"tolak","5","Bahasa Madura","Jawa Timur"
"toleransi","5","Bahasa Madura","Jawa Timur"
"tolong","5","Bahasa Madura","Jawa Timur"
"tuan","5","Bahasa Madura","Jawa Timur"
"tumbuh","5","Bahasa Madura","Jawa Timur"
"Tumbuhan","5","Bahasa Madura","Jawa Timur"
"tumpul","5","Bahasa Madura","Jawa Timur"
"tupai","5","Bahasa Madura","Jawa Timur"
"udang","5","Bahasa Madura","Jawa Timur"
"ular","5","Bahasa Madura","Jawa Timur"
"ulat","5","Bahasa Madura","Jawa Timur"
"umat","5","Bahasa Madura","Jawa Timur"
"umbi","5","Bahasa Madura","Jawa Timur"
"umpama","5","Bahasa Madura","Jawa Timur"
"upacara","5","Bahasa Madura","Jawa Timur"
"urusan","5","Bahasa Madura","Jawa Timur"
"usaha","5","Bahasa Madura","Jawa Timur"
"usia","5","Bahasa Madura","Jawa Timur"
"usul","5","Bahasa Madura","Jawa Timur"
"usus","5","Bahasa Madura","Jawa Timur"
"utama","5","Bahasa Madura","Jawa Timur"
"utang","5","Bahasa Madura","Jawa Timur"
"utara","5","Bahasa Madura","Jawa Timur"
"Violet","5","Bahasa Madura","Jawa Timur"
"wajah","5","Bahasa Madura","Jawa Timur"
"wajahnya","5","Bahasa Madura","Jawa Timur"
"wajar","5","Bahasa Madura","Jawa Timur"
"wajib","5","Bahasa Madura","Jawa Timur"
"waktunya","5","Bahasa Madura","Jawa Timur"
"wanita","5","Bahasa Madura","Jawa Timur"
"warna","5","Bahasa Madura","Jawa Timur"