"abad","1","Bahasa Toraja","Kepulauan Riau"
"abadi","2","Bahasa Toraja","Kepulauan Riau"
"abang","3","Bahasa Toraja","Kepulauan Riau"
"acak","4","Bahasa Toraja","Kepulauan Riau"
"acara","5","Bahasa Toraja","Kepulauan Riau"
"acaranya","5","Bahasa Toraja","Kepulauan Riau"
"ada","5","Bahasa Toraja","Kepulauan Riau"
"adu","5","Bahasa Toraja","Kepulauan Riau"
"agak","5","Bahasa Toraja","Kepulauan Riau"
"agar","5","Bahasa Toraja","Kepulauan Riau"
"air","5","Bahasa Toraja","Kepulauan Riau"
"ajaran","5","Bahasa Toraja","Kepulauan Riau"
"akal","5","Bahasa Toraja","Kepulauan Riau"
"akan","5","Bahasa Toraja","Kepulauan Riau"
"akar","5","Bahasa Toraja","Kepulauan Riau"
"akhir","5","Bahasa Toraja","Kepulauan Riau"
"akhirat","5","Bahasa Toraja","Kepulauan Riau"
"akhirnya","5","Bahasa Toraja","Kepulauan Riau"
"akibat","5","Bahasa Toraja","Kepulauan Riau"
"aktif","5","Bahasa Toraja","Kepulauan Riau"
"akun","5","Bahasa Toraja","Kepulauan Riau"
"akur","5","Bahasa Toraja","Kepulauan Riau"
"alam","5","Bahasa Toraja","Kepulauan Riau"
"alamat","5","Bahasa Toraja","Kepulauan Riau"
"aman","5","Bahasa Toraja","Kepulauan Riau"
"amanah","5","Bahasa Toraja","Kepulauan Riau"
"anak","5","Bahasa Toraja","Kepulauan Riau"
"anak-anak","5","Bahasa Toraja","Kepulauan Riau"
"anggota","5","Bahasa Toraja","Kepulauan Riau"
"angsa","5","Bahasa Toraja","Kepulauan Riau"
"anjing","5","Bahasa Toraja","Kepulauan Riau"
"anting","5","Bahasa Toraja","Kepulauan Riau"
"antri","5","Bahasa Toraja","Kepulauan Riau"
"anugerah","5","Bahasa Toraja","Kepulauan Riau"
"apa","5","Bahasa Toraja","Kepulauan Riau"
"api","5","Bahasa Toraja","Kepulauan Riau"
"asin","5","Bahasa Toraja","Kepulauan Riau"
"asing","5","Bahasa Toraja","Kepulauan Riau"
"asli","5","Bahasa Toraja","Kepulauan Riau"
"aslinya","5","Bahasa Toraja","Kepulauan Riau"
"asri","5","Bahasa Toraja","Kepulauan Riau"
"asyik","5","Bahasa Toraja","Kepulauan Riau"
"atap","5","Bahasa Toraja","Kepulauan Riau"
"atas","5","Bahasa Toraja","Kepulauan Riau"
"atlet","5","Bahasa Toraja","Kepulauan Riau"
"awet","5","Bahasa Toraja","Kepulauan Riau"
"ayah","5","Bahasa Toraja","Kepulauan Riau"
"ayahnya","5","Bahasa Toraja","Kepulauan Riau"
"ayam","5","Bahasa Toraja","Kepulauan Riau"
"ayo","5","Bahasa Toraja","Kepulauan Riau"
"babak","5","Bahasa Toraja","Kepulauan Riau"
"babi","5","Bahasa Toraja","Kepulauan Riau"
"bacaan","5","Bahasa Toraja","Kepulauan Riau"
"bada","5","Bahasa Toraja","Kepulauan Riau"
"badakÂ ","5","Bahasa Toraja","Kepulauan Riau"
"bagian","5","Bahasa Toraja","Kepulauan Riau"
"bagus","5","Bahasa Toraja","Kepulauan Riau"
"bahagia","5","Bahasa Toraja","Kepulauan Riau"
"bahan","5","Bahasa Toraja","Kepulauan Riau"
"bahasa","5","Bahasa Toraja","Kepulauan Riau"
"bahkan","5","Bahasa Toraja","Kepulauan Riau"
"baik","5","Bahasa Toraja","Kepulauan Riau"
"baiknya","5","Bahasa Toraja","Kepulauan Riau"
"bait","5","Bahasa Toraja","Kepulauan Riau"
"baja","5","Bahasa Toraja","Kepulauan Riau"
"baju","5","Bahasa Toraja","Kepulauan Riau"
"bakal","5","Bahasa Toraja","Kepulauan Riau"
"bakar","5","Bahasa Toraja","Kepulauan Riau"
"bakat","5","Bahasa Toraja","Kepulauan Riau"
"bakti","5","Bahasa Toraja","Kepulauan Riau"
"balai","5","Bahasa Toraja","Kepulauan Riau"
"balas","5","Bahasa Toraja","Kepulauan Riau"
"balasan","5","Bahasa Toraja","Kepulauan Riau"
"balik","5","Bahasa Toraja","Kepulauan Riau"
"bambu","5","Bahasa Toraja","Kepulauan Riau"
"banding","5","Bahasa Toraja","Kepulauan Riau"
"banget","5","Bahasa Toraja","Kepulauan Riau"
"bangga","5","Bahasa Toraja","Kepulauan Riau"
"bangganya","5","Bahasa Toraja","Kepulauan Riau"
"bangkai","5","Bahasa Toraja","Kepulauan Riau"
"bangkit","5","Bahasa Toraja","Kepulauan Riau"
"bangsa","5","Bahasa Toraja","Kepulauan Riau"
"bangunan","5","Bahasa Toraja","Kepulauan Riau"
"banjir","5","Bahasa Toraja","Kepulauan Riau"
"bank","5","Bahasa Toraja","Kepulauan Riau"
"banteng","5","Bahasa Toraja","Kepulauan Riau"
"banting","5","Bahasa Toraja","Kepulauan Riau"
"bantingan","5","Bahasa Toraja","Kepulauan Riau"
"bantu","5","Bahasa Toraja","Kepulauan Riau"
"bantuan","5","Bahasa Toraja","Kepulauan Riau"
"banyak","5","Bahasa Toraja","Kepulauan Riau"
"bapak","5","Bahasa Toraja","Kepulauan Riau"
"barang","5","Bahasa Toraja","Kepulauan Riau"
"barangkali","5","Bahasa Toraja","Kepulauan Riau"
"basi","5","Bahasa Toraja","Kepulauan Riau"
"batuk","5","Bahasa Toraja","Kepulauan Riau"
"bau","5","Bahasa Toraja","Kepulauan Riau"
"bawah","5","Bahasa Toraja","Kepulauan Riau"
"Bawang Merah","5","Bahasa Toraja","Kepulauan Riau"
"Bawang Putih","5","Bahasa Toraja","Kepulauan Riau"
"bayi","5","Bahasa Toraja","Kepulauan Riau"
"beban","5","Bahasa Toraja","Kepulauan Riau"
"bebas","5","Bahasa Toraja","Kepulauan Riau"
"bekerja","5","Bahasa Toraja","Kepulauan Riau"
"belajar","5","Bahasa Toraja","Kepulauan Riau"
"belalang","5","Bahasa Toraja","Kepulauan Riau"
"belanja","5","Bahasa Toraja","Kepulauan Riau"
"belasan","5","Bahasa Toraja","Kepulauan Riau"
"beli","5","Bahasa Toraja","Kepulauan Riau"
"belum","5","Bahasa Toraja","Kepulauan Riau"
"bencana","5","Bahasa Toraja","Kepulauan Riau"
"benda","5","Bahasa Toraja","Kepulauan Riau"
"bendera","5","Bahasa Toraja","Kepulauan Riau"
"benih","5","Bahasa Toraja","Kepulauan Riau"
"bentuk","5","Bahasa Toraja","Kepulauan Riau"
"beradu","5","Bahasa Toraja","Kepulauan Riau"
"beragam","5","Bahasa Toraja","Kepulauan Riau"
"berair","5","Bahasa Toraja","Kepulauan Riau"
"beraksi","5","Bahasa Toraja","Kepulauan Riau"
"berang-berang","5","Bahasa Toraja","Kepulauan Riau"
"berani","5","Bahasa Toraja","Kepulauan Riau"
"berantakan","5","Bahasa Toraja","Kepulauan Riau"
"berapa","5","Bahasa Toraja","Kepulauan Riau"
"berapi","5","Bahasa Toraja","Kepulauan Riau"
"berarti","5","Bahasa Toraja","Kepulauan Riau"
"beras","5","Bahasa Toraja","Kepulauan Riau"
"berat","5","Bahasa Toraja","Kepulauan Riau"
"berayun","5","Bahasa Toraja","Kepulauan Riau"
"berbagai","5","Bahasa Toraja","Kepulauan Riau"
"berbagi","5","Bahasa Toraja","Kepulauan Riau"
"berbahaya","5","Bahasa Toraja","Kepulauan Riau"
"berbakti","5","Bahasa Toraja","Kepulauan Riau"
"berbantah","5","Bahasa Toraja","Kepulauan Riau"
"berbantahan","5","Bahasa Toraja","Kepulauan Riau"
"berbarengan","5","Bahasa Toraja","Kepulauan Riau"
"berbekal","5","Bahasa Toraja","Kepulauan Riau"
"berbisnis","5","Bahasa Toraja","Kepulauan Riau"
"berburu","5","Bahasa Toraja","Kepulauan Riau"
"bercakap","5","Bahasa Toraja","Kepulauan Riau"
"berceceran","5","Bahasa Toraja","Kepulauan Riau"
"bercengkrama","5","Bahasa Toraja","Kepulauan Riau"
"bercerai","5","Bahasa Toraja","Kepulauan Riau"
"bercermin","5","Bahasa Toraja","Kepulauan Riau"
"bercocok tanam","5","Bahasa Toraja","Kepulauan Riau"
"berdasar","5","Bahasa Toraja","Kepulauan Riau"
"berdecak","5","Bahasa Toraja","Kepulauan Riau"
"berdekatan","5","Bahasa Toraja","Kepulauan Riau"
"berdering","5","Bahasa Toraja","Kepulauan Riau"
"berdikari","5","Bahasa Toraja","Kepulauan Riau"
"berdiri","5","Bahasa Toraja","Kepulauan Riau"
"berdua","5","Bahasa Toraja","Kepulauan Riau"
"berduaan","5","Bahasa Toraja","Kepulauan Riau"
"beres","5","Bahasa Toraja","Kepulauan Riau"
"berfikir","5","Bahasa Toraja","Kepulauan Riau"
"berganti","5","Bahasa Toraja","Kepulauan Riau"
"bergelar","5","Bahasa Toraja","Kepulauan Riau"
"bergerak","5","Bahasa Toraja","Kepulauan Riau"
"berharap","5","Bahasa Toraja","Kepulauan Riau"
"berhenti","5","Bahasa Toraja","Kepulauan Riau"
"beri","5","Bahasa Toraja","Kepulauan Riau"
"beringas","5","Bahasa Toraja","Kepulauan Riau"
"berisi","5","Bahasa Toraja","Kepulauan Riau"
"berjuang","5","Bahasa Toraja","Kepulauan Riau"
"berjumpa","5","Bahasa Toraja","Kepulauan Riau"
"berlari","5","Bahasa Toraja","Kepulauan Riau"
"bermain","5","Bahasa Toraja","Kepulauan Riau"
"beruang","5","Bahasa Toraja","Kepulauan Riau"
"biawak","5","Bahasa Toraja","Kepulauan Riau"
"Binatang","5","Bahasa Toraja","Kepulauan Riau"
"Biru","5","Bahasa Toraja","Kepulauan Riau"
"Buah-buahan","5","Bahasa Toraja","Kepulauan Riau"
"buaya","5","Bahasa Toraja","Kepulauan Riau"
"Buku","5","Bahasa Toraja","Kepulauan Riau"
"bunda","5","Bahasa Toraja","Kepulauan Riau"
"bunga","5","Bahasa Toraja","Kepulauan Riau"
"bungkam","5","Bahasa Toraja","Kepulauan Riau"
"bungkuk","5","Bahasa Toraja","Kepulauan Riau"
"bungkus","5","Bahasa Toraja","Kepulauan Riau"
"bungkusnya","5","Bahasa Toraja","Kepulauan Riau"
"bunglon","5","Bahasa Toraja","Kepulauan Riau"
"bungsu","5","Bahasa Toraja","Kepulauan Riau"
"bunyi","5","Bahasa Toraja","Kepulauan Riau"
"buram","5","Bahasa Toraja","Kepulauan Riau"
"buruh","5","Bahasa Toraja","Kepulauan Riau"
"burung","5","Bahasa Toraja","Kepulauan Riau"
"buta","5","Bahasa Toraja","Kepulauan Riau"
"cabai","5","Bahasa Toraja","Kepulauan Riau"
"cabang","5","Bahasa Toraja","Kepulauan Riau"
"cacat","5","Bahasa Toraja","Kepulauan Riau"
"cacing","5","Bahasa Toraja","Kepulauan Riau"
"cadangan","5","Bahasa Toraja","Kepulauan Riau"
"cahaya","5","Bahasa Toraja","Kepulauan Riau"
"cakap","5","Bahasa Toraja","Kepulauan Riau"
"cakupan","5","Bahasa Toraja","Kepulauan Riau"
"calon","5","Bahasa Toraja","Kepulauan Riau"
"campur","5","Bahasa Toraja","Kepulauan Riau"
"campuran","5","Bahasa Toraja","Kepulauan Riau"
"capung","5","Bahasa Toraja","Kepulauan Riau"
"cara","5","Bahasa Toraja","Kepulauan Riau"
"cari","5","Bahasa Toraja","Kepulauan Riau"
"cecak","5","Bahasa Toraja","Kepulauan Riau"
"cemberut","5","Bahasa Toraja","Kepulauan Riau"
"cerdas","5","Bahasa Toraja","Kepulauan Riau"
"cicit","5","Bahasa Toraja","Kepulauan Riau"
"cincin","5","Bahasa Toraja","Kepulauan Riau"
"cinta","5","Bahasa Toraja","Kepulauan Riau"
"Coklat","5","Bahasa Toraja","Kepulauan Riau"
"cucu","5","Bahasa Toraja","Kepulauan Riau"
"dalam","5","Bahasa Toraja","Kepulauan Riau"
"dapat","5","Bahasa Toraja","Kepulauan Riau"
"dapur","5","Bahasa Toraja","Kepulauan Riau"
"debug","5","Bahasa Toraja","Kepulauan Riau"
"delta","5","Bahasa Toraja","Kepulauan Riau"
"dermawan","5","Bahasa Toraja","Kepulauan Riau"
"desain","5","Bahasa Toraja","Kepulauan Riau"
"detail","5","Bahasa Toraja","Kepulauan Riau"
"doktor","5","Bahasa Toraja","Kepulauan Riau"
"doktrin","5","Bahasa Toraja","Kepulauan Riau"
"dokumen","5","Bahasa Toraja","Kepulauan Riau"
"domba","5","Bahasa Toraja","Kepulauan Riau"
"dosa","5","Bahasa Toraja","Kepulauan Riau"
"duanya","5","Bahasa Toraja","Kepulauan Riau"
"dubur","5","Bahasa Toraja","Kepulauan Riau"
"duda","5","Bahasa Toraja","Kepulauan Riau"
"duduk","5","Bahasa Toraja","Kepulauan Riau"
"duitnya","5","Bahasa Toraja","Kepulauan Riau"
"dukung","5","Bahasa Toraja","Kepulauan Riau"
"dulunya","5","Bahasa Toraja","Kepulauan Riau"
"dunia","5","Bahasa Toraja","Kepulauan Riau"
"edarkan","5","Bahasa Toraja","Kepulauan Riau"
"ekor","5","Bahasa Toraja","Kepulauan Riau"
"Emas","5","Bahasa Toraja","Kepulauan Riau"
"embun","5","Bahasa Toraja","Kepulauan Riau"
"empat","5","Bahasa Toraja","Kepulauan Riau"
"empedu","5","Bahasa Toraja","Kepulauan Riau"
"empuk","5","Bahasa Toraja","Kepulauan Riau"
"enak","5","Bahasa Toraja","Kepulauan Riau"
"erat","5","Bahasa Toraja","Kepulauan Riau"
"fasih","5","Bahasa Toraja","Kepulauan Riau"
"februari","5","Bahasa Toraja","Kepulauan Riau"
"foto","5","Bahasa Toraja","Kepulauan Riau"
"fotonya","5","Bahasa Toraja","Kepulauan Riau"
"gajah","5","Bahasa Toraja","Kepulauan Riau"
"ganda","5","Bahasa Toraja","Kepulauan Riau"
"ganteng","5","Bahasa Toraja","Kepulauan Riau"
"garis","5","Bahasa Toraja","Kepulauan Riau"
"gelang","5","Bahasa Toraja","Kepulauan Riau"
"gerhana","5","Bahasa Toraja","Kepulauan Riau"
"geser","5","Bahasa Toraja","Kepulauan Riau"
"gesit","5","Bahasa Toraja","Kepulauan Riau"
"gigi","5","Bahasa Toraja","Kepulauan Riau"
"gila","5","Bahasa Toraja","Kepulauan Riau"
"Gitar","5","Bahasa Toraja","Kepulauan Riau"
"golok","5","Bahasa Toraja","Kepulauan Riau"
"gorila","5","Bahasa Toraja","Kepulauan Riau"
"gratisan","5","Bahasa Toraja","Kepulauan Riau"
"gudang","5","Bahasa Toraja","Kepulauan Riau"
"gula","5","Bahasa Toraja","Kepulauan Riau"
"gulat","5","Bahasa Toraja","Kepulauan Riau"
"gunanya","5","Bahasa Toraja","Kepulauan Riau"
"guncang","5","Bahasa Toraja","Kepulauan Riau"
"gunung","5","Bahasa Toraja","Kepulauan Riau"
"gurih","5","Bahasa Toraja","Kepulauan Riau"
"guru","5","Bahasa Toraja","Kepulauan Riau"
"habis","5","Bahasa Toraja","Kepulauan Riau"
"habis-habisan","5","Bahasa Toraja","Kepulauan Riau"
"habiskan","5","Bahasa Toraja","Kepulauan Riau"
"hadapi","5","Bahasa Toraja","Kepulauan Riau"
"hadir","5","Bahasa Toraja","Kepulauan Riau"
"hajat","5","Bahasa Toraja","Kepulauan Riau"
"haji","5","Bahasa Toraja","Kepulauan Riau"
"hak","5","Bahasa Toraja","Kepulauan Riau"
"hakim","5","Bahasa Toraja","Kepulauan Riau"
"hal","5","Bahasa Toraja","Kepulauan Riau"
"halangi","5","Bahasa Toraja","Kepulauan Riau"
"hambatan","5","Bahasa Toraja","Kepulauan Riau"
"hangat","5","Bahasa Toraja","Kepulauan Riau"
"hanyut","5","Bahasa Toraja","Kepulauan Riau"
"harga","5","Bahasa Toraja","Kepulauan Riau"
"harimau","5","Bahasa Toraja","Kepulauan Riau"
"harimau/macan","5","Bahasa Toraja","Kepulauan Riau"
"harinya","5","Bahasa Toraja","Kepulauan Riau"
"harum","5","Bahasa Toraja","Kepulauan Riau"
"harus","5","Bahasa Toraja","Kepulauan Riau"
"hasilnya","5","Bahasa Toraja","Kepulauan Riau"
"hati","5","Bahasa Toraja","Kepulauan Riau"
"hati-hati","5","Bahasa Toraja","Kepulauan Riau"
"hendak","5","Bahasa Toraja","Kepulauan Riau"
"hendaknya","5","Bahasa Toraja","Kepulauan Riau"
"herbivora","5","Bahasa Toraja","Kepulauan Riau"
"heroik","5","Bahasa Toraja","Kepulauan Riau"
"Hewan Peliharaan","5","Bahasa Toraja","Kepulauan Riau"
"hiburan","5","Bahasa Toraja","Kepulauan Riau"
"hidup","5","Bahasa Toraja","Kepulauan Riau"
"hidupnya","5","Bahasa Toraja","Kepulauan Riau"
"Hijau","5","Bahasa Toraja","Kepulauan Riau"
"hikmah","5","Bahasa Toraja","Kepulauan Riau"
"hitam","5","Bahasa Toraja","Kepulauan Riau"
"hitung","5","Bahasa Toraja","Kepulauan Riau"
"hiu","5","Bahasa Toraja","Kepulauan Riau"
"honor","5","Bahasa Toraja","Kepulauan Riau"
"hormat","5","Bahasa Toraja","Kepulauan Riau"
"hotel","5","Bahasa Toraja","Kepulauan Riau"
"ikan","5","Bahasa Toraja","Kepulauan Riau"
"ingin","5","Bahasa Toraja","Kepulauan Riau"
"intinya","5","Bahasa Toraja","Kepulauan Riau"
"istana","5","Bahasa Toraja","Kepulauan Riau"
"isteri","5","Bahasa Toraja","Kepulauan Riau"
"istirahat","5","Bahasa Toraja","Kepulauan Riau"
"istri","5","Bahasa Toraja","Kepulauan Riau"
"izin","5","Bahasa Toraja","Kepulauan Riau"
"jadi","5","Bahasa Toraja","Kepulauan Riau"
"jadwal","5","Bahasa Toraja","Kepulauan Riau"
"jagat","5","Bahasa Toraja","Kepulauan Riau"
"jago","5","Bahasa Toraja","Kepulauan Riau"
"Jahe","5","Bahasa Toraja","Kepulauan Riau"
"jahil","5","Bahasa Toraja","Kepulauan Riau"
"jahit","5","Bahasa Toraja","Kepulauan Riau"
"jajahan","5","Bahasa Toraja","Kepulauan Riau"
"jajaran","5","Bahasa Toraja","Kepulauan Riau"
"Jakarta","5","Bahasa Toraja","Kepulauan Riau"
"jalan","5","Bahasa Toraja","Kepulauan Riau"
"jalani","5","Bahasa Toraja","Kepulauan Riau"
"jalankan","5","Bahasa Toraja","Kepulauan Riau"
"jamur","5","Bahasa Toraja","Kepulauan Riau"
"janda","5","Bahasa Toraja","Kepulauan Riau"
"jangan","5","Bahasa Toraja","Kepulauan Riau"
"jangankan","5","Bahasa Toraja","Kepulauan Riau"
"jantan","5","Bahasa Toraja","Kepulauan Riau"
"jari","5","Bahasa Toraja","Kepulauan Riau"
"jaringan","5","Bahasa Toraja","Kepulauan Riau"
"jatuh","5","Bahasa Toraja","Kepulauan Riau"
"jawabnya","5","Bahasa Toraja","Kepulauan Riau"
"jelantah","5","Bahasa Toraja","Kepulauan Riau"
"jelek","5","Bahasa Toraja","Kepulauan Riau"
"Jenis Kain","5","Bahasa Toraja","Kepulauan Riau"
"jenis kelamin","5","Bahasa Toraja","Kepulauan Riau"
"jera","5","Bahasa Toraja","Kepulauan Riau"
"jerapah","5","Bahasa Toraja","Kepulauan Riau"
"Jeruk","5","Bahasa Toraja","Kepulauan Riau"
"Jeruk Nipis","5","Bahasa Toraja","Kepulauan Riau"
"Jeruk Purut","5","Bahasa Toraja","Kepulauan Riau"
"jewer","5","Bahasa Toraja","Kepulauan Riau"
"kagum","5","Bahasa Toraja","Kepulauan Riau"
"kail","5","Bahasa Toraja","Kepulauan Riau"
"karena","5","Bahasa Toraja","Kepulauan Riau"
"kebanyakan","5","Bahasa Toraja","Kepulauan Riau"
"kebijakan","5","Bahasa Toraja","Kepulauan Riau"
"kecintaan","5","Bahasa Toraja","Kepulauan Riau"
"kediaman","5","Bahasa Toraja","Kepulauan Riau"
"kedipan","5","Bahasa Toraja","Kepulauan Riau"
"kedudukan","5","Bahasa Toraja","Kepulauan Riau"
"kehilangan","5","Bahasa Toraja","Kepulauan Riau"
"kehilangan/kalah","5","Bahasa Toraja","Kepulauan Riau"
"kehormatan","5","Bahasa Toraja","Kepulauan Riau"
"kehutanan","5","Bahasa Toraja","Kepulauan Riau"
"kejam","5","Bahasa Toraja","Kepulauan Riau"
"kejar","5","Bahasa Toraja","Kepulauan Riau"
"kekacauan","5","Bahasa Toraja","Kepulauan Riau"
"kekar","5","Bahasa Toraja","Kepulauan Riau"
"kekayaan","5","Bahasa Toraja","Kepulauan Riau"
"kekhawatiran","5","Bahasa Toraja","Kepulauan Riau"
"kelak","5","Bahasa Toraja","Kepulauan Riau"
"kelas","5","Bahasa Toraja","Kepulauan Riau"
"keledai","5","Bahasa Toraja","Kepulauan Riau"
"kelelawar","5","Bahasa Toraja","Kepulauan Riau"
"kelihatan","5","Bahasa Toraja","Kepulauan Riau"
"kelihatannya","5","Bahasa Toraja","Kepulauan Riau"
"keliling","5","Bahasa Toraja","Kepulauan Riau"
"kelima","5","Bahasa Toraja","Kepulauan Riau"
"kelinci","5","Bahasa Toraja","Kepulauan Riau"
"keliru","5","Bahasa Toraja","Kepulauan Riau"
"kelompok","5","Bahasa Toraja","Kepulauan Riau"
"keluar","5","Bahasa Toraja","Kepulauan Riau"
"kelurahan","5","Bahasa Toraja","Kepulauan Riau"
"keluyuran","5","Bahasa Toraja","Kepulauan Riau"
"kemampuan","5","Bahasa Toraja","Kepulauan Riau"
"kemandirian","5","Bahasa Toraja","Kepulauan Riau"
"kemarau","5","Bahasa Toraja","Kepulauan Riau"
"kematian","5","Bahasa Toraja","Kepulauan Riau"
"kembali","5","Bahasa Toraja","Kepulauan Riau"
"kemekaran","5","Bahasa Toraja","Kepulauan Riau"
"Kemiri","5","Bahasa Toraja","Kepulauan Riau"
"kendaraan","5","Bahasa Toraja","Kepulauan Riau"
"kendati","5","Bahasa Toraja","Kepulauan Riau"
"kental","5","Bahasa Toraja","Kepulauan Riau"
"kentut","5","Bahasa Toraja","Kepulauan Riau"
"kepadanya","5","Bahasa Toraja","Kepulauan Riau"
"kepal","5","Bahasa Toraja","Kepulauan Riau"
"kepala","5","Bahasa Toraja","Kepulauan Riau"
"kepiting","5","Bahasa Toraja","Kepulauan Riau"
"kera/monyet","5","Bahasa Toraja","Kepulauan Riau"
"kerudung","5","Bahasa Toraja","Kepulauan Riau"
"kerusakan","5","Bahasa Toraja","Kepulauan Riau"
"kerusakannya","5","Bahasa Toraja","Kepulauan Riau"
"kesadaran","5","Bahasa Toraja","Kepulauan Riau"
"kesal","5","Bahasa Toraja","Kepulauan Riau"
"kesalahan","5","Bahasa Toraja","Kepulauan Riau"
"kesejahteraan","5","Bahasa Toraja","Kepulauan Riau"
"keselamatan","5","Bahasa Toraja","Kepulauan Riau"
"Ketumbar","5","Bahasa Toraja","Kepulauan Riau"
"kewajiban","5","Bahasa Toraja","Kepulauan Riau"
"kewalahan","5","Bahasa Toraja","Kepulauan Riau"
"keyakinan","5","Bahasa Toraja","Kepulauan Riau"
"kiamat","5","Bahasa Toraja","Kepulauan Riau"
"kidal","5","Bahasa Toraja","Kepulauan Riau"
"kilometer","5","Bahasa Toraja","Kepulauan Riau"
"kiosnya","5","Bahasa Toraja","Kepulauan Riau"
"kira","5","Bahasa Toraja","Kepulauan Riau"
"kiranya","5","Bahasa Toraja","Kepulauan Riau"
"kiri","5","Bahasa Toraja","Kepulauan Riau"
"kirim","5","Bahasa Toraja","Kepulauan Riau"
"kita","5","Bahasa Toraja","Kepulauan Riau"
"kodok","5","Bahasa Toraja","Kepulauan Riau"
"kok","5","Bahasa Toraja","Kepulauan Riau"
"kolom","5","Bahasa Toraja","Kepulauan Riau"
"koma","5","Bahasa Toraja","Kepulauan Riau"
"Kopi","5","Bahasa Toraja","Kepulauan Riau"
"korosi","5","Bahasa Toraja","Kepulauan Riau"
"krisis","5","Bahasa Toraja","Kepulauan Riau"
"kristen","5","Bahasa Toraja","Kepulauan Riau"
"kritik","5","Bahasa Toraja","Kepulauan Riau"
"kritis","5","Bahasa Toraja","Kepulauan Riau"
"kuasa","5","Bahasa Toraja","Kepulauan Riau"
"kuatir","5","Bahasa Toraja","Kepulauan Riau"
"kucing","5","Bahasa Toraja","Kepulauan Riau"
"kuda","5","Bahasa Toraja","Kepulauan Riau"
"kudeta","5","Bahasa Toraja","Kepulauan Riau"
"kue","5","Bahasa Toraja","Kepulauan Riau"
"kukuh","5","Bahasa Toraja","Kepulauan Riau"
"kulum","5","Bahasa Toraja","Kepulauan Riau"
"kumpul","5","Bahasa Toraja","Kepulauan Riau"
"kumur","5","Bahasa Toraja","Kepulauan Riau"
"kunang-kunang","5","Bahasa Toraja","Kepulauan Riau"
"kunci","5","Bahasa Toraja","Kepulauan Riau"
"kuning","5","Bahasa Toraja","Kepulauan Riau"
"Kunyit","5","Bahasa Toraja","Kepulauan Riau"
"kura-kura","5","Bahasa Toraja","Kepulauan Riau"
"kurang","5","Bahasa Toraja","Kepulauan Riau"
"kurus","5","Bahasa Toraja","Kepulauan Riau"
"kusut","5","Bahasa Toraja","Kepulauan Riau"
"laba-laba","5","Bahasa Toraja","Kepulauan Riau"
"lagu","5","Bahasa Toraja","Kepulauan Riau"
"lagunya","5","Bahasa Toraja","Kepulauan Riau"
"lahan","5","Bahasa Toraja","Kepulauan Riau"
"lahannya","5","Bahasa Toraja","Kepulauan Riau"
"lahir","5","Bahasa Toraja","Kepulauan Riau"
"lain","5","Bahasa Toraja","Kepulauan Riau"
"lainnya","5","Bahasa Toraja","Kepulauan Riau"
"laksamana","5","Bahasa Toraja","Kepulauan Riau"
"laku","5","Bahasa Toraja","Kepulauan Riau"
"lakukan","5","Bahasa Toraja","Kepulauan Riau"
"lalu","5","Bahasa Toraja","Kepulauan Riau"
"lalu lintas","5","Bahasa Toraja","Kepulauan Riau"
"lama","5","Bahasa Toraja","Kepulauan Riau"
"lancip","5","Bahasa Toraja","Kepulauan Riau"
"langganan","5","Bahasa Toraja","Kepulauan Riau"
"langit","5","Bahasa Toraja","Kepulauan Riau"
"langka","5","Bahasa Toraja","Kepulauan Riau"
"langkah","5","Bahasa Toraja","Kepulauan Riau"
"langkahi","5","Bahasa Toraja","Kepulauan Riau"
"lanjut","5","Bahasa Toraja","Kepulauan Riau"
"lanjutnya","5","Bahasa Toraja","Kepulauan Riau"
"lari","5","Bahasa Toraja","Kepulauan Riau"
"laron","5","Bahasa Toraja","Kepulauan Riau"
"latar","5","Bahasa Toraja","Kepulauan Riau"
"layak","5","Bahasa Toraja","Kepulauan Riau"
"lebah","5","Bahasa Toraja","Kepulauan Riau"
"lebar","5","Bahasa Toraja","Kepulauan Riau"
"lega","5","Bahasa Toraja","Kepulauan Riau"
"leher","5","Bahasa Toraja","Kepulauan Riau"
"lelah","5","Bahasa Toraja","Kepulauan Riau"
"lelaki","5","Bahasa Toraja","Kepulauan Riau"
"leluasa","5","Bahasa Toraja","Kepulauan Riau"
"leluhur","5","Bahasa Toraja","Kepulauan Riau"
"lemari","5","Bahasa Toraja","Kepulauan Riau"
"lembab","5","Bahasa Toraja","Kepulauan Riau"
"lempar","5","Bahasa Toraja","Kepulauan Riau"
"lengah","5","Bahasa Toraja","Kepulauan Riau"
"lengang","5","Bahasa Toraja","Kepulauan Riau"
"lengkap","5","Bahasa Toraja","Kepulauan Riau"
"lengkapnya","5","Bahasa Toraja","Kepulauan Riau"
"lengkong","5","Bahasa Toraja","Kepulauan Riau"
"lengkuas","5","Bahasa Toraja","Kepulauan Riau"
"lengkung","5","Bahasa Toraja","Kepulauan Riau"
"lepas","5","Bahasa Toraja","Kepulauan Riau"
"letkol","5","Bahasa Toraja","Kepulauan Riau"
"letnan","5","Bahasa Toraja","Kepulauan Riau"
"licik","5","Bahasa Toraja","Kepulauan Riau"
"lidah","5","Bahasa Toraja","Kepulauan Riau"
"lihat","5","Bahasa Toraja","Kepulauan Riau"
"lingkaran","5","Bahasa Toraja","Kepulauan Riau"
"lipat","5","Bahasa Toraja","Kepulauan Riau"
"lokasi","5","Bahasa Toraja","Kepulauan Riau"
"lomba","5","Bahasa Toraja","Kepulauan Riau"
"loncat","5","Bahasa Toraja","Kepulauan Riau"
"longgar","5","Bahasa Toraja","Kepulauan Riau"
"luar","5","Bahasa Toraja","Kepulauan Riau"
"luar biasa","5","Bahasa Toraja","Kepulauan Riau"
"lubang","5","Bahasa Toraja","Kepulauan Riau"
"lucu","5","Bahasa Toraja","Kepulauan Riau"
"luka","5","Bahasa Toraja","Kepulauan Riau"
"luka berat","5","Bahasa Toraja","Kepulauan Riau"
"lulus","5","Bahasa Toraja","Kepulauan Riau"
"lulusan","5","Bahasa Toraja","Kepulauan Riau"
"lumayan","5","Bahasa Toraja","Kepulauan Riau"
"lumba-lumba","5","Bahasa Toraja","Kepulauan Riau"
"lumut","5","Bahasa Toraja","Kepulauan Riau"
"lunak","5","Bahasa Toraja","Kepulauan Riau"
"lunas","5","Bahasa Toraja","Kepulauan Riau"
"luntur","5","Bahasa Toraja","Kepulauan Riau"
"lupa","5","Bahasa Toraja","Kepulauan Riau"
"lusa","5","Bahasa Toraja","Kepulauan Riau"
"lutut","5","Bahasa Toraja","Kepulauan Riau"
"maaf","5","Bahasa Toraja","Kepulauan Riau"
"mabuk","5","Bahasa Toraja","Kepulauan Riau"
"macam","5","Bahasa Toraja","Kepulauan Riau"
"madya","5","Bahasa Toraja","Kepulauan Riau"
"Magenta","5","Bahasa Toraja","Kepulauan Riau"
"maghrib","5","Bahasa Toraja","Kepulauan Riau"
"mahal","5","Bahasa Toraja","Kepulauan Riau"
"mahasiswa","5","Bahasa Toraja","Kepulauan Riau"
"mahir","5","Bahasa Toraja","Kepulauan Riau"
"malam","5","Bahasa Toraja","Kepulauan Riau"
"malas","5","Bahasa Toraja","Kepulauan Riau"
"mancung","5","Bahasa Toraja","Kepulauan Riau"
"mandek","5","Bahasa Toraja","Kepulauan Riau"
"mandi","5","Bahasa Toraja","Kepulauan Riau"
"manfaat","5","Bahasa Toraja","Kepulauan Riau"
"manfaatnya","5","Bahasa Toraja","Kepulauan Riau"
"manggis","5","Bahasa Toraja","Kepulauan Riau"
"manis","5","Bahasa Toraja","Kepulauan Riau"
"manja","5","Bahasa Toraja","Kepulauan Riau"
"manusia","5","Bahasa Toraja","Kepulauan Riau"
"manyun","5","Bahasa Toraja","Kepulauan Riau"
"marah","5","Bahasa Toraja","Kepulauan Riau"
"martabat","5","Bahasa Toraja","Kepulauan Riau"
"masa","5","Bahasa Toraja","Kepulauan Riau"
"masing","5","Bahasa Toraja","Kepulauan Riau"
"masjid","5","Bahasa Toraja","Kepulauan Riau"
"maskawin","5","Bahasa Toraja","Kepulauan Riau"
"massa","5","Bahasa Toraja","Kepulauan Riau"
"masuk","5","Bahasa Toraja","Kepulauan Riau"
"masyarakat","5","Bahasa Toraja","Kepulauan Riau"
"mata","5","Bahasa Toraja","Kepulauan Riau"
"matahari","5","Bahasa Toraja","Kepulauan Riau"
"matanya","5","Bahasa Toraja","Kepulauan Riau"
"Mawar","5","Bahasa Toraja","Kepulauan Riau"
"maya","5","Bahasa Toraja","Kepulauan Riau"
"media","5","Bahasa Toraja","Kepulauan Riau"
"medis","5","Bahasa Toraja","Kepulauan Riau"
"mei","5","Bahasa Toraja","Kepulauan Riau"
"meja","5","Bahasa Toraja","Kepulauan Riau"
"mekanik","5","Bahasa Toraja","Kepulauan Riau"
"mekaniknya","5","Bahasa Toraja","Kepulauan Riau"
"mekar","5","Bahasa Toraja","Kepulauan Riau"
"melacur","5","Bahasa Toraja","Kepulauan Riau"
"melakukan","5","Bahasa Toraja","Kepulauan Riau"
"melanda","5","Bahasa Toraja","Kepulauan Riau"
"melanggar","5","Bahasa Toraja","Kepulauan Riau"
"melanjutkan","5","Bahasa Toraja","Kepulauan Riau"
"melantik","5","Bahasa Toraja","Kepulauan Riau"
"melarikan","5","Bahasa Toraja","Kepulauan Riau"
"melayani","5","Bahasa Toraja","Kepulauan Riau"
"melecehkan","5","Bahasa Toraja","Kepulauan Riau"
"melekat","5","Bahasa Toraja","Kepulauan Riau"
"meleleh","5","Bahasa Toraja","Kepulauan Riau"
"melengkung","5","Bahasa Toraja","Kepulauan Riau"
"melengkungkan","5","Bahasa Toraja","Kepulauan Riau"
"melepaskan","5","Bahasa Toraja","Kepulauan Riau"
"meletakkan","5","Bahasa Toraja","Kepulauan Riau"
"meletus","5","Bahasa Toraja","Kepulauan Riau"
"melihat","5","Bahasa Toraja","Kepulauan Riau"
"melihat-lihat","5","Bahasa Toraja","Kepulauan Riau"
"melindungi","5","Bahasa Toraja","Kepulauan Riau"
"meliputi","5","Bahasa Toraja","Kepulauan Riau"
"melotot","5","Bahasa Toraja","Kepulauan Riau"
"melunakkan","5","Bahasa Toraja","Kepulauan Riau"
"melupakan","5","Bahasa Toraja","Kepulauan Riau"
"memadai","5","Bahasa Toraja","Kepulauan Riau"
"memagari","5","Bahasa Toraja","Kepulauan Riau"
"memahami","5","Bahasa Toraja","Kepulauan Riau"
"memakai","5","Bahasa Toraja","Kepulauan Riau"
"memakainya","5","Bahasa Toraja","Kepulauan Riau"
"memalukan","5","Bahasa Toraja","Kepulauan Riau"
"memancing","5","Bahasa Toraja","Kepulauan Riau"
"memandang","5","Bahasa Toraja","Kepulauan Riau"
"memanggang","5","Bahasa Toraja","Kepulauan Riau"
"memanggil/menelpon","5","Bahasa Toraja","Kepulauan Riau"
"memanjakan","5","Bahasa Toraja","Kepulauan Riau"
"memantau","5","Bahasa Toraja","Kepulauan Riau"
"memarahi","5","Bahasa Toraja","Kepulauan Riau"
"memastikan","5","Bahasa Toraja","Kepulauan Riau"
"memasukkan","5","Bahasa Toraja","Kepulauan Riau"
"mematuk","5","Bahasa Toraja","Kepulauan Riau"
"membaca","5","Bahasa Toraja","Kepulauan Riau"
"membacanya","5","Bahasa Toraja","Kepulauan Riau"
"membangkang","5","Bahasa Toraja","Kepulauan Riau"
"membangun","5","Bahasa Toraja","Kepulauan Riau"
"membantah","5","Bahasa Toraja","Kepulauan Riau"
"membantu","5","Bahasa Toraja","Kepulauan Riau"
"membara","5","Bahasa Toraja","Kepulauan Riau"
"membasuh","5","Bahasa Toraja","Kepulauan Riau"
"membatas","5","Bahasa Toraja","Kepulauan Riau"
"membawa","5","Bahasa Toraja","Kepulauan Riau"
"membayar","5","Bahasa Toraja","Kepulauan Riau"
"membeku","5","Bahasa Toraja","Kepulauan Riau"
"membeli","5","Bahasa Toraja","Kepulauan Riau"
"membendung","5","Bahasa Toraja","Kepulauan Riau"
"membentak","5","Bahasa Toraja","Kepulauan Riau"
"memberantas","5","Bahasa Toraja","Kepulauan Riau"
"memberi","5","Bahasa Toraja","Kepulauan Riau"
"memberitakan","5","Bahasa Toraja","Kepulauan Riau"
"membiarkan","5","Bahasa Toraja","Kepulauan Riau"
"membicarakan","5","Bahasa Toraja","Kepulauan Riau"
"membidik","5","Bahasa Toraja","Kepulauan Riau"
"membuat","5","Bahasa Toraja","Kepulauan Riau"
"membuatkan","5","Bahasa Toraja","Kepulauan Riau"
"membuka","5","Bahasa Toraja","Kepulauan Riau"
"membutuhkan","5","Bahasa Toraja","Kepulauan Riau"
"memegang","5","Bahasa Toraja","Kepulauan Riau"
"memelintir","5","Bahasa Toraja","Kepulauan Riau"
"memendekkan","5","Bahasa Toraja","Kepulauan Riau"
"memenuhi","5","Bahasa Toraja","Kepulauan Riau"
"memenuhinya","5","Bahasa Toraja","Kepulauan Riau"
"memerangi","5","Bahasa Toraja","Kepulauan Riau"
"memeras","5","Bahasa Toraja","Kepulauan Riau"
"memercik","5","Bahasa Toraja","Kepulauan Riau"
"memerlukan","5","Bahasa Toraja","Kepulauan Riau"
"memesan","5","Bahasa Toraja","Kepulauan Riau"
"memikirkannya","5","Bahasa Toraja","Kepulauan Riau"
"memikul","5","Bahasa Toraja","Kepulauan Riau"
"memilih","5","Bahasa Toraja","Kepulauan Riau"
"memimpin","5","Bahasa Toraja","Kepulauan Riau"
"meminta","5","Bahasa Toraja","Kepulauan Riau"
"meminum","5","Bahasa Toraja","Kepulauan Riau"
"memisahkan","5","Bahasa Toraja","Kepulauan Riau"
"memotong","5","Bahasa Toraja","Kepulauan Riau"
"mempelajari","5","Bahasa Toraja","Kepulauan Riau"
"mempengaruhi","5","Bahasa Toraja","Kepulauan Riau"
"memperbolehkannya","5","Bahasa Toraja","Kepulauan Riau"
"mempercayai","5","Bahasa Toraja","Kepulauan Riau"
"mempercayakan","5","Bahasa Toraja","Kepulauan Riau"
"memperingati","5","Bahasa Toraja","Kepulauan Riau"
"memperkenalkan","5","Bahasa Toraja","Kepulauan Riau"
"memperkuat","5","Bahasa Toraja","Kepulauan Riau"
"mempersiapkan","5","Bahasa Toraja","Kepulauan Riau"
"mempertanyakan","5","Bahasa Toraja","Kepulauan Riau"
"menabuh","5","Bahasa Toraja","Kepulauan Riau"
"menagih","5","Bahasa Toraja","Kepulauan Riau"
"menahan","5","Bahasa Toraja","Kepulauan Riau"
"menambah","5","Bahasa Toraja","Kepulauan Riau"
"menampilkan","5","Bahasa Toraja","Kepulauan Riau"
"menampung","5","Bahasa Toraja","Kepulauan Riau"
"menampungnya","5","Bahasa Toraja","Kepulauan Riau"
"menanam","5","Bahasa Toraja","Kepulauan Riau"
"menancap","5","Bahasa Toraja","Kepulauan Riau"
"menancapkan","5","Bahasa Toraja","Kepulauan Riau"
"menciptakan","5","Bahasa Toraja","Kepulauan Riau"
"mencoba","5","Bahasa Toraja","Kepulauan Riau"
"mendapat","5","Bahasa Toraja","Kepulauan Riau"
"mendengar","5","Bahasa Toraja","Kepulauan Riau"
"mendukung","5","Bahasa Toraja","Kepulauan Riau"
"menemui","5","Bahasa Toraja","Kepulauan Riau"
"menemukan","5","Bahasa Toraja","Kepulauan Riau"
"menerapkan","5","Bahasa Toraja","Kepulauan Riau"
"menerima","5","Bahasa Toraja","Kepulauan Riau"
"menerpa","5","Bahasa Toraja","Kepulauan Riau"
"menetes","5","Bahasa Toraja","Kepulauan Riau"
"mengantongi","5","Bahasa Toraja","Kepulauan Riau"
"mengapa","5","Bahasa Toraja","Kepulauan Riau"
"mengarak","5","Bahasa Toraja","Kepulauan Riau"
"mengatakan","5","Bahasa Toraja","Kepulauan Riau"
"mengatasi","5","Bahasa Toraja","Kepulauan Riau"
"mengayun","5","Bahasa Toraja","Kepulauan Riau"
"mengebutkan","5","Bahasa Toraja","Kepulauan Riau"
"mengecek","5","Bahasa Toraja","Kepulauan Riau"
"mengecer","5","Bahasa Toraja","Kepulauan Riau"
"mengecewakan","5","Bahasa Toraja","Kepulauan Riau"
"mengeduk","5","Bahasa Toraja","Kepulauan Riau"
"mengejar","5","Bahasa Toraja","Kepulauan Riau"
"mengelak","5","Bahasa Toraja","Kepulauan Riau"
"mengelas","5","Bahasa Toraja","Kepulauan Riau"
"mengelola","5","Bahasa Toraja","Kepulauan Riau"
"mengeluh","5","Bahasa Toraja","Kepulauan Riau"
"mengembalikan","5","Bahasa Toraja","Kepulauan Riau"
"mengembangkan","5","Bahasa Toraja","Kepulauan Riau"
"menggunakan","5","Bahasa Toraja","Kepulauan Riau"
"mengguncang","5","Bahasa Toraja","Kepulauan Riau"
"menghabiskan","5","Bahasa Toraja","Kepulauan Riau"
"menghadap","5","Bahasa Toraja","Kepulauan Riau"
"menghadapi","5","Bahasa Toraja","Kepulauan Riau"
"mengirim","5","Bahasa Toraja","Kepulauan Riau"
"mengirimkan","5","Bahasa Toraja","Kepulauan Riau"
"mengisi","5","Bahasa Toraja","Kepulauan Riau"
"mengizinkan","5","Bahasa Toraja","Kepulauan Riau"
"mengurusi","5","Bahasa Toraja","Kepulauan Riau"
"mengusir","5","Bahasa Toraja","Kepulauan Riau"
"mengusulkan","5","Bahasa Toraja","Kepulauan Riau"
"mengutamakan","5","Bahasa Toraja","Kepulauan Riau"
"mengutus","5","Bahasa Toraja","Kepulauan Riau"
"meniadakan","5","Bahasa Toraja","Kepulauan Riau"
"menikah","5","Bahasa Toraja","Kepulauan Riau"
"menikahi","5","Bahasa Toraja","Kepulauan Riau"
"menikahinya","5","Bahasa Toraja","Kepulauan Riau"
"menikmati","5","Bahasa Toraja","Kepulauan Riau"
"meniru","5","Bahasa Toraja","Kepulauan Riau"
"menistakan","5","Bahasa Toraja","Kepulauan Riau"
"menit","5","Bahasa Toraja","Kepulauan Riau"
"menitan","5","Bahasa Toraja","Kepulauan Riau"
"menjabat","5","Bahasa Toraja","Kepulauan Riau"
"menjadi","5","Bahasa Toraja","Kepulauan Riau"
"menjaga/menyimpan","5","Bahasa Toraja","Kepulauan Riau"
"menjahit","5","Bahasa Toraja","Kepulauan Riau"
"menjarangkan","5","Bahasa Toraja","Kepulauan Riau"
"menjawab","5","Bahasa Toraja","Kepulauan Riau"
"menjelaskan","5","Bahasa Toraja","Kepulauan Riau"
"menjerat","5","Bahasa Toraja","Kepulauan Riau"
"menjorok","5","Bahasa Toraja","Kepulauan Riau"
"menjual","5","Bahasa Toraja","Kepulauan Riau"
"menolak","5","Bahasa Toraja","Kepulauan Riau"
"menolong","5","Bahasa Toraja","Kepulauan Riau"
"menonton","5","Bahasa Toraja","Kepulauan Riau"
"mentah","5","Bahasa Toraja","Kepulauan Riau"
"menteri","5","Bahasa Toraja","Kepulauan Riau"
"menua","5","Bahasa Toraja","Kepulauan Riau"
"menuangkan","5","Bahasa Toraja","Kepulauan Riau"
"menuduh","5","Bahasa Toraja","Kepulauan Riau"
"menuju","5","Bahasa Toraja","Kepulauan Riau"
"menukar","5","Bahasa Toraja","Kepulauan Riau"
"menular","5","Bahasa Toraja","Kepulauan Riau"
"menulis","5","Bahasa Toraja","Kepulauan Riau"
"menuliskan","5","Bahasa Toraja","Kepulauan Riau"
"menuliskannya","5","Bahasa Toraja","Kepulauan Riau"
"menumbuhkan","5","Bahasa Toraja","Kepulauan Riau"
"menumpang","5","Bahasa Toraja","Kepulauan Riau"
"menumpuk","5","Bahasa Toraja","Kepulauan Riau"
"menundukkan","5","Bahasa Toraja","Kepulauan Riau"
"menunggu","5","Bahasa Toraja","Kepulauan Riau"
"menunjangnya","5","Bahasa Toraja","Kepulauan Riau"
"menunjuk","5","Bahasa Toraja","Kepulauan Riau"
"menunjukkan","5","Bahasa Toraja","Kepulauan Riau"
"menuntaskan","5","Bahasa Toraja","Kepulauan Riau"
"menuntut","5","Bahasa Toraja","Kepulauan Riau"
"menurun","5","Bahasa Toraja","Kepulauan Riau"
"menurunkan","5","Bahasa Toraja","Kepulauan Riau"
"menurunnya","5","Bahasa Toraja","Kepulauan Riau"
"menurut","5","Bahasa Toraja","Kepulauan Riau"
"menusuk","5","Bahasa Toraja","Kepulauan Riau"
"menutupi","5","Bahasa Toraja","Kepulauan Riau"
"menutupkan","5","Bahasa Toraja","Kepulauan Riau"
"menuturkan","5","Bahasa Toraja","Kepulauan Riau"
"menyabet","5","Bahasa Toraja","Kepulauan Riau"
"menyadap","5","Bahasa Toraja","Kepulauan Riau"
"menyadari","5","Bahasa Toraja","Kepulauan Riau"
"menyakitkan","5","Bahasa Toraja","Kepulauan Riau"
"menyaksikan","5","Bahasa Toraja","Kepulauan Riau"
"menyala","5","Bahasa Toraja","Kepulauan Riau"
"menyalahi","5","Bahasa Toraja","Kepulauan Riau"
"menyalurkan","5","Bahasa Toraja","Kepulauan Riau"
"menyamai","5","Bahasa Toraja","Kepulauan Riau"
"menyamakan","5","Bahasa Toraja","Kepulauan Riau"
"menyamar","5","Bahasa Toraja","Kepulauan Riau"
"menyambar","5","Bahasa Toraja","Kepulauan Riau"
"menyapu","5","Bahasa Toraja","Kepulauan Riau"
"menyaring","5","Bahasa Toraja","Kepulauan Riau"
"menyerbu","5","Bahasa Toraja","Kepulauan Riau"
"menyeringai","5","Bahasa Toraja","Kepulauan Riau"
"menyerupai","5","Bahasa Toraja","Kepulauan Riau"
"menyumbat","5","Bahasa Toraja","Kepulauan Riau"
"menyurati","5","Bahasa Toraja","Kepulauan Riau"
"menyusul","5","Bahasa Toraja","Kepulauan Riau"
"menyusun","5","Bahasa Toraja","Kepulauan Riau"
"Merah","5","Bahasa Toraja","Kepulauan Riau"
"Merah jambu","5","Bahasa Toraja","Kepulauan Riau"
"Merah marun","5","Bahasa Toraja","Kepulauan Riau"
"merasa","5","Bahasa Toraja","Kepulauan Riau"
"merubah","5","Bahasa Toraja","Kepulauan Riau"
"Minuman","5","Bahasa Toraja","Kepulauan Riau"
"Mobil","5","Bahasa Toraja","Kepulauan Riau"
"mungkin","5","Bahasa Toraja","Kepulauan Riau"
"negatif","5","Bahasa Toraja","Kepulauan Riau"
"negeri","5","Bahasa Toraja","Kepulauan Riau"
"nelayan","5","Bahasa Toraja","Kepulauan Riau"
"nenek","5","Bahasa Toraja","Kepulauan Riau"
"niat","5","Bahasa Toraja","Kepulauan Riau"
"orang","5","Bahasa Toraja","Kepulauan Riau"
"pacet","5","Bahasa Toraja","Kepulauan Riau"
"pada","5","Bahasa Toraja","Kepulauan Riau"
"padahal","5","Bahasa Toraja","Kepulauan Riau"
"padam","5","Bahasa Toraja","Kepulauan Riau"
"padat","5","Bahasa Toraja","Kepulauan Riau"
"padi","5","Bahasa Toraja","Kepulauan Riau"
"paha","5","Bahasa Toraja","Kepulauan Riau"
"paham","5","Bahasa Toraja","Kepulauan Riau"
"pahlawan","5","Bahasa Toraja","Kepulauan Riau"
"pakai","5","Bahasa Toraja","Kepulauan Riau"
"pakaian","5","Bahasa Toraja","Kepulauan Riau"
"palsu","5","Bahasa Toraja","Kepulauan Riau"
"palu","5","Bahasa Toraja","Kepulauan Riau"
"panjang","5","Bahasa Toraja","Kepulauan Riau"
"pantai","5","Bahasa Toraja","Kepulauan Riau"
"papan","5","Bahasa Toraja","Kepulauan Riau"
"parah","5","Bahasa Toraja","Kepulauan Riau"
"pedas","5","Bahasa Toraja","Kepulauan Riau"
"pedih","5","Bahasa Toraja","Kepulauan Riau"
"pejuang","5","Bahasa Toraja","Kepulauan Riau"
"pelabuhan","5","Bahasa Toraja","Kepulauan Riau"
"pelihara","5","Bahasa Toraja","Kepulauan Riau"
"pemain","5","Bahasa Toraja","Kepulauan Riau"
"pemilik","5","Bahasa Toraja","Kepulauan Riau"
"pemuda","5","Bahasa Toraja","Kepulauan Riau"
"penakut","5","Bahasa Toraja","Kepulauan Riau"
"pengemudi","5","Bahasa Toraja","Kepulauan Riau"
"penyu","5","Bahasa Toraja","Kepulauan Riau"
"Perak","5","Bahasa Toraja","Kepulauan Riau"
"pergi","5","Bahasa Toraja","Kepulauan Riau"
"Perhiasan","5","Bahasa Toraja","Kepulauan Riau"
"perunggu","5","Bahasa Toraja","Kepulauan Riau"
"perusahaan","5","Bahasa Toraja","Kepulauan Riau"
"pesan","5","Bahasa Toraja","Kepulauan Riau"
"pesanan","5","Bahasa Toraja","Kepulauan Riau"
"pesantren","5","Bahasa Toraja","Kepulauan Riau"
"pesing","5","Bahasa Toraja","Kepulauan Riau"
"pesisir","5","Bahasa Toraja","Kepulauan Riau"
"petai","5","Bahasa Toraja","Kepulauan Riau"
"petang","5","Bahasa Toraja","Kepulauan Riau"
"petani","5","Bahasa Toraja","Kepulauan Riau"
"petaninya","5","Bahasa Toraja","Kepulauan Riau"
"pintu","5","Bahasa Toraja","Kepulauan Riau"
"pisau","5","Bahasa Toraja","Kepulauan Riau"
"pohon","5","Bahasa Toraja","Kepulauan Riau"
"prakteknya","5","Bahasa Toraja","Kepulauan Riau"
"pria","5","Bahasa Toraja","Kepulauan Riau"
"pribadi","5","Bahasa Toraja","Kepulauan Riau"
"pribumi","5","Bahasa Toraja","Kepulauan Riau"
"produk","5","Bahasa Toraja","Kepulauan Riau"
"produksi","5","Bahasa Toraja","Kepulauan Riau"
"program","5","Bahasa Toraja","Kepulauan Riau"
"pudar","5","Bahasa Toraja","Kepulauan Riau"
"pula","5","Bahasa Toraja","Kepulauan Riau"
"pulang","5","Bahasa Toraja","Kepulauan Riau"
"pusat","5","Bahasa Toraja","Kepulauan Riau"
"putar","5","Bahasa Toraja","Kepulauan Riau"
"putih","5","Bahasa Toraja","Kepulauan Riau"
"rakyat","5","Bahasa Toraja","Kepulauan Riau"
"ramadhan","5","Bahasa Toraja","Kepulauan Riau"
"rambut","5","Bahasa Toraja","Kepulauan Riau"
"rame","5","Bahasa Toraja","Kepulauan Riau"
"rampok","5","Bahasa Toraja","Kepulauan Riau"
"rapi","5","Bahasa Toraja","Kepulauan Riau"
"rasa","5","Bahasa Toraja","Kepulauan Riau"
"rata","5","Bahasa Toraja","Kepulauan Riau"
"ratu","5","Bahasa Toraja","Kepulauan Riau"
"rawa","5","Bahasa Toraja","Kepulauan Riau"
"rayap","5","Bahasa Toraja","Kepulauan Riau"
"remaja","5","Bahasa Toraja","Kepulauan Riau"
"rindu","5","Bahasa Toraja","Kepulauan Riau"
"rokok","5","Bahasa Toraja","Kepulauan Riau"
"rokoknya","5","Bahasa Toraja","Kepulauan Riau"
"rontok","5","Bahasa Toraja","Kepulauan Riau"
"rotan","5","Bahasa Toraja","Kepulauan Riau"
"ruangan","5","Bahasa Toraja","Kepulauan Riau"
"rugi","5","Bahasa Toraja","Kepulauan Riau"
"rujukan","5","Bahasa Toraja","Kepulauan Riau"
"rukun","5","Bahasa Toraja","Kepulauan Riau"
"rumah","5","Bahasa Toraja","Kepulauan Riau"
"rumah tangga","5","Bahasa Toraja","Kepulauan Riau"
"rumpun","5","Bahasa Toraja","Kepulauan Riau"
"rupanya","5","Bahasa Toraja","Kepulauan Riau"
"rusa","5","Bahasa Toraja","Kepulauan Riau"
"rutinnya","5","Bahasa Toraja","Kepulauan Riau"
"saat","5","Bahasa Toraja","Kepulauan Riau"
"sakit-sakitan","5","Bahasa Toraja","Kepulauan Riau"
"saksikan","5","Bahasa Toraja","Kepulauan Riau"
"salah satu","5","Bahasa Toraja","Kepulauan Riau"
"salah satunya","5","Bahasa Toraja","Kepulauan Riau"
"seberang","5","Bahasa Toraja","Kepulauan Riau"
"seberapa","5","Bahasa Toraja","Kepulauan Riau"
"sejajar","5","Bahasa Toraja","Kepulauan Riau"
"sejalan","5","Bahasa Toraja","Kepulauan Riau"
"sejarah","5","Bahasa Toraja","Kepulauan Riau"
"sekolah","5","Bahasa Toraja","Kepulauan Riau"
"sekolahnya","5","Bahasa Toraja","Kepulauan Riau"
"sekongkol","5","Bahasa Toraja","Kepulauan Riau"
"sekotamadya","5","Bahasa Toraja","Kepulauan Riau"
"seks","5","Bahasa Toraja","Kepulauan Riau"
"sekurang-kurangnya","5","Bahasa Toraja","Kepulauan Riau"
"sel","5","Bahasa Toraja","Kepulauan Riau"
"selain","5","Bahasa Toraja","Kepulauan Riau"
"selain itu","5","Bahasa Toraja","Kepulauan Riau"
"selaku","5","Bahasa Toraja","Kepulauan Riau"
"sempitnya","5","Bahasa Toraja","Kepulauan Riau"
"sempurna","5","Bahasa Toraja","Kepulauan Riau"
"semut","5","Bahasa Toraja","Kepulauan Riau"
"senang","5","Bahasa Toraja","Kepulauan Riau"
"senapan","5","Bahasa Toraja","Kepulauan Riau"
"senapannya","5","Bahasa Toraja","Kepulauan Riau"
"senat","5","Bahasa Toraja","Kepulauan Riau"
"senator","5","Bahasa Toraja","Kepulauan Riau"
"sendirian","5","Bahasa Toraja","Kepulauan Riau"
"sendok","5","Bahasa Toraja","Kepulauan Riau"
"seng","5","Bahasa Toraja","Kepulauan Riau"
"senggol","5","Bahasa Toraja","Kepulauan Riau"
"sengsara","5","Bahasa Toraja","Kepulauan Riau"
"Seni","5","Bahasa Toraja","Kepulauan Riau"
"sentuh","5","Bahasa Toraja","Kepulauan Riau"
"sering","5","Bahasa Toraja","Kepulauan Riau"
"sesuai","5","Bahasa Toraja","Kepulauan Riau"
"sial","5","Bahasa Toraja","Kepulauan Riau"
"siap","5","Bahasa Toraja","Kepulauan Riau"
"siapa","5","Bahasa Toraja","Kepulauan Riau"
"siapakah","5","Bahasa Toraja","Kepulauan Riau"
"siapapun","5","Bahasa Toraja","Kepulauan Riau"
"siapkan","5","Bahasa Toraja","Kepulauan Riau"
"sifat","5","Bahasa Toraja","Kepulauan Riau"
"simpul","5","Bahasa Toraja","Kepulauan Riau"
"sindiran","5","Bahasa Toraja","Kepulauan Riau"
"singa","5","Bahasa Toraja","Kepulauan Riau"
"singkat","5","Bahasa Toraja","Kepulauan Riau"
"singkatan","5","Bahasa Toraja","Kepulauan Riau"
"singkong","5","Bahasa Toraja","Kepulauan Riau"
"suami","5","Bahasa Toraja","Kepulauan Riau"
"suamiku","5","Bahasa Toraja","Kepulauan Riau"
"suaminya","5","Bahasa Toraja","Kepulauan Riau"
"suara","5","Bahasa Toraja","Kepulauan Riau"
"suaranya","5","Bahasa Toraja","Kepulauan Riau"
"suci","5","Bahasa Toraja","Kepulauan Riau"
"sulit","5","Bahasa Toraja","Kepulauan Riau"
"sumur","5","Bahasa Toraja","Kepulauan Riau"
"sungai","5","Bahasa Toraja","Kepulauan Riau"
"supaya","5","Bahasa Toraja","Kepulauan Riau"
"susu","5","Bahasa Toraja","Kepulauan Riau"
"susunan","5","Bahasa Toraja","Kepulauan Riau"
"taat","5","Bahasa Toraja","Kepulauan Riau"
"tabiat","5","Bahasa Toraja","Kepulauan Riau"
"tablig","5","Bahasa Toraja","Kepulauan Riau"
"tabu","5","Bahasa Toraja","Kepulauan Riau"
"tadi","5","Bahasa Toraja","Kepulauan Riau"
"takut","5","Bahasa Toraja","Kepulauan Riau"
"tambahan","5","Bahasa Toraja","Kepulauan Riau"
"tambat","5","Bahasa Toraja","Kepulauan Riau"
"tampak","5","Bahasa Toraja","Kepulauan Riau"
"tampung","5","Bahasa Toraja","Kepulauan Riau"
"tamu","5","Bahasa Toraja","Kepulauan Riau"
"tanam","5","Bahasa Toraja","Kepulauan Riau"
"tegas","5","Bahasa Toraja","Kepulauan Riau"
"teguh","5","Bahasa Toraja","Kepulauan Riau"
"tema","5","Bahasa Toraja","Kepulauan Riau"
"teman","5","Bahasa Toraja","Kepulauan Riau"
"tenaga","5","Bahasa Toraja","Kepulauan Riau"
"tenang","5","Bahasa Toraja","Kepulauan Riau"
"tentu","5","Bahasa Toraja","Kepulauan Riau"
"teorinya","5","Bahasa Toraja","Kepulauan Riau"
"tepat","5","Bahasa Toraja","Kepulauan Riau"
"tepatnya","5","Bahasa Toraja","Kepulauan Riau"
"tepung","5","Bahasa Toraja","Kepulauan Riau"
"terakhir","5","Bahasa Toraja","Kepulauan Riau"
"teralami","5","Bahasa Toraja","Kepulauan Riau"
"teramati","5","Bahasa Toraja","Kepulauan Riau"
"terang","5","Bahasa Toraja","Kepulauan Riau"
"terigu","5","Bahasa Toraja","Kepulauan Riau"
"terima","5","Bahasa Toraja","Kepulauan Riau"
"terima kasih","5","Bahasa Toraja","Kepulauan Riau"
"tewas","5","Bahasa Toraja","Kepulauan Riau"
"tiba","5","Bahasa Toraja","Kepulauan Riau"
"tikus","5","Bahasa Toraja","Kepulauan Riau"
"tinggal","5","Bahasa Toraja","Kepulauan Riau"
"tokoh","5","Bahasa Toraja","Kepulauan Riau"
"tolak","5","Bahasa Toraja","Kepulauan Riau"
"toleransi","5","Bahasa Toraja","Kepulauan Riau"
"tolong","5","Bahasa Toraja","Kepulauan Riau"
"tuan","5","Bahasa Toraja","Kepulauan Riau"
"tumbuh","5","Bahasa Toraja","Kepulauan Riau"
"Tumbuhan","5","Bahasa Toraja","Kepulauan Riau"
"tumpul","5","Bahasa Toraja","Kepulauan Riau"
"tupai","5","Bahasa Toraja","Kepulauan Riau"
"udang","5","Bahasa Toraja","Kepulauan Riau"
"ular","5","Bahasa Toraja","Kepulauan Riau"
"ulat","5","Bahasa Toraja","Kepulauan Riau"
"umat","5","Bahasa Toraja","Kepulauan Riau"
"umbi","5","Bahasa Toraja","Kepulauan Riau"
"umpama","5","Bahasa Toraja","Kepulauan Riau"
"upacara","5","Bahasa Toraja","Kepulauan Riau"
"urusan","5","Bahasa Toraja","Kepulauan Riau"
"usaha","5","Bahasa Toraja","Kepulauan Riau"
"usia","5","Bahasa Toraja","Kepulauan Riau"
"usul","5","Bahasa Toraja","Kepulauan Riau"
"usus","5","Bahasa Toraja","Kepulauan Riau"
"utama","5","Bahasa Toraja","Kepulauan Riau"
"utang","5","Bahasa Toraja","Kepulauan Riau"
"utara","5","Bahasa Toraja","Kepulauan Riau"
"Violet","5","Bahasa Toraja","Kepulauan Riau"
"wajah","5","Bahasa Toraja","Kepulauan Riau"
"wajahnya","5","Bahasa Toraja","Kepulauan Riau"
"wajar","5","Bahasa Toraja","Kepulauan Riau"
"wajib","5","Bahasa Toraja","Kepulauan Riau"
"waktunya","5","Bahasa Toraja","Kepulauan Riau"
"wanita","5","Bahasa Toraja","Kepulauan Riau"
"warna","5","Bahasa Toraja","Kepulauan Riau"