"abad","1","Bahasa Tidore","Maluku Utara"
"abadi","2","Bahasa Tidore","Maluku Utara"
"abang","3","Bahasa Tidore","Maluku Utara"
"acak","4","Bahasa Tidore","Maluku Utara"
"acara","5","Bahasa Tidore","Maluku Utara"
"acaranya","5","Bahasa Tidore","Maluku Utara"
"ada","5","Bahasa Tidore","Maluku Utara"
"adu","5","Bahasa Tidore","Maluku Utara"
"agak","5","Bahasa Tidore","Maluku Utara"
"agar","5","Bahasa Tidore","Maluku Utara"
"air","5","Bahasa Tidore","Maluku Utara"
"ajaran","5","Bahasa Tidore","Maluku Utara"
"akal","5","Bahasa Tidore","Maluku Utara"
"akan","5","Bahasa Tidore","Maluku Utara"
"akar","5","Bahasa Tidore","Maluku Utara"
"akhir","5","Bahasa Tidore","Maluku Utara"
"akhirat","5","Bahasa Tidore","Maluku Utara"
"akhirnya","5","Bahasa Tidore","Maluku Utara"
"akibat","5","Bahasa Tidore","Maluku Utara"
"aktif","5","Bahasa Tidore","Maluku Utara"
"akun","5","Bahasa Tidore","Maluku Utara"
"akur","5","Bahasa Tidore","Maluku Utara"
"alam","5","Bahasa Tidore","Maluku Utara"
"alamat","5","Bahasa Tidore","Maluku Utara"
"aman","5","Bahasa Tidore","Maluku Utara"
"amanah","5","Bahasa Tidore","Maluku Utara"
"anak","5","Bahasa Tidore","Maluku Utara"
"anak-anak","5","Bahasa Tidore","Maluku Utara"
"anggota","5","Bahasa Tidore","Maluku Utara"
"angsa","5","Bahasa Tidore","Maluku Utara"
"anjing","5","Bahasa Tidore","Maluku Utara"
"anting","5","Bahasa Tidore","Maluku Utara"
"antri","5","Bahasa Tidore","Maluku Utara"
"anugerah","5","Bahasa Tidore","Maluku Utara"
"apa","5","Bahasa Tidore","Maluku Utara"
"api","5","Bahasa Tidore","Maluku Utara"
"asin","5","Bahasa Tidore","Maluku Utara"
"asing","5","Bahasa Tidore","Maluku Utara"
"asli","5","Bahasa Tidore","Maluku Utara"
"aslinya","5","Bahasa Tidore","Maluku Utara"
"asri","5","Bahasa Tidore","Maluku Utara"
"asyik","5","Bahasa Tidore","Maluku Utara"
"atap","5","Bahasa Tidore","Maluku Utara"
"atas","5","Bahasa Tidore","Maluku Utara"
"atlet","5","Bahasa Tidore","Maluku Utara"
"awet","5","Bahasa Tidore","Maluku Utara"
"ayah","5","Bahasa Tidore","Maluku Utara"
"ayahnya","5","Bahasa Tidore","Maluku Utara"
"ayam","5","Bahasa Tidore","Maluku Utara"
"ayo","5","Bahasa Tidore","Maluku Utara"
"babak","5","Bahasa Tidore","Maluku Utara"
"babi","5","Bahasa Tidore","Maluku Utara"
"bacaan","5","Bahasa Tidore","Maluku Utara"
"bada","5","Bahasa Tidore","Maluku Utara"
"badakÂ ","5","Bahasa Tidore","Maluku Utara"
"bagian","5","Bahasa Tidore","Maluku Utara"
"bagus","5","Bahasa Tidore","Maluku Utara"
"bahagia","5","Bahasa Tidore","Maluku Utara"
"bahan","5","Bahasa Tidore","Maluku Utara"
"bahasa","5","Bahasa Tidore","Maluku Utara"
"bahkan","5","Bahasa Tidore","Maluku Utara"
"baik","5","Bahasa Tidore","Maluku Utara"
"baiknya","5","Bahasa Tidore","Maluku Utara"
"bait","5","Bahasa Tidore","Maluku Utara"
"baja","5","Bahasa Tidore","Maluku Utara"
"baju","5","Bahasa Tidore","Maluku Utara"
"bakal","5","Bahasa Tidore","Maluku Utara"
"bakar","5","Bahasa Tidore","Maluku Utara"
"bakat","5","Bahasa Tidore","Maluku Utara"
"bakti","5","Bahasa Tidore","Maluku Utara"
"balai","5","Bahasa Tidore","Maluku Utara"
"balas","5","Bahasa Tidore","Maluku Utara"
"balasan","5","Bahasa Tidore","Maluku Utara"
"balik","5","Bahasa Tidore","Maluku Utara"
"bambu","5","Bahasa Tidore","Maluku Utara"
"banding","5","Bahasa Tidore","Maluku Utara"
"banget","5","Bahasa Tidore","Maluku Utara"
"bangga","5","Bahasa Tidore","Maluku Utara"
"bangganya","5","Bahasa Tidore","Maluku Utara"
"bangkai","5","Bahasa Tidore","Maluku Utara"
"bangkit","5","Bahasa Tidore","Maluku Utara"
"bangsa","5","Bahasa Tidore","Maluku Utara"
"bangunan","5","Bahasa Tidore","Maluku Utara"
"banjir","5","Bahasa Tidore","Maluku Utara"
"bank","5","Bahasa Tidore","Maluku Utara"
"banteng","5","Bahasa Tidore","Maluku Utara"
"banting","5","Bahasa Tidore","Maluku Utara"
"bantingan","5","Bahasa Tidore","Maluku Utara"
"bantu","5","Bahasa Tidore","Maluku Utara"
"bantuan","5","Bahasa Tidore","Maluku Utara"
"banyak","5","Bahasa Tidore","Maluku Utara"
"bapak","5","Bahasa Tidore","Maluku Utara"
"barang","5","Bahasa Tidore","Maluku Utara"
"barangkali","5","Bahasa Tidore","Maluku Utara"
"basi","5","Bahasa Tidore","Maluku Utara"
"batuk","5","Bahasa Tidore","Maluku Utara"
"bau","5","Bahasa Tidore","Maluku Utara"
"bawah","5","Bahasa Tidore","Maluku Utara"
"Bawang Merah","5","Bahasa Tidore","Maluku Utara"
"Bawang Putih","5","Bahasa Tidore","Maluku Utara"
"bayi","5","Bahasa Tidore","Maluku Utara"
"beban","5","Bahasa Tidore","Maluku Utara"
"bebas","5","Bahasa Tidore","Maluku Utara"
"bekerja","5","Bahasa Tidore","Maluku Utara"
"belajar","5","Bahasa Tidore","Maluku Utara"
"belalang","5","Bahasa Tidore","Maluku Utara"
"belanja","5","Bahasa Tidore","Maluku Utara"
"belasan","5","Bahasa Tidore","Maluku Utara"
"beli","5","Bahasa Tidore","Maluku Utara"
"belum","5","Bahasa Tidore","Maluku Utara"
"bencana","5","Bahasa Tidore","Maluku Utara"
"benda","5","Bahasa Tidore","Maluku Utara"
"bendera","5","Bahasa Tidore","Maluku Utara"
"benih","5","Bahasa Tidore","Maluku Utara"
"bentuk","5","Bahasa Tidore","Maluku Utara"
"beradu","5","Bahasa Tidore","Maluku Utara"
"beragam","5","Bahasa Tidore","Maluku Utara"
"berair","5","Bahasa Tidore","Maluku Utara"
"beraksi","5","Bahasa Tidore","Maluku Utara"
"berang-berang","5","Bahasa Tidore","Maluku Utara"
"berani","5","Bahasa Tidore","Maluku Utara"
"berantakan","5","Bahasa Tidore","Maluku Utara"
"berapa","5","Bahasa Tidore","Maluku Utara"
"berapi","5","Bahasa Tidore","Maluku Utara"
"berarti","5","Bahasa Tidore","Maluku Utara"
"beras","5","Bahasa Tidore","Maluku Utara"
"berat","5","Bahasa Tidore","Maluku Utara"
"berayun","5","Bahasa Tidore","Maluku Utara"
"berbagai","5","Bahasa Tidore","Maluku Utara"
"berbagi","5","Bahasa Tidore","Maluku Utara"
"berbahaya","5","Bahasa Tidore","Maluku Utara"
"berbakti","5","Bahasa Tidore","Maluku Utara"
"berbantah","5","Bahasa Tidore","Maluku Utara"
"berbantahan","5","Bahasa Tidore","Maluku Utara"
"berbarengan","5","Bahasa Tidore","Maluku Utara"
"berbekal","5","Bahasa Tidore","Maluku Utara"
"berbisnis","5","Bahasa Tidore","Maluku Utara"
"berburu","5","Bahasa Tidore","Maluku Utara"
"bercakap","5","Bahasa Tidore","Maluku Utara"
"berceceran","5","Bahasa Tidore","Maluku Utara"
"bercengkrama","5","Bahasa Tidore","Maluku Utara"
"bercerai","5","Bahasa Tidore","Maluku Utara"
"bercermin","5","Bahasa Tidore","Maluku Utara"
"bercocok tanam","5","Bahasa Tidore","Maluku Utara"
"berdasar","5","Bahasa Tidore","Maluku Utara"
"berdecak","5","Bahasa Tidore","Maluku Utara"
"berdekatan","5","Bahasa Tidore","Maluku Utara"
"berdering","5","Bahasa Tidore","Maluku Utara"
"berdikari","5","Bahasa Tidore","Maluku Utara"
"berdiri","5","Bahasa Tidore","Maluku Utara"
"berdua","5","Bahasa Tidore","Maluku Utara"
"berduaan","5","Bahasa Tidore","Maluku Utara"
"beres","5","Bahasa Tidore","Maluku Utara"
"berfikir","5","Bahasa Tidore","Maluku Utara"
"berganti","5","Bahasa Tidore","Maluku Utara"
"bergelar","5","Bahasa Tidore","Maluku Utara"
"bergerak","5","Bahasa Tidore","Maluku Utara"
"berharap","5","Bahasa Tidore","Maluku Utara"
"berhenti","5","Bahasa Tidore","Maluku Utara"
"beri","5","Bahasa Tidore","Maluku Utara"
"beringas","5","Bahasa Tidore","Maluku Utara"
"berisi","5","Bahasa Tidore","Maluku Utara"
"berjuang","5","Bahasa Tidore","Maluku Utara"
"berjumpa","5","Bahasa Tidore","Maluku Utara"
"berlari","5","Bahasa Tidore","Maluku Utara"
"bermain","5","Bahasa Tidore","Maluku Utara"
"beruang","5","Bahasa Tidore","Maluku Utara"
"biawak","5","Bahasa Tidore","Maluku Utara"
"Binatang","5","Bahasa Tidore","Maluku Utara"
"Biru","5","Bahasa Tidore","Maluku Utara"
"Buah-buahan","5","Bahasa Tidore","Maluku Utara"
"buaya","5","Bahasa Tidore","Maluku Utara"
"Buku","5","Bahasa Tidore","Maluku Utara"
"bunda","5","Bahasa Tidore","Maluku Utara"
"bunga","5","Bahasa Tidore","Maluku Utara"
"bungkam","5","Bahasa Tidore","Maluku Utara"
"bungkuk","5","Bahasa Tidore","Maluku Utara"
"bungkus","5","Bahasa Tidore","Maluku Utara"
"bungkusnya","5","Bahasa Tidore","Maluku Utara"
"bunglon","5","Bahasa Tidore","Maluku Utara"
"bungsu","5","Bahasa Tidore","Maluku Utara"
"bunyi","5","Bahasa Tidore","Maluku Utara"
"buram","5","Bahasa Tidore","Maluku Utara"
"buruh","5","Bahasa Tidore","Maluku Utara"
"burung","5","Bahasa Tidore","Maluku Utara"
"buta","5","Bahasa Tidore","Maluku Utara"
"cabai","5","Bahasa Tidore","Maluku Utara"
"cabang","5","Bahasa Tidore","Maluku Utara"
"cacat","5","Bahasa Tidore","Maluku Utara"
"cacing","5","Bahasa Tidore","Maluku Utara"
"cadangan","5","Bahasa Tidore","Maluku Utara"
"cahaya","5","Bahasa Tidore","Maluku Utara"
"cakap","5","Bahasa Tidore","Maluku Utara"
"cakupan","5","Bahasa Tidore","Maluku Utara"
"calon","5","Bahasa Tidore","Maluku Utara"
"campur","5","Bahasa Tidore","Maluku Utara"
"campuran","5","Bahasa Tidore","Maluku Utara"
"capung","5","Bahasa Tidore","Maluku Utara"
"cara","5","Bahasa Tidore","Maluku Utara"
"cari","5","Bahasa Tidore","Maluku Utara"
"cecak","5","Bahasa Tidore","Maluku Utara"
"cemberut","5","Bahasa Tidore","Maluku Utara"
"cerdas","5","Bahasa Tidore","Maluku Utara"
"cicit","5","Bahasa Tidore","Maluku Utara"
"cincin","5","Bahasa Tidore","Maluku Utara"
"cinta","5","Bahasa Tidore","Maluku Utara"
"Coklat","5","Bahasa Tidore","Maluku Utara"
"cucu","5","Bahasa Tidore","Maluku Utara"
"dalam","5","Bahasa Tidore","Maluku Utara"
"dapat","5","Bahasa Tidore","Maluku Utara"
"dapur","5","Bahasa Tidore","Maluku Utara"
"debug","5","Bahasa Tidore","Maluku Utara"
"delta","5","Bahasa Tidore","Maluku Utara"
"dermawan","5","Bahasa Tidore","Maluku Utara"
"desain","5","Bahasa Tidore","Maluku Utara"
"detail","5","Bahasa Tidore","Maluku Utara"
"doktor","5","Bahasa Tidore","Maluku Utara"
"doktrin","5","Bahasa Tidore","Maluku Utara"
"dokumen","5","Bahasa Tidore","Maluku Utara"
"domba","5","Bahasa Tidore","Maluku Utara"
"dosa","5","Bahasa Tidore","Maluku Utara"
"duanya","5","Bahasa Tidore","Maluku Utara"
"dubur","5","Bahasa Tidore","Maluku Utara"
"duda","5","Bahasa Tidore","Maluku Utara"
"duduk","5","Bahasa Tidore","Maluku Utara"
"duitnya","5","Bahasa Tidore","Maluku Utara"
"dukung","5","Bahasa Tidore","Maluku Utara"
"dulunya","5","Bahasa Tidore","Maluku Utara"
"dunia","5","Bahasa Tidore","Maluku Utara"
"edarkan","5","Bahasa Tidore","Maluku Utara"
"ekor","5","Bahasa Tidore","Maluku Utara"
"Emas","5","Bahasa Tidore","Maluku Utara"
"embun","5","Bahasa Tidore","Maluku Utara"
"empat","5","Bahasa Tidore","Maluku Utara"
"empedu","5","Bahasa Tidore","Maluku Utara"
"empuk","5","Bahasa Tidore","Maluku Utara"
"enak","5","Bahasa Tidore","Maluku Utara"
"erat","5","Bahasa Tidore","Maluku Utara"
"fasih","5","Bahasa Tidore","Maluku Utara"
"februari","5","Bahasa Tidore","Maluku Utara"
"foto","5","Bahasa Tidore","Maluku Utara"
"fotonya","5","Bahasa Tidore","Maluku Utara"
"gajah","5","Bahasa Tidore","Maluku Utara"
"ganda","5","Bahasa Tidore","Maluku Utara"
"ganteng","5","Bahasa Tidore","Maluku Utara"
"garis","5","Bahasa Tidore","Maluku Utara"
"gelang","5","Bahasa Tidore","Maluku Utara"
"gerhana","5","Bahasa Tidore","Maluku Utara"
"geser","5","Bahasa Tidore","Maluku Utara"
"gesit","5","Bahasa Tidore","Maluku Utara"
"gigi","5","Bahasa Tidore","Maluku Utara"
"gila","5","Bahasa Tidore","Maluku Utara"
"Gitar","5","Bahasa Tidore","Maluku Utara"
"golok","5","Bahasa Tidore","Maluku Utara"
"gorila","5","Bahasa Tidore","Maluku Utara"
"gratisan","5","Bahasa Tidore","Maluku Utara"
"gudang","5","Bahasa Tidore","Maluku Utara"
"gula","5","Bahasa Tidore","Maluku Utara"
"gulat","5","Bahasa Tidore","Maluku Utara"
"gunanya","5","Bahasa Tidore","Maluku Utara"
"guncang","5","Bahasa Tidore","Maluku Utara"
"gunung","5","Bahasa Tidore","Maluku Utara"
"gurih","5","Bahasa Tidore","Maluku Utara"
"guru","5","Bahasa Tidore","Maluku Utara"
"habis","5","Bahasa Tidore","Maluku Utara"
"habis-habisan","5","Bahasa Tidore","Maluku Utara"
"habiskan","5","Bahasa Tidore","Maluku Utara"
"hadapi","5","Bahasa Tidore","Maluku Utara"
"hadir","5","Bahasa Tidore","Maluku Utara"
"hajat","5","Bahasa Tidore","Maluku Utara"
"haji","5","Bahasa Tidore","Maluku Utara"
"hak","5","Bahasa Tidore","Maluku Utara"
"hakim","5","Bahasa Tidore","Maluku Utara"
"hal","5","Bahasa Tidore","Maluku Utara"
"halangi","5","Bahasa Tidore","Maluku Utara"
"hambatan","5","Bahasa Tidore","Maluku Utara"
"hangat","5","Bahasa Tidore","Maluku Utara"
"hanyut","5","Bahasa Tidore","Maluku Utara"
"harga","5","Bahasa Tidore","Maluku Utara"
"harimau","5","Bahasa Tidore","Maluku Utara"
"harimau/macan","5","Bahasa Tidore","Maluku Utara"
"harinya","5","Bahasa Tidore","Maluku Utara"
"harum","5","Bahasa Tidore","Maluku Utara"
"harus","5","Bahasa Tidore","Maluku Utara"
"hasilnya","5","Bahasa Tidore","Maluku Utara"
"hati","5","Bahasa Tidore","Maluku Utara"
"hati-hati","5","Bahasa Tidore","Maluku Utara"
"hendak","5","Bahasa Tidore","Maluku Utara"
"hendaknya","5","Bahasa Tidore","Maluku Utara"
"herbivora","5","Bahasa Tidore","Maluku Utara"
"heroik","5","Bahasa Tidore","Maluku Utara"
"Hewan Peliharaan","5","Bahasa Tidore","Maluku Utara"
"hiburan","5","Bahasa Tidore","Maluku Utara"
"hidup","5","Bahasa Tidore","Maluku Utara"
"hidupnya","5","Bahasa Tidore","Maluku Utara"
"Hijau","5","Bahasa Tidore","Maluku Utara"
"hikmah","5","Bahasa Tidore","Maluku Utara"
"hitam","5","Bahasa Tidore","Maluku Utara"
"hitung","5","Bahasa Tidore","Maluku Utara"
"hiu","5","Bahasa Tidore","Maluku Utara"
"honor","5","Bahasa Tidore","Maluku Utara"
"hormat","5","Bahasa Tidore","Maluku Utara"
"hotel","5","Bahasa Tidore","Maluku Utara"
"ikan","5","Bahasa Tidore","Maluku Utara"
"ingin","5","Bahasa Tidore","Maluku Utara"
"intinya","5","Bahasa Tidore","Maluku Utara"
"istana","5","Bahasa Tidore","Maluku Utara"
"isteri","5","Bahasa Tidore","Maluku Utara"
"istirahat","5","Bahasa Tidore","Maluku Utara"
"istri","5","Bahasa Tidore","Maluku Utara"
"izin","5","Bahasa Tidore","Maluku Utara"
"jadi","5","Bahasa Tidore","Maluku Utara"
"jadwal","5","Bahasa Tidore","Maluku Utara"
"jagat","5","Bahasa Tidore","Maluku Utara"
"jago","5","Bahasa Tidore","Maluku Utara"
"Jahe","5","Bahasa Tidore","Maluku Utara"
"jahil","5","Bahasa Tidore","Maluku Utara"
"jahit","5","Bahasa Tidore","Maluku Utara"
"jajahan","5","Bahasa Tidore","Maluku Utara"
"jajaran","5","Bahasa Tidore","Maluku Utara"
"Jakarta","5","Bahasa Tidore","Maluku Utara"
"jalan","5","Bahasa Tidore","Maluku Utara"
"jalani","5","Bahasa Tidore","Maluku Utara"
"jalankan","5","Bahasa Tidore","Maluku Utara"
"jamur","5","Bahasa Tidore","Maluku Utara"
"janda","5","Bahasa Tidore","Maluku Utara"
"jangan","5","Bahasa Tidore","Maluku Utara"
"jangankan","5","Bahasa Tidore","Maluku Utara"
"jantan","5","Bahasa Tidore","Maluku Utara"
"jari","5","Bahasa Tidore","Maluku Utara"
"jaringan","5","Bahasa Tidore","Maluku Utara"
"jatuh","5","Bahasa Tidore","Maluku Utara"
"jawabnya","5","Bahasa Tidore","Maluku Utara"
"jelantah","5","Bahasa Tidore","Maluku Utara"
"jelek","5","Bahasa Tidore","Maluku Utara"
"Jenis Kain","5","Bahasa Tidore","Maluku Utara"
"jenis kelamin","5","Bahasa Tidore","Maluku Utara"
"jera","5","Bahasa Tidore","Maluku Utara"
"jerapah","5","Bahasa Tidore","Maluku Utara"
"Jeruk","5","Bahasa Tidore","Maluku Utara"
"Jeruk Nipis","5","Bahasa Tidore","Maluku Utara"
"Jeruk Purut","5","Bahasa Tidore","Maluku Utara"
"jewer","5","Bahasa Tidore","Maluku Utara"
"kagum","5","Bahasa Tidore","Maluku Utara"
"kail","5","Bahasa Tidore","Maluku Utara"
"karena","5","Bahasa Tidore","Maluku Utara"
"kebanyakan","5","Bahasa Tidore","Maluku Utara"
"kebijakan","5","Bahasa Tidore","Maluku Utara"
"kecintaan","5","Bahasa Tidore","Maluku Utara"
"kediaman","5","Bahasa Tidore","Maluku Utara"
"kedipan","5","Bahasa Tidore","Maluku Utara"
"kedudukan","5","Bahasa Tidore","Maluku Utara"
"kehilangan","5","Bahasa Tidore","Maluku Utara"
"kehilangan/kalah","5","Bahasa Tidore","Maluku Utara"
"kehormatan","5","Bahasa Tidore","Maluku Utara"
"kehutanan","5","Bahasa Tidore","Maluku Utara"
"kejam","5","Bahasa Tidore","Maluku Utara"
"kejar","5","Bahasa Tidore","Maluku Utara"
"kekacauan","5","Bahasa Tidore","Maluku Utara"
"kekar","5","Bahasa Tidore","Maluku Utara"
"kekayaan","5","Bahasa Tidore","Maluku Utara"
"kekhawatiran","5","Bahasa Tidore","Maluku Utara"
"kelak","5","Bahasa Tidore","Maluku Utara"
"kelas","5","Bahasa Tidore","Maluku Utara"
"keledai","5","Bahasa Tidore","Maluku Utara"
"kelelawar","5","Bahasa Tidore","Maluku Utara"
"kelihatan","5","Bahasa Tidore","Maluku Utara"
"kelihatannya","5","Bahasa Tidore","Maluku Utara"
"keliling","5","Bahasa Tidore","Maluku Utara"
"kelima","5","Bahasa Tidore","Maluku Utara"
"kelinci","5","Bahasa Tidore","Maluku Utara"
"keliru","5","Bahasa Tidore","Maluku Utara"
"kelompok","5","Bahasa Tidore","Maluku Utara"
"keluar","5","Bahasa Tidore","Maluku Utara"
"kelurahan","5","Bahasa Tidore","Maluku Utara"
"keluyuran","5","Bahasa Tidore","Maluku Utara"
"kemampuan","5","Bahasa Tidore","Maluku Utara"
"kemandirian","5","Bahasa Tidore","Maluku Utara"
"kemarau","5","Bahasa Tidore","Maluku Utara"
"kematian","5","Bahasa Tidore","Maluku Utara"
"kembali","5","Bahasa Tidore","Maluku Utara"
"kemekaran","5","Bahasa Tidore","Maluku Utara"
"Kemiri","5","Bahasa Tidore","Maluku Utara"
"kendaraan","5","Bahasa Tidore","Maluku Utara"
"kendati","5","Bahasa Tidore","Maluku Utara"
"kental","5","Bahasa Tidore","Maluku Utara"
"kentut","5","Bahasa Tidore","Maluku Utara"
"kepadanya","5","Bahasa Tidore","Maluku Utara"
"kepal","5","Bahasa Tidore","Maluku Utara"
"kepala","5","Bahasa Tidore","Maluku Utara"
"kepiting","5","Bahasa Tidore","Maluku Utara"
"kera/monyet","5","Bahasa Tidore","Maluku Utara"
"kerudung","5","Bahasa Tidore","Maluku Utara"
"kerusakan","5","Bahasa Tidore","Maluku Utara"
"kerusakannya","5","Bahasa Tidore","Maluku Utara"
"kesadaran","5","Bahasa Tidore","Maluku Utara"
"kesal","5","Bahasa Tidore","Maluku Utara"
"kesalahan","5","Bahasa Tidore","Maluku Utara"
"kesejahteraan","5","Bahasa Tidore","Maluku Utara"
"keselamatan","5","Bahasa Tidore","Maluku Utara"
"Ketumbar","5","Bahasa Tidore","Maluku Utara"
"kewajiban","5","Bahasa Tidore","Maluku Utara"
"kewalahan","5","Bahasa Tidore","Maluku Utara"
"keyakinan","5","Bahasa Tidore","Maluku Utara"
"kiamat","5","Bahasa Tidore","Maluku Utara"
"kidal","5","Bahasa Tidore","Maluku Utara"
"kilometer","5","Bahasa Tidore","Maluku Utara"
"kiosnya","5","Bahasa Tidore","Maluku Utara"
"kira","5","Bahasa Tidore","Maluku Utara"
"kiranya","5","Bahasa Tidore","Maluku Utara"
"kiri","5","Bahasa Tidore","Maluku Utara"
"kirim","5","Bahasa Tidore","Maluku Utara"
"kita","5","Bahasa Tidore","Maluku Utara"
"kodok","5","Bahasa Tidore","Maluku Utara"
"kok","5","Bahasa Tidore","Maluku Utara"
"kolom","5","Bahasa Tidore","Maluku Utara"
"koma","5","Bahasa Tidore","Maluku Utara"
"Kopi","5","Bahasa Tidore","Maluku Utara"
"korosi","5","Bahasa Tidore","Maluku Utara"
"krisis","5","Bahasa Tidore","Maluku Utara"
"kristen","5","Bahasa Tidore","Maluku Utara"
"kritik","5","Bahasa Tidore","Maluku Utara"
"kritis","5","Bahasa Tidore","Maluku Utara"
"kuasa","5","Bahasa Tidore","Maluku Utara"
"kuatir","5","Bahasa Tidore","Maluku Utara"
"kucing","5","Bahasa Tidore","Maluku Utara"
"kuda","5","Bahasa Tidore","Maluku Utara"
"kudeta","5","Bahasa Tidore","Maluku Utara"
"kue","5","Bahasa Tidore","Maluku Utara"
"kukuh","5","Bahasa Tidore","Maluku Utara"
"kulum","5","Bahasa Tidore","Maluku Utara"
"kumpul","5","Bahasa Tidore","Maluku Utara"
"kumur","5","Bahasa Tidore","Maluku Utara"
"kunang-kunang","5","Bahasa Tidore","Maluku Utara"
"kunci","5","Bahasa Tidore","Maluku Utara"
"kuning","5","Bahasa Tidore","Maluku Utara"
"Kunyit","5","Bahasa Tidore","Maluku Utara"
"kura-kura","5","Bahasa Tidore","Maluku Utara"
"kurang","5","Bahasa Tidore","Maluku Utara"
"kurus","5","Bahasa Tidore","Maluku Utara"
"kusut","5","Bahasa Tidore","Maluku Utara"
"laba-laba","5","Bahasa Tidore","Maluku Utara"
"lagu","5","Bahasa Tidore","Maluku Utara"
"lagunya","5","Bahasa Tidore","Maluku Utara"
"lahan","5","Bahasa Tidore","Maluku Utara"
"lahannya","5","Bahasa Tidore","Maluku Utara"
"lahir","5","Bahasa Tidore","Maluku Utara"
"lain","5","Bahasa Tidore","Maluku Utara"
"lainnya","5","Bahasa Tidore","Maluku Utara"
"laksamana","5","Bahasa Tidore","Maluku Utara"
"laku","5","Bahasa Tidore","Maluku Utara"
"lakukan","5","Bahasa Tidore","Maluku Utara"
"lalu","5","Bahasa Tidore","Maluku Utara"
"lalu lintas","5","Bahasa Tidore","Maluku Utara"
"lama","5","Bahasa Tidore","Maluku Utara"
"lancip","5","Bahasa Tidore","Maluku Utara"
"langganan","5","Bahasa Tidore","Maluku Utara"
"langit","5","Bahasa Tidore","Maluku Utara"
"langka","5","Bahasa Tidore","Maluku Utara"
"langkah","5","Bahasa Tidore","Maluku Utara"
"langkahi","5","Bahasa Tidore","Maluku Utara"
"lanjut","5","Bahasa Tidore","Maluku Utara"
"lanjutnya","5","Bahasa Tidore","Maluku Utara"
"lari","5","Bahasa Tidore","Maluku Utara"
"laron","5","Bahasa Tidore","Maluku Utara"
"latar","5","Bahasa Tidore","Maluku Utara"
"layak","5","Bahasa Tidore","Maluku Utara"
"lebah","5","Bahasa Tidore","Maluku Utara"
"lebar","5","Bahasa Tidore","Maluku Utara"
"lega","5","Bahasa Tidore","Maluku Utara"
"leher","5","Bahasa Tidore","Maluku Utara"
"lelah","5","Bahasa Tidore","Maluku Utara"
"lelaki","5","Bahasa Tidore","Maluku Utara"
"leluasa","5","Bahasa Tidore","Maluku Utara"
"leluhur","5","Bahasa Tidore","Maluku Utara"
"lemari","5","Bahasa Tidore","Maluku Utara"
"lembab","5","Bahasa Tidore","Maluku Utara"
"lempar","5","Bahasa Tidore","Maluku Utara"
"lengah","5","Bahasa Tidore","Maluku Utara"
"lengang","5","Bahasa Tidore","Maluku Utara"
"lengkap","5","Bahasa Tidore","Maluku Utara"
"lengkapnya","5","Bahasa Tidore","Maluku Utara"
"lengkong","5","Bahasa Tidore","Maluku Utara"
"lengkuas","5","Bahasa Tidore","Maluku Utara"
"lengkung","5","Bahasa Tidore","Maluku Utara"
"lepas","5","Bahasa Tidore","Maluku Utara"
"letkol","5","Bahasa Tidore","Maluku Utara"
"letnan","5","Bahasa Tidore","Maluku Utara"
"licik","5","Bahasa Tidore","Maluku Utara"
"lidah","5","Bahasa Tidore","Maluku Utara"
"lihat","5","Bahasa Tidore","Maluku Utara"
"lingkaran","5","Bahasa Tidore","Maluku Utara"
"lipat","5","Bahasa Tidore","Maluku Utara"
"lokasi","5","Bahasa Tidore","Maluku Utara"
"lomba","5","Bahasa Tidore","Maluku Utara"
"loncat","5","Bahasa Tidore","Maluku Utara"
"longgar","5","Bahasa Tidore","Maluku Utara"
"luar","5","Bahasa Tidore","Maluku Utara"
"luar biasa","5","Bahasa Tidore","Maluku Utara"
"lubang","5","Bahasa Tidore","Maluku Utara"
"lucu","5","Bahasa Tidore","Maluku Utara"
"luka","5","Bahasa Tidore","Maluku Utara"
"luka berat","5","Bahasa Tidore","Maluku Utara"
"lulus","5","Bahasa Tidore","Maluku Utara"
"lulusan","5","Bahasa Tidore","Maluku Utara"
"lumayan","5","Bahasa Tidore","Maluku Utara"
"lumba-lumba","5","Bahasa Tidore","Maluku Utara"
"lumut","5","Bahasa Tidore","Maluku Utara"
"lunak","5","Bahasa Tidore","Maluku Utara"
"lunas","5","Bahasa Tidore","Maluku Utara"
"luntur","5","Bahasa Tidore","Maluku Utara"
"lupa","5","Bahasa Tidore","Maluku Utara"
"lusa","5","Bahasa Tidore","Maluku Utara"
"lutut","5","Bahasa Tidore","Maluku Utara"
"maaf","5","Bahasa Tidore","Maluku Utara"
"mabuk","5","Bahasa Tidore","Maluku Utara"
"macam","5","Bahasa Tidore","Maluku Utara"
"madya","5","Bahasa Tidore","Maluku Utara"
"Magenta","5","Bahasa Tidore","Maluku Utara"
"maghrib","5","Bahasa Tidore","Maluku Utara"
"mahal","5","Bahasa Tidore","Maluku Utara"
"mahasiswa","5","Bahasa Tidore","Maluku Utara"
"mahir","5","Bahasa Tidore","Maluku Utara"
"malam","5","Bahasa Tidore","Maluku Utara"
"malas","5","Bahasa Tidore","Maluku Utara"
"mancung","5","Bahasa Tidore","Maluku Utara"
"mandek","5","Bahasa Tidore","Maluku Utara"
"mandi","5","Bahasa Tidore","Maluku Utara"
"manfaat","5","Bahasa Tidore","Maluku Utara"
"manfaatnya","5","Bahasa Tidore","Maluku Utara"
"manggis","5","Bahasa Tidore","Maluku Utara"
"manis","5","Bahasa Tidore","Maluku Utara"
"manja","5","Bahasa Tidore","Maluku Utara"
"manusia","5","Bahasa Tidore","Maluku Utara"
"manyun","5","Bahasa Tidore","Maluku Utara"
"marah","5","Bahasa Tidore","Maluku Utara"
"martabat","5","Bahasa Tidore","Maluku Utara"
"masa","5","Bahasa Tidore","Maluku Utara"
"masing","5","Bahasa Tidore","Maluku Utara"
"masjid","5","Bahasa Tidore","Maluku Utara"
"maskawin","5","Bahasa Tidore","Maluku Utara"
"massa","5","Bahasa Tidore","Maluku Utara"
"masuk","5","Bahasa Tidore","Maluku Utara"
"masyarakat","5","Bahasa Tidore","Maluku Utara"
"mata","5","Bahasa Tidore","Maluku Utara"
"matahari","5","Bahasa Tidore","Maluku Utara"
"matanya","5","Bahasa Tidore","Maluku Utara"
"Mawar","5","Bahasa Tidore","Maluku Utara"
"maya","5","Bahasa Tidore","Maluku Utara"
"media","5","Bahasa Tidore","Maluku Utara"
"medis","5","Bahasa Tidore","Maluku Utara"
"mei","5","Bahasa Tidore","Maluku Utara"
"meja","5","Bahasa Tidore","Maluku Utara"
"mekanik","5","Bahasa Tidore","Maluku Utara"
"mekaniknya","5","Bahasa Tidore","Maluku Utara"
"mekar","5","Bahasa Tidore","Maluku Utara"
"melacur","5","Bahasa Tidore","Maluku Utara"
"melakukan","5","Bahasa Tidore","Maluku Utara"
"melanda","5","Bahasa Tidore","Maluku Utara"
"melanggar","5","Bahasa Tidore","Maluku Utara"
"melanjutkan","5","Bahasa Tidore","Maluku Utara"
"melantik","5","Bahasa Tidore","Maluku Utara"
"melarikan","5","Bahasa Tidore","Maluku Utara"
"melayani","5","Bahasa Tidore","Maluku Utara"
"melecehkan","5","Bahasa Tidore","Maluku Utara"
"melekat","5","Bahasa Tidore","Maluku Utara"
"meleleh","5","Bahasa Tidore","Maluku Utara"
"melengkung","5","Bahasa Tidore","Maluku Utara"
"melengkungkan","5","Bahasa Tidore","Maluku Utara"
"melepaskan","5","Bahasa Tidore","Maluku Utara"
"meletakkan","5","Bahasa Tidore","Maluku Utara"
"meletus","5","Bahasa Tidore","Maluku Utara"
"melihat","5","Bahasa Tidore","Maluku Utara"
"melihat-lihat","5","Bahasa Tidore","Maluku Utara"
"melindungi","5","Bahasa Tidore","Maluku Utara"
"meliputi","5","Bahasa Tidore","Maluku Utara"
"melotot","5","Bahasa Tidore","Maluku Utara"
"melunakkan","5","Bahasa Tidore","Maluku Utara"
"melupakan","5","Bahasa Tidore","Maluku Utara"
"memadai","5","Bahasa Tidore","Maluku Utara"
"memagari","5","Bahasa Tidore","Maluku Utara"
"memahami","5","Bahasa Tidore","Maluku Utara"
"memakai","5","Bahasa Tidore","Maluku Utara"
"memakainya","5","Bahasa Tidore","Maluku Utara"
"memalukan","5","Bahasa Tidore","Maluku Utara"
"memancing","5","Bahasa Tidore","Maluku Utara"
"memandang","5","Bahasa Tidore","Maluku Utara"
"memanggang","5","Bahasa Tidore","Maluku Utara"
"memanggil/menelpon","5","Bahasa Tidore","Maluku Utara"
"memanjakan","5","Bahasa Tidore","Maluku Utara"
"memantau","5","Bahasa Tidore","Maluku Utara"
"memarahi","5","Bahasa Tidore","Maluku Utara"
"memastikan","5","Bahasa Tidore","Maluku Utara"
"memasukkan","5","Bahasa Tidore","Maluku Utara"
"mematuk","5","Bahasa Tidore","Maluku Utara"
"membaca","5","Bahasa Tidore","Maluku Utara"
"membacanya","5","Bahasa Tidore","Maluku Utara"
"membangkang","5","Bahasa Tidore","Maluku Utara"
"membangun","5","Bahasa Tidore","Maluku Utara"
"membantah","5","Bahasa Tidore","Maluku Utara"
"membantu","5","Bahasa Tidore","Maluku Utara"
"membara","5","Bahasa Tidore","Maluku Utara"
"membasuh","5","Bahasa Tidore","Maluku Utara"
"membatas","5","Bahasa Tidore","Maluku Utara"
"membawa","5","Bahasa Tidore","Maluku Utara"
"membayar","5","Bahasa Tidore","Maluku Utara"
"membeku","5","Bahasa Tidore","Maluku Utara"
"membeli","5","Bahasa Tidore","Maluku Utara"
"membendung","5","Bahasa Tidore","Maluku Utara"
"membentak","5","Bahasa Tidore","Maluku Utara"
"memberantas","5","Bahasa Tidore","Maluku Utara"
"memberi","5","Bahasa Tidore","Maluku Utara"
"memberitakan","5","Bahasa Tidore","Maluku Utara"
"membiarkan","5","Bahasa Tidore","Maluku Utara"
"membicarakan","5","Bahasa Tidore","Maluku Utara"
"membidik","5","Bahasa Tidore","Maluku Utara"
"membuat","5","Bahasa Tidore","Maluku Utara"
"membuatkan","5","Bahasa Tidore","Maluku Utara"
"membuka","5","Bahasa Tidore","Maluku Utara"
"membutuhkan","5","Bahasa Tidore","Maluku Utara"
"memegang","5","Bahasa Tidore","Maluku Utara"
"memelintir","5","Bahasa Tidore","Maluku Utara"
"memendekkan","5","Bahasa Tidore","Maluku Utara"
"memenuhi","5","Bahasa Tidore","Maluku Utara"
"memenuhinya","5","Bahasa Tidore","Maluku Utara"
"memerangi","5","Bahasa Tidore","Maluku Utara"
"memeras","5","Bahasa Tidore","Maluku Utara"
"memercik","5","Bahasa Tidore","Maluku Utara"
"memerlukan","5","Bahasa Tidore","Maluku Utara"
"memesan","5","Bahasa Tidore","Maluku Utara"
"memikirkannya","5","Bahasa Tidore","Maluku Utara"
"memikul","5","Bahasa Tidore","Maluku Utara"
"memilih","5","Bahasa Tidore","Maluku Utara"
"memimpin","5","Bahasa Tidore","Maluku Utara"
"meminta","5","Bahasa Tidore","Maluku Utara"
"meminum","5","Bahasa Tidore","Maluku Utara"
"memisahkan","5","Bahasa Tidore","Maluku Utara"
"memotong","5","Bahasa Tidore","Maluku Utara"
"mempelajari","5","Bahasa Tidore","Maluku Utara"
"mempengaruhi","5","Bahasa Tidore","Maluku Utara"
"memperbolehkannya","5","Bahasa Tidore","Maluku Utara"
"mempercayai","5","Bahasa Tidore","Maluku Utara"
"mempercayakan","5","Bahasa Tidore","Maluku Utara"
"memperingati","5","Bahasa Tidore","Maluku Utara"
"memperkenalkan","5","Bahasa Tidore","Maluku Utara"
"memperkuat","5","Bahasa Tidore","Maluku Utara"
"mempersiapkan","5","Bahasa Tidore","Maluku Utara"
"mempertanyakan","5","Bahasa Tidore","Maluku Utara"
"menabuh","5","Bahasa Tidore","Maluku Utara"
"menagih","5","Bahasa Tidore","Maluku Utara"
"menahan","5","Bahasa Tidore","Maluku Utara"
"menambah","5","Bahasa Tidore","Maluku Utara"
"menampilkan","5","Bahasa Tidore","Maluku Utara"
"menampung","5","Bahasa Tidore","Maluku Utara"
"menampungnya","5","Bahasa Tidore","Maluku Utara"
"menanam","5","Bahasa Tidore","Maluku Utara"
"menancap","5","Bahasa Tidore","Maluku Utara"
"menancapkan","5","Bahasa Tidore","Maluku Utara"
"menciptakan","5","Bahasa Tidore","Maluku Utara"
"mencoba","5","Bahasa Tidore","Maluku Utara"
"mendapat","5","Bahasa Tidore","Maluku Utara"
"mendengar","5","Bahasa Tidore","Maluku Utara"
"mendukung","5","Bahasa Tidore","Maluku Utara"
"menemui","5","Bahasa Tidore","Maluku Utara"
"menemukan","5","Bahasa Tidore","Maluku Utara"
"menerapkan","5","Bahasa Tidore","Maluku Utara"
"menerima","5","Bahasa Tidore","Maluku Utara"
"menerpa","5","Bahasa Tidore","Maluku Utara"
"menetes","5","Bahasa Tidore","Maluku Utara"
"mengantongi","5","Bahasa Tidore","Maluku Utara"
"mengapa","5","Bahasa Tidore","Maluku Utara"
"mengarak","5","Bahasa Tidore","Maluku Utara"
"mengatakan","5","Bahasa Tidore","Maluku Utara"
"mengatasi","5","Bahasa Tidore","Maluku Utara"
"mengayun","5","Bahasa Tidore","Maluku Utara"
"mengebutkan","5","Bahasa Tidore","Maluku Utara"
"mengecek","5","Bahasa Tidore","Maluku Utara"
"mengecer","5","Bahasa Tidore","Maluku Utara"
"mengecewakan","5","Bahasa Tidore","Maluku Utara"
"mengeduk","5","Bahasa Tidore","Maluku Utara"
"mengejar","5","Bahasa Tidore","Maluku Utara"
"mengelak","5","Bahasa Tidore","Maluku Utara"
"mengelas","5","Bahasa Tidore","Maluku Utara"
"mengelola","5","Bahasa Tidore","Maluku Utara"
"mengeluh","5","Bahasa Tidore","Maluku Utara"
"mengembalikan","5","Bahasa Tidore","Maluku Utara"
"mengembangkan","5","Bahasa Tidore","Maluku Utara"
"menggunakan","5","Bahasa Tidore","Maluku Utara"
"mengguncang","5","Bahasa Tidore","Maluku Utara"
"menghabiskan","5","Bahasa Tidore","Maluku Utara"
"menghadap","5","Bahasa Tidore","Maluku Utara"
"menghadapi","5","Bahasa Tidore","Maluku Utara"
"mengirim","5","Bahasa Tidore","Maluku Utara"
"mengirimkan","5","Bahasa Tidore","Maluku Utara"
"mengisi","5","Bahasa Tidore","Maluku Utara"
"mengizinkan","5","Bahasa Tidore","Maluku Utara"
"mengurusi","5","Bahasa Tidore","Maluku Utara"
"mengusir","5","Bahasa Tidore","Maluku Utara"
"mengusulkan","5","Bahasa Tidore","Maluku Utara"
"mengutamakan","5","Bahasa Tidore","Maluku Utara"
"mengutus","5","Bahasa Tidore","Maluku Utara"
"meniadakan","5","Bahasa Tidore","Maluku Utara"
"menikah","5","Bahasa Tidore","Maluku Utara"
"menikahi","5","Bahasa Tidore","Maluku Utara"
"menikahinya","5","Bahasa Tidore","Maluku Utara"
"menikmati","5","Bahasa Tidore","Maluku Utara"
"meniru","5","Bahasa Tidore","Maluku Utara"
"menistakan","5","Bahasa Tidore","Maluku Utara"
"menit","5","Bahasa Tidore","Maluku Utara"
"menitan","5","Bahasa Tidore","Maluku Utara"
"menjabat","5","Bahasa Tidore","Maluku Utara"
"menjadi","5","Bahasa Tidore","Maluku Utara"
"menjaga/menyimpan","5","Bahasa Tidore","Maluku Utara"
"menjahit","5","Bahasa Tidore","Maluku Utara"
"menjarangkan","5","Bahasa Tidore","Maluku Utara"
"menjawab","5","Bahasa Tidore","Maluku Utara"
"menjelaskan","5","Bahasa Tidore","Maluku Utara"
"menjerat","5","Bahasa Tidore","Maluku Utara"
"menjorok","5","Bahasa Tidore","Maluku Utara"
"menjual","5","Bahasa Tidore","Maluku Utara"
"menolak","5","Bahasa Tidore","Maluku Utara"
"menolong","5","Bahasa Tidore","Maluku Utara"
"menonton","5","Bahasa Tidore","Maluku Utara"
"mentah","5","Bahasa Tidore","Maluku Utara"
"menteri","5","Bahasa Tidore","Maluku Utara"
"menua","5","Bahasa Tidore","Maluku Utara"
"menuangkan","5","Bahasa Tidore","Maluku Utara"
"menuduh","5","Bahasa Tidore","Maluku Utara"
"menuju","5","Bahasa Tidore","Maluku Utara"
"menukar","5","Bahasa Tidore","Maluku Utara"
"menular","5","Bahasa Tidore","Maluku Utara"
"menulis","5","Bahasa Tidore","Maluku Utara"
"menuliskan","5","Bahasa Tidore","Maluku Utara"
"menuliskannya","5","Bahasa Tidore","Maluku Utara"
"menumbuhkan","5","Bahasa Tidore","Maluku Utara"
"menumpang","5","Bahasa Tidore","Maluku Utara"
"menumpuk","5","Bahasa Tidore","Maluku Utara"
"menundukkan","5","Bahasa Tidore","Maluku Utara"
"menunggu","5","Bahasa Tidore","Maluku Utara"
"menunjangnya","5","Bahasa Tidore","Maluku Utara"
"menunjuk","5","Bahasa Tidore","Maluku Utara"
"menunjukkan","5","Bahasa Tidore","Maluku Utara"
"menuntaskan","5","Bahasa Tidore","Maluku Utara"
"menuntut","5","Bahasa Tidore","Maluku Utara"
"menurun","5","Bahasa Tidore","Maluku Utara"
"menurunkan","5","Bahasa Tidore","Maluku Utara"
"menurunnya","5","Bahasa Tidore","Maluku Utara"
"menurut","5","Bahasa Tidore","Maluku Utara"
"menusuk","5","Bahasa Tidore","Maluku Utara"
"menutupi","5","Bahasa Tidore","Maluku Utara"
"menutupkan","5","Bahasa Tidore","Maluku Utara"
"menuturkan","5","Bahasa Tidore","Maluku Utara"
"menyabet","5","Bahasa Tidore","Maluku Utara"
"menyadap","5","Bahasa Tidore","Maluku Utara"
"menyadari","5","Bahasa Tidore","Maluku Utara"
"menyakitkan","5","Bahasa Tidore","Maluku Utara"
"menyaksikan","5","Bahasa Tidore","Maluku Utara"
"menyala","5","Bahasa Tidore","Maluku Utara"
"menyalahi","5","Bahasa Tidore","Maluku Utara"
"menyalurkan","5","Bahasa Tidore","Maluku Utara"
"menyamai","5","Bahasa Tidore","Maluku Utara"
"menyamakan","5","Bahasa Tidore","Maluku Utara"
"menyamar","5","Bahasa Tidore","Maluku Utara"
"menyambar","5","Bahasa Tidore","Maluku Utara"
"menyapu","5","Bahasa Tidore","Maluku Utara"
"menyaring","5","Bahasa Tidore","Maluku Utara"
"menyerbu","5","Bahasa Tidore","Maluku Utara"
"menyeringai","5","Bahasa Tidore","Maluku Utara"
"menyerupai","5","Bahasa Tidore","Maluku Utara"
"menyumbat","5","Bahasa Tidore","Maluku Utara"
"menyurati","5","Bahasa Tidore","Maluku Utara"
"menyusul","5","Bahasa Tidore","Maluku Utara"
"menyusun","5","Bahasa Tidore","Maluku Utara"
"Merah","5","Bahasa Tidore","Maluku Utara"
"Merah jambu","5","Bahasa Tidore","Maluku Utara"
"Merah marun","5","Bahasa Tidore","Maluku Utara"
"merasa","5","Bahasa Tidore","Maluku Utara"
"merubah","5","Bahasa Tidore","Maluku Utara"
"Minuman","5","Bahasa Tidore","Maluku Utara"
"Mobil","5","Bahasa Tidore","Maluku Utara"
"mungkin","5","Bahasa Tidore","Maluku Utara"
"negatif","5","Bahasa Tidore","Maluku Utara"
"negeri","5","Bahasa Tidore","Maluku Utara"
"nelayan","5","Bahasa Tidore","Maluku Utara"
"nenek","5","Bahasa Tidore","Maluku Utara"
"niat","5","Bahasa Tidore","Maluku Utara"
"orang","5","Bahasa Tidore","Maluku Utara"
"pacet","5","Bahasa Tidore","Maluku Utara"
"pada","5","Bahasa Tidore","Maluku Utara"
"padahal","5","Bahasa Tidore","Maluku Utara"
"padam","5","Bahasa Tidore","Maluku Utara"
"padat","5","Bahasa Tidore","Maluku Utara"
"padi","5","Bahasa Tidore","Maluku Utara"
"paha","5","Bahasa Tidore","Maluku Utara"
"paham","5","Bahasa Tidore","Maluku Utara"
"pahlawan","5","Bahasa Tidore","Maluku Utara"
"pakai","5","Bahasa Tidore","Maluku Utara"
"pakaian","5","Bahasa Tidore","Maluku Utara"
"palsu","5","Bahasa Tidore","Maluku Utara"
"palu","5","Bahasa Tidore","Maluku Utara"
"panjang","5","Bahasa Tidore","Maluku Utara"
"pantai","5","Bahasa Tidore","Maluku Utara"
"papan","5","Bahasa Tidore","Maluku Utara"
"parah","5","Bahasa Tidore","Maluku Utara"
"pedas","5","Bahasa Tidore","Maluku Utara"
"pedih","5","Bahasa Tidore","Maluku Utara"
"pejuang","5","Bahasa Tidore","Maluku Utara"
"pelabuhan","5","Bahasa Tidore","Maluku Utara"
"pelihara","5","Bahasa Tidore","Maluku Utara"
"pemain","5","Bahasa Tidore","Maluku Utara"
"pemilik","5","Bahasa Tidore","Maluku Utara"
"pemuda","5","Bahasa Tidore","Maluku Utara"
"penakut","5","Bahasa Tidore","Maluku Utara"
"pengemudi","5","Bahasa Tidore","Maluku Utara"
"penyu","5","Bahasa Tidore","Maluku Utara"
"Perak","5","Bahasa Tidore","Maluku Utara"
"pergi","5","Bahasa Tidore","Maluku Utara"
"Perhiasan","5","Bahasa Tidore","Maluku Utara"
"perunggu","5","Bahasa Tidore","Maluku Utara"
"perusahaan","5","Bahasa Tidore","Maluku Utara"
"pesan","5","Bahasa Tidore","Maluku Utara"
"pesanan","5","Bahasa Tidore","Maluku Utara"
"pesantren","5","Bahasa Tidore","Maluku Utara"
"pesing","5","Bahasa Tidore","Maluku Utara"
"pesisir","5","Bahasa Tidore","Maluku Utara"
"petai","5","Bahasa Tidore","Maluku Utara"
"petang","5","Bahasa Tidore","Maluku Utara"
"petani","5","Bahasa Tidore","Maluku Utara"
"petaninya","5","Bahasa Tidore","Maluku Utara"
"pintu","5","Bahasa Tidore","Maluku Utara"
"pisau","5","Bahasa Tidore","Maluku Utara"
"pohon","5","Bahasa Tidore","Maluku Utara"
"prakteknya","5","Bahasa Tidore","Maluku Utara"
"pria","5","Bahasa Tidore","Maluku Utara"
"pribadi","5","Bahasa Tidore","Maluku Utara"
"pribumi","5","Bahasa Tidore","Maluku Utara"
"produk","5","Bahasa Tidore","Maluku Utara"
"produksi","5","Bahasa Tidore","Maluku Utara"
"program","5","Bahasa Tidore","Maluku Utara"
"pudar","5","Bahasa Tidore","Maluku Utara"
"pula","5","Bahasa Tidore","Maluku Utara"
"pulang","5","Bahasa Tidore","Maluku Utara"
"pusat","5","Bahasa Tidore","Maluku Utara"
"putar","5","Bahasa Tidore","Maluku Utara"
"putih","5","Bahasa Tidore","Maluku Utara"
"rakyat","5","Bahasa Tidore","Maluku Utara"
"ramadhan","5","Bahasa Tidore","Maluku Utara"
"rambut","5","Bahasa Tidore","Maluku Utara"
"rame","5","Bahasa Tidore","Maluku Utara"
"rampok","5","Bahasa Tidore","Maluku Utara"
"rapi","5","Bahasa Tidore","Maluku Utara"
"rasa","5","Bahasa Tidore","Maluku Utara"
"rata","5","Bahasa Tidore","Maluku Utara"
"ratu","5","Bahasa Tidore","Maluku Utara"
"rawa","5","Bahasa Tidore","Maluku Utara"
"rayap","5","Bahasa Tidore","Maluku Utara"
"remaja","5","Bahasa Tidore","Maluku Utara"
"rindu","5","Bahasa Tidore","Maluku Utara"
"rokok","5","Bahasa Tidore","Maluku Utara"
"rokoknya","5","Bahasa Tidore","Maluku Utara"
"rontok","5","Bahasa Tidore","Maluku Utara"
"rotan","5","Bahasa Tidore","Maluku Utara"
"ruangan","5","Bahasa Tidore","Maluku Utara"
"rugi","5","Bahasa Tidore","Maluku Utara"
"rujukan","5","Bahasa Tidore","Maluku Utara"
"rukun","5","Bahasa Tidore","Maluku Utara"
"rumah","5","Bahasa Tidore","Maluku Utara"
"rumah tangga","5","Bahasa Tidore","Maluku Utara"
"rumpun","5","Bahasa Tidore","Maluku Utara"
"rupanya","5","Bahasa Tidore","Maluku Utara"
"rusa","5","Bahasa Tidore","Maluku Utara"
"rutinnya","5","Bahasa Tidore","Maluku Utara"
"saat","5","Bahasa Tidore","Maluku Utara"
"sakit-sakitan","5","Bahasa Tidore","Maluku Utara"
"saksikan","5","Bahasa Tidore","Maluku Utara"
"salah satu","5","Bahasa Tidore","Maluku Utara"
"salah satunya","5","Bahasa Tidore","Maluku Utara"
"seberang","5","Bahasa Tidore","Maluku Utara"
"seberapa","5","Bahasa Tidore","Maluku Utara"
"sejajar","5","Bahasa Tidore","Maluku Utara"
"sejalan","5","Bahasa Tidore","Maluku Utara"
"sejarah","5","Bahasa Tidore","Maluku Utara"
"sekolah","5","Bahasa Tidore","Maluku Utara"
"sekolahnya","5","Bahasa Tidore","Maluku Utara"
"sekongkol","5","Bahasa Tidore","Maluku Utara"
"sekotamadya","5","Bahasa Tidore","Maluku Utara"
"seks","5","Bahasa Tidore","Maluku Utara"
"sekurang-kurangnya","5","Bahasa Tidore","Maluku Utara"
"sel","5","Bahasa Tidore","Maluku Utara"
"selain","5","Bahasa Tidore","Maluku Utara"
"selain itu","5","Bahasa Tidore","Maluku Utara"
"selaku","5","Bahasa Tidore","Maluku Utara"
"sempitnya","5","Bahasa Tidore","Maluku Utara"
"sempurna","5","Bahasa Tidore","Maluku Utara"
"semut","5","Bahasa Tidore","Maluku Utara"
"senang","5","Bahasa Tidore","Maluku Utara"
"senapan","5","Bahasa Tidore","Maluku Utara"
"senapannya","5","Bahasa Tidore","Maluku Utara"
"senat","5","Bahasa Tidore","Maluku Utara"
"senator","5","Bahasa Tidore","Maluku Utara"
"sendirian","5","Bahasa Tidore","Maluku Utara"
"sendok","5","Bahasa Tidore","Maluku Utara"
"seng","5","Bahasa Tidore","Maluku Utara"
"senggol","5","Bahasa Tidore","Maluku Utara"
"sengsara","5","Bahasa Tidore","Maluku Utara"
"Seni","5","Bahasa Tidore","Maluku Utara"
"sentuh","5","Bahasa Tidore","Maluku Utara"
"sering","5","Bahasa Tidore","Maluku Utara"
"sesuai","5","Bahasa Tidore","Maluku Utara"
"sial","5","Bahasa Tidore","Maluku Utara"
"siap","5","Bahasa Tidore","Maluku Utara"
"siapa","5","Bahasa Tidore","Maluku Utara"
"siapakah","5","Bahasa Tidore","Maluku Utara"
"siapapun","5","Bahasa Tidore","Maluku Utara"
"siapkan","5","Bahasa Tidore","Maluku Utara"
"sifat","5","Bahasa Tidore","Maluku Utara"
"simpul","5","Bahasa Tidore","Maluku Utara"
"sindiran","5","Bahasa Tidore","Maluku Utara"
"singa","5","Bahasa Tidore","Maluku Utara"
"singkat","5","Bahasa Tidore","Maluku Utara"
"singkatan","5","Bahasa Tidore","Maluku Utara"
"singkong","5","Bahasa Tidore","Maluku Utara"
"suami","5","Bahasa Tidore","Maluku Utara"
"suamiku","5","Bahasa Tidore","Maluku Utara"
"suaminya","5","Bahasa Tidore","Maluku Utara"
"suara","5","Bahasa Tidore","Maluku Utara"
"suaranya","5","Bahasa Tidore","Maluku Utara"
"suci","5","Bahasa Tidore","Maluku Utara"
"sulit","5","Bahasa Tidore","Maluku Utara"
"sumur","5","Bahasa Tidore","Maluku Utara"
"sungai","5","Bahasa Tidore","Maluku Utara"
"supaya","5","Bahasa Tidore","Maluku Utara"
"susu","5","Bahasa Tidore","Maluku Utara"
"susunan","5","Bahasa Tidore","Maluku Utara"
"taat","5","Bahasa Tidore","Maluku Utara"
"tabiat","5","Bahasa Tidore","Maluku Utara"
"tablig","5","Bahasa Tidore","Maluku Utara"
"tabu","5","Bahasa Tidore","Maluku Utara"
"tadi","5","Bahasa Tidore","Maluku Utara"
"takut","5","Bahasa Tidore","Maluku Utara"
"tambahan","5","Bahasa Tidore","Maluku Utara"
"tambat","5","Bahasa Tidore","Maluku Utara"
"tampak","5","Bahasa Tidore","Maluku Utara"
"tampung","5","Bahasa Tidore","Maluku Utara"
"tamu","5","Bahasa Tidore","Maluku Utara"
"tanam","5","Bahasa Tidore","Maluku Utara"
"tegas","5","Bahasa Tidore","Maluku Utara"
"teguh","5","Bahasa Tidore","Maluku Utara"
"tema","5","Bahasa Tidore","Maluku Utara"
"teman","5","Bahasa Tidore","Maluku Utara"
"tenaga","5","Bahasa Tidore","Maluku Utara"
"tenang","5","Bahasa Tidore","Maluku Utara"
"tentu","5","Bahasa Tidore","Maluku Utara"
"teorinya","5","Bahasa Tidore","Maluku Utara"
"tepat","5","Bahasa Tidore","Maluku Utara"
"tepatnya","5","Bahasa Tidore","Maluku Utara"
"tepung","5","Bahasa Tidore","Maluku Utara"
"terakhir","5","Bahasa Tidore","Maluku Utara"
"teralami","5","Bahasa Tidore","Maluku Utara"
"teramati","5","Bahasa Tidore","Maluku Utara"
"terang","5","Bahasa Tidore","Maluku Utara"
"terigu","5","Bahasa Tidore","Maluku Utara"
"terima","5","Bahasa Tidore","Maluku Utara"
"terima kasih","5","Bahasa Tidore","Maluku Utara"
"tewas","5","Bahasa Tidore","Maluku Utara"
"tiba","5","Bahasa Tidore","Maluku Utara"
"tikus","5","Bahasa Tidore","Maluku Utara"
"tinggal","5","Bahasa Tidore","Maluku Utara"
"tokoh","5","Bahasa Tidore","Maluku Utara"
"tolak","5","Bahasa Tidore","Maluku Utara"
"toleransi","5","Bahasa Tidore","Maluku Utara"
"tolong","5","Bahasa Tidore","Maluku Utara"
"tuan","5","Bahasa Tidore","Maluku Utara"
"tumbuh","5","Bahasa Tidore","Maluku Utara"
"Tumbuhan","5","Bahasa Tidore","Maluku Utara"
"tumpul","5","Bahasa Tidore","Maluku Utara"
"tupai","5","Bahasa Tidore","Maluku Utara"
"udang","5","Bahasa Tidore","Maluku Utara"
"ular","5","Bahasa Tidore","Maluku Utara"
"ulat","5","Bahasa Tidore","Maluku Utara"
"umat","5","Bahasa Tidore","Maluku Utara"
"umbi","5","Bahasa Tidore","Maluku Utara"
"umpama","5","Bahasa Tidore","Maluku Utara"
"upacara","5","Bahasa Tidore","Maluku Utara"
"urusan","5","Bahasa Tidore","Maluku Utara"
"usaha","5","Bahasa Tidore","Maluku Utara"
"usia","5","Bahasa Tidore","Maluku Utara"
"usul","5","Bahasa Tidore","Maluku Utara"
"usus","5","Bahasa Tidore","Maluku Utara"
"utama","5","Bahasa Tidore","Maluku Utara"
"utang","5","Bahasa Tidore","Maluku Utara"
"utara","5","Bahasa Tidore","Maluku Utara"
"Violet","5","Bahasa Tidore","Maluku Utara"
"wajah","5","Bahasa Tidore","Maluku Utara"
"wajahnya","5","Bahasa Tidore","Maluku Utara"
"wajar","5","Bahasa Tidore","Maluku Utara"
"wajib","5","Bahasa Tidore","Maluku Utara"
"waktunya","5","Bahasa Tidore","Maluku Utara"
"wanita","5","Bahasa Tidore","Maluku Utara"
"warna","5","Bahasa Tidore","Maluku Utara"